// GENERATED by scripts/gen_recipe_font.py - do not edit.
//
// Small proportional bitmap fonts for the recipe page (build option `recipes`): Noto Sans,
// Copyright 2022 The Noto Project Authors, SIL Open Font License 1.1 (see
// docs/third_party/NotoSans-OFL.txt), rendered at each size with the font's own hinting in
// 1-bit mode. Code = Windows-1252 byte, 0x20..0xFF. The bitmaps are a derivative of the font;
// the license permits that, and they are not sold on their own.
// Source files (sha256): Regular 478c558ea716033c..., Bold 1df075a380fc7cb8...

#include "recipe_font.h"

// clang-format off

static const uint8_t bits_regular_12[] = {
    0x80, 0x80, 0x80, 0x80, 0x80, 0x80, 0x00, 0x80, 0x80, 0xa0, 0xa0, 0xa0, 0x14, 0x14, 0x7e, 0x24,
    0x24, 0xfe, 0x28, 0x48, 0x48, 0x20, 0x78, 0xa8, 0xa0, 0xe0, 0x38, 0x28, 0xa8, 0xf0, 0x20, 0xc2,
    0xa4, 0xa4, 0xaf, 0xb5, 0xd5, 0x25, 0x25, 0x47, 0x70, 0xc8, 0x58, 0x60, 0xf2, 0x9a, 0x8c, 0x8c,
    0x73, 0x80, 0x80, 0x80, 0x20, 0x40, 0x40, 0x40, 0x40, 0xc0, 0x40, 0x40, 0x40, 0x40, 0x20, 0xc0,
    0x40, 0x20, 0x20, 0x20, 0x20, 0x20, 0x20, 0x20, 0x40, 0xc0, 0x10, 0x10, 0xfc, 0x30, 0x28, 0x68,
    0x20, 0x20, 0xf8, 0x20, 0x20, 0x20, 0x40, 0x40, 0xc0, 0xe0, 0x80, 0x80, 0x10, 0x10, 0x20, 0x20,
    0x20, 0x40, 0x40, 0x40, 0x80, 0x70, 0x88, 0x88, 0x88, 0x88, 0x88, 0x88, 0x88, 0x70, 0x20, 0x60,
    0xa0, 0x20, 0x20, 0x20, 0x20, 0x20, 0x20, 0xf0, 0x88, 0x08, 0x08, 0x10, 0x20, 0x40, 0x80, 0xf8,
    0xf0, 0x88, 0x08, 0x18, 0x70, 0x08, 0x08, 0x08, 0xf0, 0x08, 0x18, 0x18, 0x28, 0x48, 0x48, 0xfe,
    0x08, 0x08, 0xf8, 0x80, 0x80, 0xf0, 0x08, 0x08, 0x08, 0x88, 0xf0, 0x38, 0xc0, 0x80, 0xf0, 0x88,
    0x88, 0x88, 0x88, 0x70, 0xf8, 0x08, 0x18, 0x10, 0x10, 0x20, 0x20, 0x40, 0x40, 0x70, 0x88, 0x88,
    0xd0, 0x70, 0x88, 0x88, 0x88, 0xf0, 0x70, 0x88, 0x88, 0x88, 0x88, 0x78, 0x08, 0x10, 0xe0, 0x80,
    0x80, 0x00, 0x00, 0x00, 0x80, 0x80, 0x40, 0x40, 0x00, 0x00, 0x00, 0x00, 0x40, 0x40, 0x80, 0x08,
    0x30, 0xc0, 0xe0, 0x18, 0x08, 0xf8, 0x00, 0x00, 0xf8, 0x80, 0x60, 0x18, 0x30, 0xc0, 0x80, 0xf0,
    0x08, 0x08, 0x10, 0x20, 0x20, 0x00, 0x20, 0x60, 0x3e, 0x00, 0x41, 0x00, 0x9c, 0x80, 0xa4, 0x80,
    0xa4, 0x80, 0xa4, 0x80, 0x9b, 0x00, 0x80, 0x00, 0x42, 0x00, 0x3e, 0x00, 0x10, 0x18, 0x28, 0x24,
    0x24, 0x7c, 0x42, 0x42, 0x83, 0xf8, 0x8c, 0x84, 0x8c, 0xf8, 0x84, 0x84, 0x84, 0xf8, 0x3c, 0x44,
    0x80, 0x80, 0x80, 0x80, 0x80, 0x40, 0x3c, 0xf8, 0x84, 0x82, 0x82, 0x82, 0x82, 0x86, 0x84, 0xf8,
    0xf8, 0x80, 0x80, 0x80, 0xf8, 0x80, 0x80, 0x80, 0xf8, 0xf8, 0x80, 0x80, 0x80, 0xf8, 0x80, 0x80,
    0x80, 0x80, 0x3e, 0x40, 0x80, 0x80, 0x8e, 0x82, 0x82, 0x42, 0x3e, 0x82, 0x82, 0x82, 0x82, 0xfe,
    0x82, 0x82, 0x82, 0x82, 0xf0, 0x60, 0x60, 0x60, 0x60, 0x60, 0x60, 0x60, 0xf0, 0x20, 0x20, 0x20,
    0x20, 0x20, 0x20, 0x20, 0x20, 0x20, 0x20, 0x20, 0xc0, 0x84, 0x88, 0x90, 0xa0, 0xe0, 0x90, 0x98,
    0x88, 0x84, 0x80, 0x80, 0x80, 0x80, 0x80, 0x80, 0x80, 0x80, 0xf8, 0xc1, 0x80, 0xc1, 0x80, 0xa2,
    0x80, 0xa2, 0x80, 0xa4, 0x80, 0x94, 0x80, 0x94, 0x80, 0x98, 0x80, 0x88, 0x80, 0xc2, 0xc2, 0xa2,
    0xb2, 0x92, 0x8a, 0x8e, 0x86, 0x86, 0x3c, 0x46, 0x82, 0x83, 0x83, 0x83, 0x82, 0x46, 0x3c, 0xf8,
    0x88, 0x84, 0x88, 0xf0, 0x80, 0x80, 0x80, 0x80, 0x3c, 0x46, 0x82, 0x83, 0x83, 0x83, 0x82, 0x46,
    0x3c, 0x0c, 0x06, 0xf8, 0x8c, 0x84, 0x88, 0xf0, 0x90, 0x88, 0x88, 0x84, 0x78, 0x80, 0x80, 0xc0,
    0x70, 0x18, 0x08, 0x08, 0xf0, 0xfe, 0x10, 0x10, 0x10, 0x10, 0x10, 0x10, 0x10, 0x10, 0x82, 0x82,
    0x82, 0x82, 0x82, 0x82, 0x82, 0xc4, 0x78, 0x82, 0x42, 0x44, 0x44, 0x24, 0x28, 0x28, 0x18, 0x10,
    0x84, 0x20, 0x46, 0x20, 0x4a, 0x40, 0x4a, 0x40, 0x4a, 0x40, 0x31, 0x40, 0x31, 0x80, 0x31, 0x80,
    0x31, 0x80, 0xc6, 0x44, 0x28, 0x38, 0x10, 0x28, 0x28, 0x44, 0x86, 0x86, 0x44, 0x4c, 0x28, 0x30,
    0x10, 0x10, 0x10, 0x10, 0x7c, 0x04, 0x08, 0x18, 0x10, 0x20, 0x20, 0x40, 0xfc, 0xe0, 0x80, 0x80,
    0x80, 0x80, 0x80, 0x80, 0x80, 0x80, 0x80, 0xe0, 0x80, 0x40, 0x40, 0x40, 0x20, 0x20, 0x20, 0x10,
    0x10, 0xe0, 0x20, 0x20, 0x20, 0x20, 0x20, 0x20, 0x20, 0x20, 0x20, 0xe0, 0x10, 0x30, 0x28, 0x48,
    0x44, 0xc4, 0xf8, 0xc0, 0x20, 0xf0, 0x08, 0x08, 0xf8, 0x88, 0x98, 0xe8, 0x80, 0x80, 0x80, 0xb8,
    0xc8, 0x84, 0x84, 0x84, 0xc8, 0xb8, 0x70, 0x80, 0x80, 0x80, 0x80, 0x80, 0x70, 0x08, 0x08, 0x08,
    0x78, 0x88, 0x88, 0x88, 0x88, 0x88, 0x78, 0x70, 0x88, 0x88, 0xf8, 0x80, 0x80, 0x78, 0x38, 0x60,
    0x40, 0xf0, 0x40, 0x40, 0x40, 0x40, 0x40, 0x40, 0x78, 0x88, 0x88, 0x88, 0x88, 0x88, 0x78, 0x08,
    0x08, 0xf0, 0x80, 0x80, 0x80, 0xb8, 0xc8, 0x88, 0x88, 0x88, 0x88, 0x88, 0x80, 0x00, 0x00, 0x80,
    0x80, 0x80, 0x80, 0x80, 0x80, 0x80, 0x20, 0x00, 0x00, 0x20, 0x20, 0x20, 0x20, 0x20, 0x20, 0x20,
    0x20, 0x20, 0xe0, 0x80, 0x80, 0x80, 0x98, 0x90, 0xa0, 0xe0, 0xb0, 0x90, 0x88, 0x80, 0x80, 0x80,
    0x80, 0x80, 0x80, 0x80, 0x80, 0x80, 0x80, 0xbb, 0x80, 0xcc, 0x80, 0x88, 0x80, 0x88, 0x80, 0x88,
    0x80, 0x88, 0x80, 0x88, 0x80, 0xb8, 0xc8, 0x88, 0x88, 0x88, 0x88, 0x88, 0x70, 0x88, 0x8c, 0x84,
    0x8c, 0x88, 0x70, 0xb8, 0xc8, 0x84, 0x84, 0x84, 0xc8, 0xb8, 0x80, 0x80, 0x80, 0x78, 0x88, 0x88,
    0x88, 0x88, 0x88, 0x78, 0x08, 0x08, 0x08, 0xb0, 0xc0, 0x80, 0x80, 0x80, 0x80, 0x80, 0xf0, 0x80,
    0x80, 0x60, 0x10, 0x10, 0xf0, 0x40, 0x40, 0xf0, 0x40, 0x40, 0x40, 0x40, 0x40, 0x30, 0x88, 0x88,
    0x88, 0x88, 0x88, 0x88, 0x78, 0x84, 0x4c, 0x48, 0x48, 0x38, 0x30, 0x30, 0x88, 0x80, 0x4c, 0x80,
    0x54, 0x80, 0x55, 0x00, 0x53, 0x00, 0x53, 0x00, 0x23, 0x00, 0xc4, 0x48, 0x30, 0x30, 0x30, 0x48,
    0xc4, 0x84, 0x4c, 0x48, 0x48, 0x28, 0x30, 0x30, 0x20, 0x20, 0xc0, 0x78, 0x08, 0x10, 0x20, 0x20,
    0x40, 0xf8, 0x30, 0x20, 0x20, 0x20, 0x20, 0xc0, 0x20, 0x20, 0x20, 0x20, 0x30, 0x80, 0x80, 0x80,
    0x80, 0x80, 0x80, 0x80, 0x80, 0x80, 0x80, 0x80, 0x80, 0x80, 0xc0, 0x20, 0x20, 0x20, 0x20, 0x10,
    0x20, 0x20, 0x20, 0x20, 0xc0, 0xe8, 0xb8, 0xf8, 0x88, 0x88, 0x88, 0x88, 0x88, 0x88, 0x88, 0xf8,
    0x1e, 0x20, 0x40, 0xf8, 0x40, 0xf8, 0x40, 0x20, 0x1c, 0x40, 0xc0, 0x80, 0x18, 0x20, 0x20, 0x78,
    0x20, 0x20, 0x20, 0x20, 0x20, 0x20, 0x20, 0xa0, 0xe0, 0x50, 0xd0, 0xa0, 0x92, 0x92, 0x60, 0x20,
    0x20, 0xf0, 0x20, 0x20, 0x20, 0x20, 0x60, 0x60, 0x60, 0x20, 0xf0, 0x20, 0x20, 0x60, 0x20, 0xf0,
    0x20, 0x60, 0x20, 0xd8, 0xc2, 0x00, 0xa4, 0x00, 0xa4, 0x00, 0xaf, 0x30, 0xb5, 0x50, 0xd5, 0x48,
    0x25, 0x48, 0x25, 0x50, 0x47, 0x30, 0xd8, 0x20, 0x00, 0x78, 0x80, 0x80, 0xc0, 0x70, 0x18, 0x08,
    0x08, 0xf0, 0x20, 0x20, 0xc0, 0x40, 0x20, 0x3f, 0x80, 0xc4, 0x00, 0x84, 0x00, 0x84, 0x00, 0x87,
    0x80, 0x84, 0x00, 0x84, 0x00, 0x44, 0x00, 0x3f, 0x80, 0x6c, 0x10, 0x00, 0x7c, 0x04, 0x08, 0x18,
    0x10, 0x20, 0x20, 0x40, 0xfc, 0x40, 0x40, 0x80, 0x40, 0xc0, 0x80, 0x50, 0x50, 0xb0, 0x50, 0xd0,
    0xa0, 0xc0, 0xe0, 0xc0, 0xfc, 0xff, 0xf0, 0x68, 0x90, 0xe9, 0x4d, 0x4f, 0x4f, 0xd8, 0x20, 0x00,
    0x78, 0x40, 0x40, 0x30, 0x08, 0x08, 0x78, 0xc0, 0x40, 0x20, 0x20, 0xc0, 0x73, 0x80, 0x8c, 0x80,
    0x8c, 0x40, 0x8f, 0xc0, 0x8c, 0x00, 0x8c, 0x00, 0x73, 0x80, 0xd8, 0x20, 0x00, 0x78, 0x08, 0x10,
    0x20, 0x20, 0x40, 0xf8, 0x28, 0x00, 0x86, 0x44, 0x4c, 0x28, 0x30, 0x10, 0x10, 0x10, 0x10, 0x80,
    0x80, 0x00, 0x80, 0x80, 0x80, 0x80, 0x80, 0x80, 0x80, 0x20, 0x78, 0xc0, 0x80, 0x80, 0x80, 0xc0,
    0x78, 0x20, 0x3c, 0x20, 0x20, 0x20, 0xf8, 0x20, 0x20, 0x40, 0xfc, 0xf8, 0x88, 0x88, 0x88, 0xf8,
    0xc6, 0x44, 0x68, 0x28, 0x38, 0x7c, 0x7c, 0x10, 0x10, 0x80, 0x80, 0x80, 0x80, 0x80, 0x00, 0x00,
    0x00, 0x80, 0x80, 0x80, 0x80, 0x80, 0xf0, 0x80, 0x80, 0xf0, 0x90, 0x90, 0x70, 0x10, 0x10, 0xf0,
    0xa0, 0x3c, 0x42, 0x9d, 0xa1, 0xa1, 0xa1, 0xa1, 0x99, 0x42, 0x3c, 0x60, 0x70, 0x90, 0x70, 0x2c,
    0x28, 0xd0, 0x58, 0x2c, 0xf8, 0x08, 0x08, 0xe0, 0x3c, 0x42, 0xb9, 0xa5, 0xa5, 0xb9, 0xa9, 0xa5,
    0x42, 0x3c, 0xfc, 0xe0, 0xa0, 0xa0, 0xe0, 0x20, 0x20, 0x20, 0xf8, 0x20, 0x20, 0x00, 0xf8, 0xe0,
    0x10, 0x10, 0x20, 0x40, 0xf0, 0x60, 0x90, 0x10, 0x60, 0x10, 0xe0, 0x60, 0xc0, 0x88, 0x88, 0x88,
    0x88, 0x88, 0x88, 0xf8, 0x80, 0x80, 0x80, 0x7c, 0xf4, 0xf4, 0xf4, 0xf4, 0xf4, 0x14, 0x14, 0x14,
    0x14, 0x14, 0x80, 0x80, 0x40, 0x20, 0xc0, 0x60, 0xa0, 0x20, 0x20, 0x20, 0x70, 0x90, 0x90, 0x90,
    0x60, 0xd0, 0x58, 0x2c, 0x28, 0xd0, 0x63, 0x00, 0xa2, 0x00, 0x24, 0x00, 0x25, 0x00, 0x2b, 0x00,
    0x33, 0x00, 0x15, 0x00, 0x27, 0x80, 0x21, 0x00, 0x62, 0x00, 0xa4, 0x00, 0x24, 0x00, 0x2f, 0x00,
    0x28, 0x80, 0x10, 0x80, 0x11, 0x00, 0x22, 0x00, 0x47, 0x80, 0xe1, 0x00, 0x12, 0x00, 0x62, 0x00,
    0x15, 0x80, 0x95, 0x80, 0xea, 0x80, 0x12, 0x80, 0x17, 0x80, 0x20, 0x80, 0x30, 0x30, 0x00, 0x10,
    0x20, 0x60, 0x40, 0x80, 0xc8, 0x78, 0x30, 0x08, 0x00, 0x10, 0x18, 0x28, 0x24, 0x24, 0x7c, 0x42,
    0x42, 0x83, 0x0c, 0x18, 0x00, 0x10, 0x18, 0x28, 0x24, 0x24, 0x7c, 0x42, 0x42, 0x83, 0x10, 0x6c,
    0x00, 0x10, 0x18, 0x28, 0x24, 0x24, 0x7c, 0x42, 0x42, 0x83, 0x34, 0x48, 0x00, 0x10, 0x18, 0x28,
    0x24, 0x24, 0x7c, 0x42, 0x42, 0x83, 0x28, 0x00, 0x10, 0x18, 0x28, 0x24, 0x24, 0x7c, 0x42, 0x42,
    0x83, 0x18, 0x28, 0x18, 0x10, 0x18, 0x28, 0x24, 0x24, 0x7c, 0x42, 0x42, 0x83, 0x0f, 0xc0, 0x14,
    0x00, 0x14, 0x00, 0x34, 0x00, 0x27, 0xc0, 0x3c, 0x00, 0x44, 0x00, 0x44, 0x00, 0x87, 0xc0, 0x3c,
    0x44, 0x80, 0x80, 0x80, 0x80, 0x80, 0x40, 0x3c, 0x10, 0x08, 0x30, 0x60, 0x10, 0x00, 0xf8, 0x80,
    0x80, 0x80, 0xf8, 0x80, 0x80, 0x80, 0xf8, 0x18, 0x30, 0x00, 0xf8, 0x80, 0x80, 0x80, 0xf8, 0x80,
    0x80, 0x80, 0xf8, 0x20, 0xd8, 0x00, 0xf8, 0x80, 0x80, 0x80, 0xf8, 0x80, 0x80, 0x80, 0xf8, 0x50,
    0x00, 0xf8, 0x80, 0x80, 0x80, 0xf8, 0x80, 0x80, 0x80, 0xf8, 0xc0, 0x20, 0x00, 0xf0, 0x60, 0x60,
    0x60, 0x60, 0x60, 0x60, 0x60, 0xf0, 0x30, 0x60, 0x00, 0xf0, 0x60, 0x60, 0x60, 0x60, 0x60, 0x60,
    0x60, 0xf0, 0x20, 0xd8, 0x00, 0xf0, 0x60, 0x60, 0x60, 0x60, 0x60, 0x60, 0x60, 0xf0, 0x50, 0x00,
    0xf0, 0x60, 0x60, 0x60, 0x60, 0x60, 0x60, 0x60, 0xf0, 0x7c, 0x42, 0x41, 0x41, 0xf1, 0x41, 0x43,
    0x42, 0x7c, 0x34, 0x48, 0x00, 0xc2, 0xc2, 0xa2, 0xb2, 0x92, 0x8a, 0x8e, 0x86, 0x86, 0x30, 0x08,
    0x00, 0x3c, 0x46, 0x82, 0x83, 0x83, 0x83, 0x82, 0x46, 0x3c, 0x0c, 0x18, 0x00, 0x3c, 0x46, 0x82,
    0x83, 0x83, 0x83, 0x82, 0x46, 0x3c, 0x10, 0x6c, 0x00, 0x3c, 0x46, 0x82, 0x83, 0x83, 0x83, 0x82,
    0x46, 0x3c, 0x34, 0x48, 0x00, 0x3c, 0x46, 0x82, 0x83, 0x83, 0x83, 0x82, 0x46, 0x3c, 0x28, 0x00,
    0x3c, 0x46, 0x82, 0x83, 0x83, 0x83, 0x82, 0x46, 0x3c, 0x88, 0x50, 0x20, 0x50, 0x88, 0x3e, 0x46,
    0x86, 0x8b, 0x93, 0xb3, 0xa2, 0xc6, 0xbc, 0x60, 0x10, 0x00, 0x82, 0x82, 0x82, 0x82, 0x82, 0x82,
    0x82, 0xc4, 0x78, 0x18, 0x30, 0x00, 0x82, 0x82, 0x82, 0x82, 0x82, 0x82, 0x82, 0xc4, 0x78, 0x10,
    0x6c, 0x00, 0x82, 0x82, 0x82, 0x82, 0x82, 0x82, 0x82, 0xc4, 0x78, 0x28, 0x00, 0x82, 0x82, 0x82,
    0x82, 0x82, 0x82, 0x82, 0xc4, 0x78, 0x18, 0x30, 0x00, 0x86, 0x44, 0x4c, 0x28, 0x30, 0x10, 0x10,
    0x10, 0x10, 0x80, 0xf8, 0x88, 0x84, 0x8c, 0x88, 0xf0, 0x80, 0x80, 0x78, 0x88, 0x88, 0x90, 0x90,
    0x90, 0x8c, 0x84, 0x84, 0xb8, 0xc0, 0x20, 0x00, 0xf0, 0x08, 0x08, 0xf8, 0x88, 0x98, 0xe8, 0x30,
    0x60, 0x00, 0xf0, 0x08, 0x08, 0xf8, 0x88, 0x98, 0xe8, 0x20, 0xd8, 0x00, 0xf0, 0x08, 0x08, 0xf8,
    0x88, 0x98, 0xe8, 0x68, 0x90, 0x00, 0xf0, 0x08, 0x08, 0xf8, 0x88, 0x98, 0xe8, 0x50, 0x00, 0xf0,
    0x08, 0x08, 0xf8, 0x88, 0x98, 0xe8, 0x30, 0x50, 0x30, 0x00, 0xf0, 0x08, 0x08, 0xf8, 0x88, 0x98,
    0xe8, 0xf7, 0x00, 0x19, 0x00, 0x08, 0x80, 0xff, 0x80, 0x88, 0x00, 0x98, 0x00, 0xe7, 0x00, 0x70,
    0x80, 0x80, 0x80, 0x80, 0x80, 0x70, 0x20, 0x10, 0x60, 0xc0, 0x20, 0x00, 0x70, 0x88, 0x88, 0xf8,
    0x80, 0x80, 0x78, 0x30, 0x60, 0x00, 0x70, 0x88, 0x88, 0xf8, 0x80, 0x80, 0x78, 0x20, 0xd8, 0x00,
    0x70, 0x88, 0x88, 0xf8, 0x80, 0x80, 0x78, 0x50, 0x00, 0x70, 0x88, 0x88, 0xf8, 0x80, 0x80, 0x78,
    0xc0, 0x20, 0x00, 0x40, 0x40, 0x40, 0x40, 0x40, 0x40, 0x40, 0x60, 0xc0, 0x00, 0x40, 0x40, 0x40,
    0x40, 0x40, 0x40, 0x40, 0x20, 0xd8, 0x00, 0x20, 0x20, 0x20, 0x20, 0x20, 0x20, 0x20, 0xa0, 0x00,
    0x40, 0x40, 0x40, 0x40, 0x40, 0x40, 0x40, 0x48, 0x30, 0x70, 0x08, 0x78, 0x8c, 0x84, 0x8c, 0x88,
    0x70, 0x68, 0x90, 0x00, 0xb8, 0xc8, 0x88, 0x88, 0x88, 0x88, 0x88, 0x60, 0x10, 0x00, 0x70, 0x88,
    0x8c, 0x84, 0x8c, 0x88, 0x70, 0x18, 0x30, 0x00, 0x70, 0x88, 0x8c, 0x84, 0x8c, 0x88, 0x70, 0x20,
    0xd8, 0x00, 0x70, 0x88, 0x8c, 0x84, 0x8c, 0x88, 0x70, 0x68, 0x90, 0x00, 0x70, 0x88, 0x8c, 0x84,
    0x8c, 0x88, 0x70, 0x50, 0x00, 0x70, 0x88, 0x8c, 0x84, 0x8c, 0x88, 0x70, 0x20, 0x20, 0x00, 0xf8,
    0x20, 0x20, 0x78, 0x88, 0x9c, 0xa4, 0xec, 0xc8, 0xf0, 0x60, 0x10, 0x00, 0x88, 0x88, 0x88, 0x88,
    0x88, 0x88, 0x78, 0x18, 0x30, 0x00, 0x88, 0x88, 0x88, 0x88, 0x88, 0x88, 0x78, 0x20, 0xd8, 0x00,
    0x88, 0x88, 0x88, 0x88, 0x88, 0x88, 0x78, 0x50, 0x00, 0x88, 0x88, 0x88, 0x88, 0x88, 0x88, 0x78,
    0x18, 0x30, 0x00, 0x84, 0x4c, 0x48, 0x48, 0x28, 0x30, 0x30, 0x20, 0x20, 0xc0, 0x80, 0x80, 0x80,
    0xb8, 0xc8, 0x84, 0x84, 0x84, 0xc8, 0xb8, 0x80, 0x80, 0x80, 0x28, 0x00, 0x84, 0x4c, 0x48, 0x48,
    0x28, 0x30, 0x30, 0x20, 0x20, 0xc0,
};
static const recipe_glyph_t glyphs_regular_12[] = {
    {3, 0, 0, 0, 0, 0},  // 0x20
    {3, 1, 9, 1, 9, 0},  // 0x21
    {5, 1, 9, 3, 3, 9},  // 0x22
    {8, 0, 9, 7, 9, 12},  // 0x23
    {7, 1, 10, 5, 10, 21},  // 0x24
    {10, 1, 9, 8, 9, 31},  // 0x25
    {9, 1, 9, 8, 9, 40},  // 0x26
    {3, 1, 9, 1, 3, 49},  // 0x27
    {4, 0, 9, 3, 11, 52},  // 0x28
    {4, 0, 9, 3, 11, 63},  // 0x29
    {7, 0, 10, 6, 6, 74},  // 0x2A
    {7, 1, 7, 5, 6, 80},  // 0x2B
    {3, 0, 1, 2, 3, 86},  // 0x2C
    {4, 0, 4, 3, 1, 89},  // 0x2D
    {3, 1, 2, 1, 2, 90},  // 0x2E
    {4, 0, 9, 4, 9, 92},  // 0x2F
    {7, 1, 9, 5, 9, 101},  // 0x30
    {7, 1, 9, 3, 9, 110},  // 0x31
    {7, 1, 9, 5, 9, 119},  // 0x32
    {7, 1, 9, 5, 9, 128},  // 0x33
    {7, 0, 9, 7, 9, 137},  // 0x34
    {7, 1, 9, 5, 9, 146},  // 0x35
    {7, 1, 9, 5, 9, 155},  // 0x36
    {7, 1, 9, 5, 9, 164},  // 0x37
    {7, 1, 9, 5, 9, 173},  // 0x38
    {7, 1, 9, 5, 9, 182},  // 0x39
    {3, 1, 7, 1, 7, 191},  // 0x3A
    {3, 0, 7, 2, 9, 198},  // 0x3B
    {7, 1, 8, 5, 6, 207},  // 0x3C
    {7, 1, 7, 5, 4, 213},  // 0x3D
    {7, 1, 8, 5, 6, 217},  // 0x3E
    {5, 0, 9, 5, 9, 223},  // 0x3F
    {11, 1, 9, 9, 10, 232},  // 0x40
    {8, 0, 9, 8, 9, 252},  // 0x41
    {8, 1, 9, 6, 9, 261},  // 0x42
    {8, 1, 9, 6, 9, 270},  // 0x43
    {9, 1, 9, 7, 9, 279},  // 0x44
    {7, 1, 9, 5, 9, 288},  // 0x45
    {6, 1, 9, 5, 9, 297},  // 0x46
    {9, 1, 9, 7, 9, 306},  // 0x47
    {9, 1, 9, 7, 9, 315},  // 0x48
    {4, 0, 9, 4, 9, 324},  // 0x49
    {3, -1, 9, 3, 12, 333},  // 0x4A
    {7, 1, 9, 6, 9, 345},  // 0x4B
    {6, 1, 9, 5, 9, 354},  // 0x4C
    {11, 1, 9, 9, 9, 363},  // 0x4D
    {9, 1, 9, 7, 9, 381},  // 0x4E
    {9, 1, 9, 8, 9, 390},  // 0x4F
    {7, 1, 9, 6, 9, 399},  // 0x50
    {9, 1, 9, 8, 11, 408},  // 0x51
    {7, 1, 9, 6, 9, 419},  // 0x52
    {7, 1, 9, 5, 9, 428},  // 0x53
    {7, 0, 9, 7, 9, 437},  // 0x54
    {9, 1, 9, 7, 9, 446},  // 0x55
    {7, 0, 9, 7, 9, 455},  // 0x56
    {11, 0, 9, 11, 9, 464},  // 0x57
    {7, 0, 9, 7, 9, 482},  // 0x58
    {7, 0, 9, 7, 9, 491},  // 0x59
    {7, 0, 9, 6, 9, 500},  // 0x5A
    {4, 1, 9, 3, 11, 509},  // 0x5B
    {4, 0, 9, 4, 9, 520},  // 0x5C
    {4, 0, 9, 3, 11, 529},  // 0x5D
    {7, 0, 9, 6, 6, 540},  // 0x5E
    {5, -1, -1, 5, 1, 546},  // 0x5F
    {3, 0, 10, 3, 2, 547},  // 0x60
    {7, 1, 7, 5, 7, 549},  // 0x61
    {7, 1, 10, 6, 10, 556},  // 0x62
    {6, 1, 7, 4, 7, 566},  // 0x63
    {7, 1, 10, 5, 10, 573},  // 0x64
    {7, 1, 7, 5, 7, 583},  // 0x65
    {4, 0, 10, 5, 10, 590},  // 0x66
    {7, 1, 7, 5, 10, 600},  // 0x67
    {7, 1, 10, 5, 10, 610},  // 0x68
    {3, 1, 10, 1, 10, 620},  // 0x69
    {3, -1, 10, 3, 13, 630},  // 0x6A
    {6, 1, 10, 5, 10, 643},  // 0x6B
    {3, 1, 10, 1, 10, 653},  // 0x6C
    {11, 1, 7, 9, 7, 663},  // 0x6D
    {7, 1, 7, 5, 7, 677},  // 0x6E
    {7, 1, 7, 6, 7, 684},  // 0x6F
    {7, 1, 7, 6, 10, 691},  // 0x70
    {7, 1, 7, 5, 10, 701},  // 0x71
    {5, 1, 7, 4, 7, 711},  // 0x72
    {6, 1, 7, 4, 7, 718},  // 0x73
    {4, 0, 9, 4, 9, 725},  // 0x74
    {7, 1, 7, 5, 7, 734},  // 0x75
    {6, 0, 7, 6, 7, 741},  // 0x76
    {9, 0, 7, 9, 7, 748},  // 0x77
    {6, 0, 7, 6, 7, 762},  // 0x78
    {6, 0, 7, 6, 10, 769},  // 0x79
    {6, 0, 7, 5, 7, 779},  // 0x7A
    {5, 0, 9, 4, 11, 786},  // 0x7B
    {7, 3, 10, 1, 13, 797},  // 0x7C
    {5, 0, 9, 4, 11, 810},  // 0x7D
    {7, 1, 6, 5, 2, 821},  // 0x7E
    {7, 1, 9, 5, 9, 823},  // 0x7F
    {7, 0, 9, 7, 9, 832},  // 0x80
    {0, 0, 0, 0, 0, 0},  // 0x81
    {3, 0, 2, 2, 3, 841},  // 0x82
    {5, -1, 10, 5, 13, 844},  // 0x83
    {5, 0, 2, 4, 3, 857},  // 0x84
    {9, 1, 2, 7, 2, 860},  // 0x85
    {6, 1, 10, 4, 10, 862},  // 0x86
    {6, 1, 10, 4, 10, 872},  // 0x87
    {5, 0, 10, 5, 2, 882},  // 0x88
    {14, 1, 9, 13, 9, 884},  // 0x89
    {7, 1, 12, 5, 12, 902},  // 0x8A
    {4, 0, 6, 3, 5, 914},  // 0x8B
    {11, 1, 9, 9, 9, 919},  // 0x8C
    {0, 0, 0, 0, 0, 0},  // 0x8D
    {7, 0, 12, 6, 12, 937},  // 0x8E
    {0, 0, 0, 0, 0, 0},  // 0x8F
    {0, 0, 0, 0, 0, 0},  // 0x90
    {2, 0, 9, 2, 3, 949},  // 0x91
    {2, 0, 9, 2, 3, 952},  // 0x92
    {4, 0, 9, 4, 3, 955},  // 0x93
    {4, 0, 9, 4, 3, 958},  // 0x94
    {5, 1, 6, 3, 3, 961},  // 0x95
    {6, 0, 4, 6, 1, 964},  // 0x96
    {12, 0, 4, 12, 1, 965},  // 0x97
    {5, 0, 10, 5, 2, 967},  // 0x98
    {9, 0, 9, 8, 4, 969},  // 0x99
    {6, 0, 10, 5, 10, 973},  // 0x9A
    {4, 0, 6, 3, 5, 983},  // 0x9B
    {11, 1, 7, 10, 7, 988},  // 0x9C
    {0, 0, 0, 0, 0, 0},  // 0x9D
    {6, 0, 10, 5, 10, 1002},  // 0x9E
    {7, 0, 11, 7, 11, 1012},  // 0x9F
    {3, 0, 0, 0, 0, 1023},  // 0xA0
    {3, 1, 7, 1, 10, 1023},  // 0xA1
    {7, 1, 9, 5, 9, 1033},  // 0xA2
    {7, 0, 9, 6, 9, 1042},  // 0xA3
    {7, 1, 8, 5, 5, 1051},  // 0xA4
    {7, 0, 9, 7, 9, 1056},  // 0xA5
    {7, 3, 10, 1, 13, 1065},  // 0xA6
    {6, 1, 10, 4, 10, 1078},  // 0xA7
    {7, 2, 9, 3, 1, 1088},  // 0xA8
    {10, 1, 10, 8, 10, 1089},  // 0xA9
    {4, 0, 9, 4, 4, 1099},  // 0xAA
    {6, 0, 6, 6, 5, 1103},  // 0xAB
    {7, 1, 5, 5, 3, 1108},  // 0xAC
    {4, 0, 4, 3, 1, 1111},  // 0xAD
    {10, 1, 10, 8, 10, 1112},  // 0xAE
    {6, -1, 11, 6, 1, 1122},  // 0xAF
    {5, 1, 9, 3, 4, 1123},  // 0xB0
    {7, 1, 8, 5, 8, 1127},  // 0xB1
    {4, 0, 11, 4, 6, 1135},  // 0xB2
    {4, 0, 11, 4, 6, 1141},  // 0xB3
    {3, 0, 10, 3, 2, 1147},  // 0xB4
    {7, 1, 7, 5, 10, 1149},  // 0xB5
    {8, 1, 10, 6, 11, 1159},  // 0xB6
    {3, 1, 6, 1, 2, 1170},  // 0xB7
    {3, 0, 1, 3, 3, 1172},  // 0xB8
    {4, 0, 10, 3, 5, 1175},  // 0xB9
    {5, 0, 9, 4, 5, 1180},  // 0xBA
    {6, 0, 6, 6, 5, 1185},  // 0xBB
    {9, 0, 9, 9, 9, 1190},  // 0xBC
    {9, 0, 9, 9, 9, 1208},  // 0xBD
    {9, 0, 9, 9, 9, 1226},  // 0xBE
    {5, 0, 7, 5, 10, 1244},  // 0xBF
    {8, 0, 12, 8, 12, 1254},  // 0xC0
    {8, 0, 12, 8, 12, 1266},  // 0xC1
    {8, 0, 12, 8, 12, 1278},  // 0xC2
    {8, 0, 12, 8, 12, 1290},  // 0xC3
    {8, 0, 11, 8, 11, 1302},  // 0xC4
    {8, 0, 12, 8, 12, 1313},  // 0xC5
    {11, -1, 9, 10, 9, 1325},  // 0xC6
    {8, 1, 9, 6, 12, 1343},  // 0xC7
    {7, 1, 12, 5, 12, 1355},  // 0xC8
    {7, 1, 12, 5, 12, 1367},  // 0xC9
    {7, 1, 12, 5, 12, 1379},  // 0xCA
    {7, 1, 11, 5, 11, 1391},  // 0xCB
    {4, 0, 12, 4, 12, 1402},  // 0xCC
    {4, 0, 12, 4, 12, 1414},  // 0xCD
    {4, 0, 12, 5, 12, 1426},  // 0xCE
    {4, 0, 11, 4, 11, 1438},  // 0xCF
    {9, 0, 9, 8, 9, 1449},  // 0xD0
    {9, 1, 12, 7, 12, 1458},  // 0xD1
    {9, 1, 12, 8, 12, 1470},  // 0xD2
    {9, 1, 12, 8, 12, 1482},  // 0xD3
    {9, 1, 12, 8, 12, 1494},  // 0xD4
    {9, 1, 12, 8, 12, 1506},  // 0xD5
    {9, 1, 11, 8, 11, 1518},  // 0xD6
    {7, 1, 7, 5, 5, 1529},  // 0xD7
    {9, 1, 10, 8, 9, 1534},  // 0xD8
    {9, 1, 12, 7, 12, 1543},  // 0xD9
    {9, 1, 12, 7, 12, 1555},  // 0xDA
    {9, 1, 12, 7, 12, 1567},  // 0xDB
    {9, 1, 11, 7, 11, 1579},  // 0xDC
    {7, 0, 12, 7, 12, 1590},  // 0xDD
    {7, 1, 9, 6, 9, 1602},  // 0xDE
    {8, 1, 10, 6, 10, 1611},  // 0xDF
    {7, 1, 10, 5, 10, 1621},  // 0xE0
    {7, 1, 10, 5, 10, 1631},  // 0xE1
    {7, 1, 10, 5, 10, 1641},  // 0xE2
    {7, 1, 10, 5, 10, 1651},  // 0xE3
    {7, 1, 9, 5, 9, 1661},  // 0xE4
    {7, 1, 11, 5, 11, 1670},  // 0xE5
    {10, 1, 7, 9, 7, 1681},  // 0xE6
    {6, 1, 7, 4, 10, 1695},  // 0xE7
    {7, 1, 10, 5, 10, 1705},  // 0xE8
    {7, 1, 10, 5, 10, 1715},  // 0xE9
    {7, 1, 10, 5, 10, 1725},  // 0xEA
    {7, 1, 9, 5, 9, 1735},  // 0xEB
    {3, 0, 10, 3, 10, 1744},  // 0xEC
    {3, 0, 10, 3, 10, 1754},  // 0xED
    {3, -1, 10, 5, 10, 1764},  // 0xEE
    {3, -1, 9, 3, 9, 1774},  // 0xEF
    {7, 1, 10, 6, 10, 1783},  // 0xF0
    {7, 1, 10, 5, 10, 1793},  // 0xF1
    {7, 1, 10, 6, 10, 1803},  // 0xF2
    {7, 1, 10, 6, 10, 1813},  // 0xF3
    {7, 1, 10, 6, 10, 1823},  // 0xF4
    {7, 1, 10, 6, 10, 1833},  // 0xF5
    {7, 1, 9, 6, 9, 1843},  // 0xF6
    {7, 1, 8, 5, 6, 1852},  // 0xF7
    {7, 1, 8, 6, 7, 1858},  // 0xF8
    {7, 1, 10, 5, 10, 1865},  // 0xF9
    {7, 1, 10, 5, 10, 1875},  // 0xFA
    {7, 1, 10, 5, 10, 1885},  // 0xFB
    {7, 1, 9, 5, 9, 1895},  // 0xFC
    {6, 0, 10, 6, 13, 1904},  // 0xFD
    {7, 1, 10, 6, 13, 1917},  // 0xFE
    {6, 0, 9, 6, 12, 1930},  // 0xFF
};
static const uint8_t bits_regular_13[] = {
    0x80, 0x80, 0x80, 0x80, 0x80, 0x80, 0x00, 0x80, 0xc0, 0xa0, 0xa0, 0xa0, 0x12, 0x12, 0x7f, 0x24,
    0x24, 0xff, 0x24, 0x28, 0x48, 0x20, 0x78, 0xa4, 0xa0, 0xe0, 0x38, 0x24, 0xac, 0xf8, 0x20, 0xe2,
    0x00, 0xa2, 0x00, 0xa4, 0x00, 0xab, 0x00, 0xac, 0x80, 0xf4, 0x80, 0x14, 0x80, 0x24, 0x80, 0x63,
    0x00, 0x78, 0x48, 0x48, 0x30, 0xf1, 0x9a, 0x8e, 0x86, 0x7b, 0x80, 0x80, 0x80, 0x60, 0xc0, 0x80,
    0x80, 0x80, 0x80, 0x80, 0x80, 0x80, 0xc0, 0x60, 0xc0, 0x40, 0x20, 0x20, 0x20, 0x20, 0x20, 0x20,
    0x20, 0x40, 0xc0, 0x20, 0x20, 0xfc, 0x20, 0x50, 0xd8, 0x20, 0x20, 0xfc, 0x20, 0x20, 0x20, 0xc0,
    0x80, 0x80, 0xe0, 0x80, 0xc0, 0x18, 0x10, 0x10, 0x20, 0x20, 0x60, 0x40, 0x40, 0x80, 0x70, 0x88,
    0x8c, 0x84, 0x84, 0x84, 0x8c, 0x88, 0x70, 0x30, 0x50, 0x90, 0x30, 0x30, 0x30, 0x30, 0x30, 0x30,
    0x70, 0x88, 0x08, 0x08, 0x18, 0x30, 0x60, 0xc0, 0xfc, 0xf8, 0x88, 0x08, 0x08, 0x70, 0x08, 0x0c,
    0x08, 0xf8, 0x0c, 0x0c, 0x14, 0x24, 0x64, 0x44, 0xfe, 0x04, 0x04, 0xf8, 0x80, 0x80, 0xf8, 0x08,
    0x0c, 0x0c, 0x88, 0xf0, 0x38, 0x40, 0x80, 0xb8, 0xcc, 0x84, 0x84, 0xc8, 0x78, 0xfc, 0x08, 0x08,
    0x18, 0x10, 0x30, 0x20, 0x60, 0x40, 0x78, 0x88, 0x88, 0xc8, 0x70, 0x88, 0x84, 0x8c, 0x78, 0x70,
    0x88, 0x8c, 0x84, 0x8c, 0x74, 0x08, 0x18, 0xf0, 0xc0, 0x80, 0x00, 0x00, 0x00, 0x80, 0xc0, 0x60,
    0x40, 0x00, 0x00, 0x00, 0x00, 0x40, 0x40, 0xc0, 0x04, 0x18, 0x60, 0x80, 0x60, 0x1c, 0xfc, 0x00,
    0x00, 0xfc, 0x80, 0xe0, 0x10, 0x0c, 0x30, 0xc0, 0xf8, 0x88, 0x08, 0x18, 0x30, 0x20, 0x00, 0x20,
    0x20, 0x1f, 0x00, 0x61, 0x80, 0xce, 0x80, 0x92, 0x40, 0xa2, 0x40, 0xa2, 0x40, 0x92, 0x40, 0x9d,
    0x80, 0x40, 0x00, 0x3e, 0x00, 0x18, 0x18, 0x14, 0x24, 0x24, 0x7e, 0x42, 0x41, 0x81, 0xfc, 0x84,
    0x84, 0x84, 0xf8, 0x86, 0x86, 0x86, 0xfc, 0x3e, 0x40, 0x80, 0x80, 0x80, 0x80, 0x80, 0x40, 0x3c,
    0xfc, 0x86, 0x82, 0x83, 0x83, 0x83, 0x82, 0x86, 0xf8, 0xf8, 0x80, 0x80, 0x80, 0xf8, 0x80, 0x80,
    0x80, 0xf8, 0xf8, 0x80, 0x80, 0x80, 0xf8, 0x80, 0x80, 0x80, 0x80, 0x3e, 0x40, 0x80, 0x80, 0x8f,
    0x83, 0x83, 0x43, 0x3f, 0x82, 0x82, 0x82, 0x82, 0xfe, 0x82, 0x82, 0x82, 0x82, 0xe0, 0x40, 0x40,
    0x40, 0x40, 0x40, 0x40, 0x40, 0xe0, 0x20, 0x20, 0x20, 0x20, 0x20, 0x20, 0x20, 0x20, 0x20, 0x20,
    0x20, 0xc0, 0x86, 0x8c, 0x98, 0xb0, 0xf0, 0xd0, 0x88, 0x84, 0x86, 0x80, 0x80, 0x80, 0x80, 0x80,
    0x80, 0x80, 0x80, 0xf8, 0xc0, 0xc0, 0xe1, 0xc0, 0xa1, 0xc0, 0xa2, 0xc0, 0x92, 0xc0, 0x92, 0xc0,
    0x94, 0xc0, 0x8c, 0xc0, 0x8c, 0xc0, 0xc1, 0xe1, 0xa1, 0x91, 0x99, 0x89, 0x85, 0x85, 0x83, 0x3c,
    0x43, 0x81, 0x81, 0x81, 0x81, 0x81, 0x42, 0x3c, 0xf8, 0x84, 0x84, 0x84, 0xf8, 0x80, 0x80, 0x80,
    0x80, 0x3c, 0x43, 0x81, 0x81, 0x81, 0x81, 0x81, 0x43, 0x3c, 0x04, 0x03, 0xf8, 0x84, 0x84, 0x84,
    0xf8, 0x88, 0x88, 0x84, 0x86, 0x78, 0x80, 0x80, 0xc0, 0x70, 0x08, 0x0c, 0x08, 0xf0, 0xfe, 0x10,
    0x10, 0x10, 0x10, 0x10, 0x10, 0x10, 0x10, 0x82, 0x82, 0x82, 0x82, 0x82, 0x82, 0x82, 0x42, 0x3c,
    0x83, 0x42, 0x42, 0x46, 0x24, 0x24, 0x38, 0x18, 0x18, 0xc6, 0x10, 0x46, 0x30, 0x46, 0x20, 0x49,
    0x20, 0x69, 0x20, 0x29, 0x40, 0x39, 0xc0, 0x30, 0xc0, 0x30, 0xc0, 0xc2, 0x44, 0x24, 0x18, 0x18,
    0x38, 0x24, 0x46, 0xc3, 0xc2, 0x46, 0x64, 0x28, 0x38, 0x10, 0x10, 0x10, 0x10, 0x7e, 0x04, 0x0c,
    0x08, 0x10, 0x30, 0x20, 0x40, 0xfe, 0xe0, 0x80, 0x80, 0x80, 0x80, 0x80, 0x80, 0x80, 0x80, 0x80,
    0xe0, 0x80, 0x40, 0x40, 0x60, 0x20, 0x20, 0x10, 0x10, 0x18, 0xe0, 0x20, 0x20, 0x20, 0x20, 0x20,
    0x20, 0x20, 0x20, 0x20, 0xe0, 0x10, 0x18, 0x28, 0x24, 0x44, 0xc2, 0xfc, 0x80, 0x40, 0x78, 0x88,
    0x08, 0xf8, 0x88, 0x88, 0xf8, 0x80, 0x80, 0x80, 0xb8, 0xc4, 0x84, 0x84, 0x84, 0xc4, 0xb8, 0x78,
    0x80, 0x80, 0x80, 0x80, 0x80, 0x78, 0x04, 0x04, 0x04, 0x74, 0x8c, 0x84, 0x84, 0x84, 0x8c, 0x74,
    0x70, 0x88, 0x8c, 0xfc, 0x80, 0x80, 0x78, 0x38, 0x20, 0x60, 0xf0, 0x60, 0x60, 0x60, 0x60, 0x60,
    0x60, 0x74, 0x8c, 0x84, 0x84, 0x84, 0x8c, 0x74, 0x04, 0x0c, 0xf8, 0x80, 0x80, 0x80, 0xb8, 0xc4,
    0x84, 0x84, 0x84, 0x84, 0x84, 0x80, 0x00, 0x00, 0x80, 0x80, 0x80, 0x80, 0x80, 0x80, 0x80, 0x20,
    0x00, 0x00, 0x20, 0x20, 0x20, 0x20, 0x20, 0x20, 0x20, 0x20, 0x20, 0xe0, 0x80, 0x80, 0x80, 0x8c,
    0x90, 0xa0, 0xe0, 0x90, 0x98, 0x8c, 0x80, 0x80, 0x80, 0x80, 0x80, 0x80, 0x80, 0x80, 0x80, 0x80,
    0xbb, 0x80, 0xcc, 0x40, 0x84, 0x40, 0x84, 0x40, 0x84, 0x40, 0x84, 0x40, 0x84, 0x40, 0xb8, 0xc4,
    0x84, 0x84, 0x84, 0x84, 0x84, 0x78, 0x8c, 0x84, 0x84, 0x84, 0x8c, 0x78, 0xb8, 0xc4, 0x84, 0x84,
    0x84, 0xcc, 0xb8, 0x80, 0x80, 0x80, 0x74, 0x8c, 0x84, 0x84, 0x84, 0x8c, 0x74, 0x04, 0x04, 0x04,
    0xb0, 0xc0, 0x80, 0x80, 0x80, 0x80, 0x80, 0xf8, 0x80, 0x80, 0x70, 0x18, 0x18, 0xf0, 0x40, 0x40,
    0xf0, 0x40, 0x40, 0x40, 0x40, 0x40, 0x30, 0x84, 0x84, 0x84, 0x84, 0x84, 0x8c, 0x74, 0x86, 0x44,
    0x4c, 0x48, 0x28, 0x38, 0x30, 0x8c, 0x40, 0x4c, 0x40, 0x4e, 0x80, 0x52, 0x80, 0x52, 0x80, 0x32,
    0x80, 0x31, 0x00, 0xc6, 0x68, 0x28, 0x10, 0x28, 0x6c, 0xc6, 0x86, 0x44, 0x4c, 0x68, 0x28, 0x38,
    0x10, 0x10, 0x20, 0xe0, 0x7c, 0x08, 0x10, 0x30, 0x20, 0x40, 0xfc, 0x18, 0x20, 0x20, 0x20, 0x20,
    0xc0, 0x20, 0x20, 0x20, 0x20, 0x18, 0x80, 0x80, 0x80, 0x80, 0x80, 0x80, 0x80, 0x80, 0x80, 0x80,
    0x80, 0x80, 0x80, 0xc0, 0x20, 0x20, 0x20, 0x20, 0x18, 0x20, 0x20, 0x20, 0x20, 0xc0, 0xe4, 0x98,
    0xfc, 0x84, 0x84, 0x84, 0x84, 0x84, 0x84, 0x84, 0x84, 0xfc, 0x1e, 0x20, 0x60, 0xfc, 0x40, 0xf8,
    0x60, 0x20, 0x1e, 0x40, 0x40, 0x80, 0x1c, 0x30, 0x20, 0x78, 0x20, 0x20, 0x20, 0x20, 0x20, 0x20,
    0x20, 0xa0, 0xe0, 0x58, 0x50, 0x90, 0x91, 0x00, 0xd9, 0x80, 0x20, 0x20, 0x20, 0xf8, 0x20, 0x20,
    0x20, 0x20, 0x20, 0x20, 0x20, 0x20, 0xf8, 0x20, 0x20, 0x20, 0x20, 0xf8, 0x20, 0x20, 0x60, 0xb0,
    0xe2, 0x00, 0xa2, 0x00, 0xa4, 0x00, 0xab, 0x38, 0xac, 0xa8, 0xf4, 0xa4, 0x14, 0xa4, 0x24, 0xa8,
    0x63, 0x18, 0x58, 0x30, 0x00, 0x78, 0x80, 0x80, 0xc0, 0x70, 0x08, 0x0c, 0x08, 0xf0, 0x60, 0xc0,
    0x80, 0x80, 0x60, 0x3f, 0xc0, 0x46, 0x00, 0x86, 0x00, 0x86, 0x00, 0x87, 0xc0, 0x86, 0x00, 0x86,
    0x00, 0x46, 0x00, 0x3f, 0xc0, 0x2c, 0x18, 0x00, 0x7e, 0x04, 0x0c, 0x08, 0x10, 0x30, 0x20, 0x40,
    0xfe, 0x40, 0x40, 0xc0, 0x40, 0x40, 0x80, 0x58, 0x50, 0xd0, 0x58, 0x50, 0x90, 0xe0, 0xe0, 0xe0,
    0xf8, 0xff, 0xe0, 0xd0, 0xb0, 0xfc, 0x80, 0x4d, 0x80, 0x4d, 0x80, 0x4a, 0x80, 0x4a, 0x80, 0xb0,
    0x60, 0x00, 0xf8, 0x80, 0x80, 0x70, 0x18, 0x18, 0xf0, 0xc0, 0x60, 0x30, 0x20, 0xc0, 0x7b, 0x80,
    0x8e, 0x40, 0x84, 0x60, 0x87, 0xe0, 0x84, 0x00, 0x8e, 0x00, 0x7b, 0xc0, 0x58, 0x30, 0x00, 0x7c,
    0x08, 0x10, 0x30, 0x20, 0x40, 0xfc, 0x2c, 0x00, 0xc2, 0x46, 0x64, 0x28, 0x38, 0x10, 0x10, 0x10,
    0x10, 0xc0, 0x80, 0x00, 0x80, 0x80, 0x80, 0x80, 0x80, 0x80, 0x80, 0x10, 0x78, 0x40, 0x80, 0x80,
    0x80, 0x40, 0x78, 0x10, 0x1e, 0x20, 0x20, 0x20, 0xfc, 0x20, 0x20, 0x60, 0xfe, 0xfc, 0x88, 0x88,
    0x88, 0xfc, 0xc2, 0x44, 0x64, 0x28, 0x18, 0x7c, 0x7c, 0x10, 0x10, 0x80, 0x80, 0x80, 0x80, 0x80,
    0x00, 0x00, 0x00, 0x80, 0x80, 0x80, 0x80, 0x80, 0x78, 0x80, 0xc0, 0x70, 0x88, 0x88, 0x70, 0x18,
    0x08, 0xf0, 0xb0, 0x3e, 0x00, 0x43, 0x00, 0x9c, 0x80, 0xa0, 0x80, 0xa0, 0x80, 0xa0, 0x80, 0xa0,
    0x80, 0x9c, 0x80, 0x43, 0x00, 0x3e, 0x00, 0x70, 0x70, 0x90, 0x70, 0x68, 0xd0, 0xa0, 0x90, 0x68,
    0xfc, 0x04, 0x04, 0xe0, 0x3e, 0x00, 0x43, 0x00, 0x9c, 0x80, 0x94, 0x80, 0x94, 0x80, 0x9c, 0x80,
    0x94, 0x80, 0x96, 0x80, 0x43, 0x00, 0x3e, 0x00, 0xfe, 0xe0, 0x90, 0x90, 0xe0, 0x20, 0x20, 0x20,
    0xfc, 0x20, 0x20, 0x00, 0xfc, 0xe0, 0x10, 0x10, 0x20, 0x40, 0xf0, 0xf0, 0x10, 0x60, 0x10, 0x10,
    0xe0, 0xc0, 0x80, 0x84, 0x84, 0x84, 0x84, 0x84, 0xcc, 0xf4, 0x80, 0x80, 0x80, 0x7c, 0xf4, 0xf4,
    0xf4, 0xf4, 0xf4, 0x14, 0x14, 0x14, 0x14, 0x14, 0x80, 0xc0, 0x40, 0x20, 0xc0, 0x20, 0xe0, 0x20,
    0x20, 0x20, 0x20, 0x70, 0x90, 0x90, 0x90, 0x70, 0xd0, 0x68, 0x34, 0x28, 0xd8, 0x61, 0x00, 0xa2,
    0x00, 0x22, 0x00, 0x24, 0x80, 0x29, 0x80, 0x2a, 0x80, 0x12, 0x80, 0x17, 0xc0, 0x20, 0x80, 0x61,
    0x00, 0xa2, 0x00, 0x24, 0x00, 0x27, 0x80, 0x2a, 0x80, 0x30, 0x80, 0x11, 0x00, 0x22, 0x00, 0x63,
    0x80, 0xf0, 0x80, 0x11, 0x00, 0x62, 0x00, 0x12, 0x80, 0x95, 0x80, 0xe9, 0x80, 0x0a, 0x80, 0x13,
    0xc0, 0x30, 0x80, 0x30, 0x10, 0x00, 0x10, 0x30, 0x60, 0x40, 0x80, 0xc8, 0x78, 0x10, 0x08, 0x00,
    0x18, 0x18, 0x14, 0x24, 0x24, 0x7e, 0x42, 0x41, 0x81, 0x0c, 0x08, 0x00, 0x18, 0x18, 0x14, 0x24,
    0x24, 0x7e, 0x42, 0x41, 0x81, 0x18, 0x2c, 0x00, 0x18, 0x18, 0x14, 0x24, 0x24, 0x7e, 0x42, 0x41,
    0x81, 0x34, 0x4c, 0x00, 0x18, 0x18, 0x14, 0x24, 0x24, 0x7e, 0x42, 0x41, 0x81, 0x2c, 0x00, 0x18,
    0x18, 0x14, 0x24, 0x24, 0x7e, 0x42, 0x41, 0x81, 0x18, 0x24, 0x18, 0x18, 0x18, 0x14, 0x24, 0x24,
    0x7e, 0x42, 0x41, 0x81, 0x0f, 0xe0, 0x0a, 0x00, 0x12, 0x00, 0x12, 0x00, 0x23, 0xc0, 0x3e, 0x00,
    0x42, 0x00, 0x42, 0x00, 0x83, 0xe0, 0x3e, 0x40, 0x80, 0x80, 0x80, 0x80, 0x80, 0x40, 0x3c, 0x10,
    0x08, 0x30, 0x20, 0x10, 0x00, 0xf8, 0x80, 0x80, 0x80, 0xf8, 0x80, 0x80, 0x80, 0xf8, 0x18, 0x10,
    0x00, 0xf8, 0x80, 0x80, 0x80, 0xf8, 0x80, 0x80, 0x80, 0xf8, 0x30, 0x58, 0x00, 0xf8, 0x80, 0x80,
    0x80, 0xf8, 0x80, 0x80, 0x80, 0xf8, 0x58, 0x00, 0xf8, 0x80, 0x80, 0x80, 0xf8, 0x80, 0x80, 0x80,
    0xf8, 0x80, 0x40, 0x00, 0xe0, 0x40, 0x40, 0x40, 0x40, 0x40, 0x40, 0x40, 0xe0, 0x60, 0x40, 0x00,
    0xe0, 0x40, 0x40, 0x40, 0x40, 0x40, 0x40, 0x40, 0xe0, 0x60, 0xb0, 0x00, 0xe0, 0x40, 0x40, 0x40,
    0x40, 0x40, 0x40, 0x40, 0xe0, 0xb0, 0x00, 0x70, 0x20, 0x20, 0x20, 0x20, 0x20, 0x20, 0x20, 0x70,
    0x7e, 0x00, 0x63, 0x00, 0x61, 0x00, 0x61, 0x80, 0xf9, 0x80, 0x61, 0x80, 0x61, 0x00, 0x63, 0x00,
    0x7c, 0x00, 0x34, 0x4c, 0x00, 0xc1, 0xe1, 0xa1, 0x91, 0x99, 0x89, 0x85, 0x85, 0x83, 0x10, 0x08,
    0x00, 0x3c, 0x43, 0x81, 0x81, 0x81, 0x81, 0x81, 0x42, 0x3c, 0x0c, 0x08, 0x00, 0x3c, 0x43, 0x81,
    0x81, 0x81, 0x81, 0x81, 0x42, 0x3c, 0x18, 0x2c, 0x00, 0x3c, 0x43, 0x81, 0x81, 0x81, 0x81, 0x81,
    0x42, 0x3c, 0x34, 0x4c, 0x00, 0x3c, 0x43, 0x81, 0x81, 0x81, 0x81, 0x81, 0x42, 0x3c, 0x2c, 0x00,
    0x3c, 0x43, 0x81, 0x81, 0x81, 0x81, 0x81, 0x42, 0x3c, 0x8c, 0x50, 0x20, 0x50, 0x8c, 0x3f, 0x42,
    0x85, 0x89, 0x99, 0x91, 0xa1, 0x42, 0xfc, 0x10, 0x08, 0x00, 0x82, 0x82, 0x82, 0x82, 0x82, 0x82,
    0x82, 0x42, 0x3c, 0x0c, 0x08, 0x00, 0x82, 0x82, 0x82, 0x82, 0x82, 0x82, 0x82, 0x42, 0x3c, 0x18,
    0x2c, 0x00, 0x82, 0x82, 0x82, 0x82, 0x82, 0x82, 0x82, 0x42, 0x3c, 0x2c, 0x00, 0x82, 0x82, 0x82,
    0x82, 0x82, 0x82, 0x82, 0x42, 0x3c, 0x18, 0x10, 0x00, 0xc2, 0x46, 0x64, 0x28, 0x38, 0x10, 0x10,
    0x10, 0x10, 0x80, 0xf8, 0x8c, 0x84, 0x84, 0x8c, 0xf8, 0x80, 0x80, 0x78, 0x84, 0x8c, 0x98, 0x90,
    0x98, 0x8c, 0x86, 0x86, 0xbc, 0x40, 0x20, 0x00, 0x78, 0x88, 0x08, 0xf8, 0x88, 0x88, 0xf8, 0x30,
    0x20, 0x00, 0x78, 0x88, 0x08, 0xf8, 0x88, 0x88, 0xf8, 0x30, 0x58, 0x00, 0x78, 0x88, 0x08, 0xf8,
    0x88, 0x88, 0xf8, 0x68, 0x98, 0x00, 0x78, 0x88, 0x08, 0xf8, 0x88, 0x88, 0xf8, 0x58, 0x00, 0x78,
    0x88, 0x08, 0xf8, 0x88, 0x88, 0xf8, 0x30, 0x48, 0x30, 0x00, 0x78, 0x88, 0x08, 0xf8, 0x88, 0x88,
    0xf8, 0xf7, 0x00, 0x8c, 0x80, 0x08, 0xc0, 0xff, 0xc0, 0x88, 0x00, 0x8c, 0x00, 0xf7, 0x80, 0x78,
    0x80, 0x80, 0x80, 0x80, 0x80, 0x78, 0x20, 0x10, 0x60, 0x20, 0x10, 0x00, 0x70, 0x88, 0x8c, 0xfc,
    0x80, 0x80, 0x78, 0x18, 0x10, 0x00, 0x70, 0x88, 0x8c, 0xfc, 0x80, 0x80, 0x78, 0x30, 0x58, 0x00,
    0x70, 0x88, 0x8c, 0xfc, 0x80, 0x80, 0x78, 0x58, 0x00, 0x70, 0x88, 0x8c, 0xfc, 0x80, 0x80, 0x78,
    0x80, 0x40, 0x00, 0x40, 0x40, 0x40, 0x40, 0x40, 0x40, 0x40, 0xc0, 0x80, 0x00, 0x80, 0x80, 0x80,
    0x80, 0x80, 0x80, 0x80, 0x60, 0xb0, 0x00, 0x40, 0x40, 0x40, 0x40, 0x40, 0x40, 0x40, 0xb0, 0x00,
    0x40, 0x40, 0x40, 0x40, 0x40, 0x40, 0x40, 0x48, 0x38, 0x78, 0x08, 0x7c, 0x8c, 0x84, 0x84, 0x8c,
    0x78, 0x68, 0x98, 0x00, 0xb8, 0xc4, 0x84, 0x84, 0x84, 0x84, 0x84, 0x20, 0x10, 0x00, 0x78, 0x8c,
    0x84, 0x84, 0x84, 0x8c, 0x78, 0x18, 0x10, 0x00, 0x78, 0x8c, 0x84, 0x84, 0x84, 0x8c, 0x78, 0x30,
    0x58, 0x00, 0x78, 0x8c, 0x84, 0x84, 0x84, 0x8c, 0x78, 0x68, 0x98, 0x00, 0x78, 0x8c, 0x84, 0x84,
    0x84, 0x8c, 0x78, 0x58, 0x00, 0x78, 0x8c, 0x84, 0x84, 0x84, 0x8c, 0x78, 0x20, 0x00, 0xfc, 0x00,
    0x00, 0x20, 0x7c, 0x8c, 0x94, 0xb4, 0xa4, 0xcc, 0xf8, 0x20, 0x10, 0x00, 0x84, 0x84, 0x84, 0x84,
    0x84, 0x8c, 0x74, 0x18, 0x10, 0x00, 0x84, 0x84, 0x84, 0x84, 0x84, 0x8c, 0x74, 0x30, 0x58, 0x00,
    0x84, 0x84, 0x84, 0x84, 0x84, 0x8c, 0x74, 0x58, 0x00, 0x84, 0x84, 0x84, 0x84, 0x84, 0x8c, 0x74,
    0x18, 0x10, 0x00, 0x86, 0x44, 0x4c, 0x68, 0x28, 0x38, 0x10, 0x10, 0x20, 0xe0, 0x80, 0x80, 0x80,
    0xb8, 0xc4, 0x84, 0x84, 0x84, 0xc4, 0xb8, 0x80, 0x80, 0x80, 0x2c, 0x00, 0x86, 0x44, 0x4c, 0x68,
    0x28, 0x38, 0x10, 0x10, 0x20, 0xe0,
};
static const recipe_glyph_t glyphs_regular_13[] = {
    {3, 0, 0, 0, 0, 0},  // 0x20
    {4, 1, 9, 2, 9, 0},  // 0x21
    {5, 1, 9, 3, 3, 9},  // 0x22
    {8, 0, 9, 8, 9, 12},  // 0x23
    {7, 1, 10, 6, 10, 21},  // 0x24
    {11, 1, 9, 9, 9, 31},  // 0x25
    {10, 1, 9, 8, 9, 49},  // 0x26
    {3, 1, 9, 1, 3, 58},  // 0x27
    {4, 1, 9, 3, 11, 61},  // 0x28
    {4, 0, 9, 3, 11, 72},  // 0x29
    {7, 1, 10, 6, 6, 83},  // 0x2A
    {7, 1, 7, 6, 6, 89},  // 0x2B
    {3, 1, 1, 2, 3, 95},  // 0x2C
    {4, 1, 4, 3, 1, 98},  // 0x2D
    {3, 1, 2, 2, 2, 99},  // 0x2E
    {5, 0, 9, 5, 9, 101},  // 0x2F
    {7, 1, 9, 6, 9, 110},  // 0x30
    {7, 1, 9, 4, 9, 119},  // 0x31
    {7, 1, 9, 6, 9, 128},  // 0x32
    {7, 1, 9, 6, 9, 137},  // 0x33
    {7, 0, 9, 7, 9, 146},  // 0x34
    {7, 1, 9, 6, 9, 155},  // 0x35
    {7, 1, 9, 6, 9, 164},  // 0x36
    {7, 1, 9, 6, 9, 173},  // 0x37
    {7, 1, 9, 6, 9, 182},  // 0x38
    {7, 1, 9, 6, 9, 191},  // 0x39
    {3, 1, 7, 2, 7, 200},  // 0x3A
    {3, 0, 7, 3, 9, 207},  // 0x3B
    {7, 1, 8, 6, 6, 216},  // 0x3C
    {7, 1, 7, 6, 4, 222},  // 0x3D
    {7, 1, 8, 6, 6, 226},  // 0x3E
    {6, 0, 9, 5, 9, 232},  // 0x3F
    {12, 1, 9, 10, 10, 241},  // 0x40
    {8, 0, 9, 8, 9, 261},  // 0x41
    {8, 1, 9, 7, 9, 270},  // 0x42
    {8, 1, 9, 7, 9, 279},  // 0x43
    {9, 1, 9, 8, 9, 288},  // 0x44
    {7, 1, 9, 5, 9, 297},  // 0x45
    {7, 1, 9, 5, 9, 306},  // 0x46
    {9, 1, 9, 8, 9, 315},  // 0x47
    {10, 1, 9, 7, 9, 324},  // 0x48
    {4, 1, 9, 3, 9, 333},  // 0x49
    {4, -2, 9, 3, 12, 342},  // 0x4A
    {8, 1, 9, 7, 9, 354},  // 0x4B
    {7, 1, 9, 5, 9, 363},  // 0x4C
    {12, 1, 9, 10, 9, 372},  // 0x4D
    {10, 1, 9, 8, 9, 390},  // 0x4E
    {10, 1, 9, 8, 9, 399},  // 0x4F
    {8, 1, 9, 6, 9, 408},  // 0x50
    {10, 1, 9, 8, 11, 417},  // 0x51
    {8, 1, 9, 7, 9, 428},  // 0x52
    {7, 1, 9, 6, 9, 437},  // 0x53
    {7, 0, 9, 7, 9, 446},  // 0x54
    {10, 1, 9, 7, 9, 455},  // 0x55
    {8, 0, 9, 8, 9, 464},  // 0x56
    {12, 0, 9, 12, 9, 473},  // 0x57
    {8, 0, 9, 8, 9, 491},  // 0x58
    {7, 0, 9, 7, 9, 500},  // 0x59
    {7, 0, 9, 7, 9, 509},  // 0x5A
    {4, 1, 9, 3, 11, 518},  // 0x5B
    {5, 0, 9, 5, 9, 529},  // 0x5C
    {4, 0, 9, 3, 11, 538},  // 0x5D
    {7, 0, 9, 7, 6, 549},  // 0x5E
    {6, -1, -1, 6, 1, 555},  // 0x5F
    {4, 1, 10, 2, 2, 556},  // 0x60
    {7, 1, 7, 5, 7, 558},  // 0x61
    {8, 1, 10, 6, 10, 565},  // 0x62
    {6, 1, 7, 5, 7, 575},  // 0x63
    {8, 1, 10, 6, 10, 582},  // 0x64
    {7, 1, 7, 6, 7, 592},  // 0x65
    {4, 0, 10, 5, 10, 599},  // 0x66
    {8, 1, 7, 6, 10, 609},  // 0x67
    {8, 1, 10, 6, 10, 619},  // 0x68
    {3, 1, 10, 1, 10, 629},  // 0x69
    {3, -1, 10, 3, 13, 639},  // 0x6A
    {7, 1, 10, 6, 10, 652},  // 0x6B
    {3, 1, 10, 1, 10, 662},  // 0x6C
    {12, 1, 7, 10, 7, 672},  // 0x6D
    {8, 1, 7, 6, 7, 686},  // 0x6E
    {8, 1, 7, 6, 7, 693},  // 0x6F
    {8, 1, 7, 6, 10, 700},  // 0x70
    {8, 1, 7, 6, 10, 710},  // 0x71
    {5, 1, 7, 4, 7, 720},  // 0x72
    {6, 1, 7, 5, 7, 727},  // 0x73
    {5, 0, 9, 4, 9, 734},  // 0x74
    {8, 1, 7, 6, 7, 743},  // 0x75
    {7, 0, 7, 7, 7, 750},  // 0x76
    {10, 0, 7, 10, 7, 757},  // 0x77
    {7, 0, 7, 7, 7, 771},  // 0x78
    {7, 0, 7, 7, 10, 778},  // 0x79
    {6, 0, 7, 6, 7, 788},  // 0x7A
    {5, 0, 9, 5, 11, 795},  // 0x7B
    {7, 3, 10, 1, 13, 806},  // 0x7C
    {5, 0, 9, 5, 11, 819},  // 0x7D
    {7, 1, 6, 6, 2, 830},  // 0x7E
    {8, 1, 10, 6, 10, 832},  // 0x7F
    {7, 0, 9, 7, 9, 842},  // 0x80
    {0, 0, 0, 0, 0, 0},  // 0x81
    {3, 0, 1, 2, 3, 851},  // 0x82
    {5, -1, 10, 6, 13, 854},  // 0x83
    {5, 0, 1, 5, 3, 867},  // 0x84
    {10, 1, 2, 9, 2, 870},  // 0x85
    {7, 1, 10, 5, 10, 874},  // 0x86
    {7, 1, 10, 5, 10, 884},  // 0x87
    {5, 1, 10, 4, 2, 894},  // 0x88
    {15, 1, 9, 14, 9, 896},  // 0x89
    {7, 1, 12, 6, 12, 914},  // 0x8A
    {4, 1, 7, 3, 5, 926},  // 0x8B
    {12, 1, 9, 10, 9, 931},  // 0x8C
    {0, 0, 0, 0, 0, 0},  // 0x8D
    {7, 0, 12, 7, 12, 949},  // 0x8E
    {0, 0, 0, 0, 0, 0},  // 0x8F
    {0, 0, 0, 0, 0, 0},  // 0x90
    {2, 0, 9, 2, 3, 961},  // 0x91
    {2, 0, 9, 2, 3, 964},  // 0x92
    {5, 0, 9, 5, 3, 967},  // 0x93
    {5, 0, 9, 5, 3, 970},  // 0x94
    {5, 1, 6, 3, 3, 973},  // 0x95
    {7, 1, 4, 5, 1, 976},  // 0x96
    {13, 1, 4, 11, 1, 977},  // 0x97
    {6, 1, 10, 4, 2, 979},  // 0x98
    {10, 0, 9, 9, 5, 981},  // 0x99
    {6, 1, 10, 5, 10, 991},  // 0x9A
    {4, 0, 7, 4, 5, 1001},  // 0x9B
    {12, 1, 7, 11, 7, 1006},  // 0x9C
    {0, 0, 0, 0, 0, 0},  // 0x9D
    {6, 0, 10, 6, 10, 1020},  // 0x9E
    {7, 0, 11, 7, 11, 1030},  // 0x9F
    {3, 0, 0, 0, 0, 1041},  // 0xA0
    {4, 1, 7, 2, 10, 1041},  // 0xA1
    {7, 1, 9, 5, 9, 1051},  // 0xA2
    {7, 0, 9, 7, 9, 1060},  // 0xA3
    {7, 1, 8, 6, 5, 1069},  // 0xA4
    {7, 0, 9, 7, 9, 1074},  // 0xA5
    {7, 3, 10, 1, 13, 1083},  // 0xA6
    {7, 1, 10, 5, 10, 1096},  // 0xA7
    {8, 2, 9, 4, 1, 1106},  // 0xA8
    {11, 1, 10, 9, 10, 1107},  // 0xA9
    {5, 0, 9, 4, 4, 1127},  // 0xAA
    {7, 1, 7, 5, 5, 1131},  // 0xAB
    {7, 1, 5, 6, 3, 1136},  // 0xAC
    {4, 1, 4, 3, 1, 1139},  // 0xAD
    {11, 1, 10, 9, 10, 1140},  // 0xAE
    {7, -1, 11, 7, 1, 1160},  // 0xAF
    {6, 1, 9, 4, 4, 1161},  // 0xB0
    {7, 1, 8, 6, 8, 1165},  // 0xB1
    {5, 0, 11, 4, 6, 1173},  // 0xB2
    {5, 0, 11, 4, 6, 1179},  // 0xB3
    {4, 1, 10, 2, 2, 1185},  // 0xB4
    {8, 1, 7, 6, 10, 1187},  // 0xB5
    {9, 1, 10, 6, 11, 1197},  // 0xB6
    {3, 1, 6, 2, 2, 1208},  // 0xB7
    {3, 0, 1, 3, 3, 1210},  // 0xB8
    {5, 0, 11, 3, 6, 1213},  // 0xB9
    {5, 0, 9, 4, 5, 1219},  // 0xBA
    {7, 0, 7, 6, 5, 1224},  // 0xBB
    {10, 0, 9, 10, 9, 1229},  // 0xBC
    {10, 0, 9, 9, 9, 1247},  // 0xBD
    {10, 0, 9, 10, 9, 1265},  // 0xBE
    {6, 0, 7, 5, 10, 1283},  // 0xBF
    {8, 0, 12, 8, 12, 1293},  // 0xC0
    {8, 0, 12, 8, 12, 1305},  // 0xC1
    {8, 0, 12, 8, 12, 1317},  // 0xC2
    {8, 0, 12, 8, 12, 1329},  // 0xC3
    {8, 0, 11, 8, 11, 1341},  // 0xC4
    {8, 0, 12, 8, 12, 1352},  // 0xC5
    {11, -1, 9, 11, 9, 1364},  // 0xC6
    {8, 1, 9, 7, 12, 1382},  // 0xC7
    {7, 1, 12, 5, 12, 1394},  // 0xC8
    {7, 1, 12, 5, 12, 1406},  // 0xC9
    {7, 1, 12, 5, 12, 1418},  // 0xCA
    {7, 1, 11, 5, 11, 1430},  // 0xCB
    {4, 1, 12, 3, 12, 1441},  // 0xCC
    {4, 1, 12, 3, 12, 1453},  // 0xCD
    {4, 1, 12, 4, 12, 1465},  // 0xCE
    {4, -1, 11, 4, 11, 1477},  // 0xCF
    {9, 0, 9, 9, 9, 1488},  // 0xD0
    {10, 1, 12, 8, 12, 1506},  // 0xD1
    {10, 1, 12, 8, 12, 1518},  // 0xD2
    {10, 1, 12, 8, 12, 1530},  // 0xD3
    {10, 1, 12, 8, 12, 1542},  // 0xD4
    {10, 1, 12, 8, 12, 1554},  // 0xD5
    {10, 1, 11, 8, 11, 1566},  // 0xD6
    {7, 1, 8, 6, 5, 1577},  // 0xD7
    {10, 1, 10, 8, 9, 1582},  // 0xD8
    {10, 1, 12, 7, 12, 1591},  // 0xD9
    {10, 1, 12, 7, 12, 1603},  // 0xDA
    {10, 1, 12, 7, 12, 1615},  // 0xDB
    {10, 1, 11, 7, 11, 1627},  // 0xDC
    {7, 0, 12, 7, 12, 1638},  // 0xDD
    {8, 1, 9, 6, 9, 1650},  // 0xDE
    {8, 1, 10, 7, 10, 1659},  // 0xDF
    {7, 1, 10, 5, 10, 1669},  // 0xE0
    {7, 1, 10, 5, 10, 1679},  // 0xE1
    {7, 1, 10, 5, 10, 1689},  // 0xE2
    {7, 1, 10, 5, 10, 1699},  // 0xE3
    {7, 1, 9, 5, 9, 1709},  // 0xE4
    {7, 1, 11, 5, 11, 1718},  // 0xE5
    {11, 1, 7, 10, 7, 1729},  // 0xE6
    {6, 1, 7, 5, 10, 1743},  // 0xE7
    {7, 1, 10, 6, 10, 1753},  // 0xE8
    {7, 1, 10, 6, 10, 1763},  // 0xE9
    {7, 1, 10, 6, 10, 1773},  // 0xEA
    {7, 1, 9, 6, 9, 1783},  // 0xEB
    {3, -1, 10, 2, 10, 1792},  // 0xEC
    {3, 1, 10, 2, 10, 1802},  // 0xED
    {3, -1, 10, 4, 10, 1812},  // 0xEE
    {3, -1, 9, 4, 9, 1822},  // 0xEF
    {8, 1, 10, 6, 10, 1831},  // 0xF0
    {8, 1, 10, 6, 10, 1841},  // 0xF1
    {8, 1, 10, 6, 10, 1851},  // 0xF2
    {8, 1, 10, 6, 10, 1861},  // 0xF3
    {8, 1, 10, 6, 10, 1871},  // 0xF4
    {8, 1, 10, 6, 10, 1881},  // 0xF5
    {8, 1, 9, 6, 9, 1891},  // 0xF6
    {7, 1, 8, 6, 6, 1900},  // 0xF7
    {8, 1, 8, 6, 7, 1906},  // 0xF8
    {8, 1, 10, 6, 10, 1913},  // 0xF9
    {8, 1, 10, 6, 10, 1923},  // 0xFA
    {8, 1, 10, 6, 10, 1933},  // 0xFB
    {8, 1, 9, 6, 9, 1943},  // 0xFC
    {7, 0, 10, 7, 13, 1952},  // 0xFD
    {8, 1, 10, 6, 13, 1965},  // 0xFE
    {7, 0, 9, 7, 12, 1978},  // 0xFF
};
static const uint8_t bits_regular_14[] = {
    0xc0, 0xc0, 0xc0, 0x80, 0x80, 0x80, 0x80, 0x00, 0xc0, 0xc0, 0xb0, 0x90, 0x90, 0x12, 0x00, 0x12,
    0x00, 0x12, 0x00, 0x7f, 0x80, 0x12, 0x00, 0x24, 0x00, 0xff, 0x00, 0x24, 0x00, 0x24, 0x00, 0x24,
    0x00, 0x20, 0x78, 0xec, 0xa0, 0xe0, 0x70, 0x2c, 0x24, 0xa4, 0xf8, 0x20, 0x20, 0xe1, 0x00, 0x92,
    0x00, 0x92, 0x00, 0x95, 0x80, 0x96, 0x40, 0xea, 0x40, 0x1a, 0x40, 0x12, 0x40, 0x22, 0x40, 0x61,
    0x80, 0x78, 0x00, 0x4c, 0x00, 0x4c, 0x00, 0x68, 0x00, 0x30, 0x00, 0xd9, 0x80, 0x8d, 0x00, 0x87,
    0x00, 0xc7, 0x00, 0x79, 0x80, 0x80, 0x80, 0x80, 0x60, 0x40, 0x80, 0x80, 0x80, 0x80, 0x80, 0x80,
    0x80, 0x80, 0x80, 0x40, 0x60, 0xc0, 0x60, 0x20, 0x20, 0x20, 0x30, 0x30, 0x30, 0x20, 0x20, 0x20,
    0x60, 0xc0, 0x30, 0x20, 0xac, 0x78, 0x70, 0xd8, 0x48, 0x30, 0x30, 0x30, 0xfc, 0x30, 0x30, 0x30,
    0xc0, 0x80, 0x80, 0x80, 0xe0, 0xc0, 0xc0, 0x08, 0x18, 0x10, 0x10, 0x20, 0x20, 0x60, 0x40, 0x40,
    0xc0, 0x78, 0xcc, 0x84, 0x84, 0x84, 0x84, 0x84, 0x84, 0xcc, 0x78, 0x30, 0x70, 0x90, 0x10, 0x10,
    0x10, 0x10, 0x10, 0x10, 0x10, 0x78, 0x8c, 0x04, 0x04, 0x08, 0x18, 0x30, 0x60, 0xc0, 0xfc, 0x78,
    0x8c, 0x04, 0x0c, 0x70, 0x0c, 0x04, 0x04, 0x8c, 0xf8, 0x04, 0x0c, 0x14, 0x24, 0x24, 0x44, 0xff,
    0x04, 0x04, 0x04, 0xfc, 0x80, 0x80, 0xf8, 0x0c, 0x04, 0x04, 0x04, 0x8c, 0xf8, 0x3c, 0x40, 0x80,
    0xb8, 0xcc, 0x84, 0x84, 0x84, 0xcc, 0x78, 0xfc, 0x04, 0x0c, 0x08, 0x18, 0x10, 0x10, 0x20, 0x20,
    0x40, 0x78, 0xcc, 0x84, 0xcc, 0x70, 0x58, 0x84, 0x84, 0x84, 0x78, 0x78, 0xcc, 0x84, 0x84, 0x8c,
    0x74, 0x04, 0x0c, 0x18, 0xf0, 0xc0, 0xc0, 0x00, 0x00, 0x00, 0x00, 0xc0, 0xc0, 0x60, 0x60, 0x00,
    0x00, 0x00, 0x00, 0x60, 0x40, 0x40, 0xc0, 0x04, 0x0c, 0x30, 0xc0, 0xc0, 0x30, 0x0c, 0xfc, 0x00,
    0x00, 0xfc, 0x80, 0xc0, 0x30, 0x0c, 0x0c, 0x30, 0xc0, 0x78, 0x8c, 0x04, 0x08, 0x18, 0x20, 0x20,
    0x00, 0x20, 0x20, 0x1f, 0x00, 0x20, 0xc0, 0x4f, 0x40, 0x91, 0x20, 0x91, 0x20, 0x93, 0x20, 0x93,
    0x40, 0x9d, 0xc0, 0x80, 0x00, 0x60, 0x80, 0x3f, 0x00, 0x08, 0x00, 0x14, 0x00, 0x14, 0x00, 0x14,
    0x00, 0x22, 0x00, 0x22, 0x00, 0x7f, 0x00, 0x41, 0x00, 0x41, 0x00, 0x81, 0x80, 0xfc, 0xc6, 0xc2,
    0xc6, 0xf8, 0xc6, 0xc2, 0xc2, 0xc6, 0xfc, 0x3e, 0x62, 0xc0, 0x80, 0x80, 0x80, 0x80, 0xc0, 0x60,
    0x3e, 0xfc, 0xc6, 0xc3, 0xc1, 0xc1, 0xc1, 0xc1, 0xc3, 0xc6, 0xfc, 0xfc, 0xc0, 0xc0, 0xc0, 0xfc,
    0xc0, 0xc0, 0xc0, 0xc0, 0xfc, 0xfc, 0xc0, 0xc0, 0xc0, 0xfc, 0xc0, 0xc0, 0xc0, 0xc0, 0xc0, 0x3f,
    0x61, 0xc0, 0x80, 0x87, 0x81, 0x81, 0xc1, 0x61, 0x3f, 0xc1, 0xc1, 0xc1, 0xc1, 0xff, 0xc1, 0xc1,
    0xc1, 0xc1, 0xc1, 0xe0, 0x40, 0x40, 0x40, 0x40, 0x40, 0x40, 0x40, 0x40, 0xe0, 0x30, 0x30, 0x30,
    0x30, 0x30, 0x30, 0x30, 0x30, 0x30, 0x30, 0x30, 0x20, 0xe0, 0xc3, 0xc4, 0xc8, 0xd0, 0xf0, 0xd0,
    0xc8, 0xcc, 0xc6, 0xc3, 0xc0, 0xc0, 0xc0, 0xc0, 0xc0, 0xc0, 0xc0, 0xc0, 0xc0, 0xfc, 0xc0, 0xc0,
    0xa0, 0xc0, 0xa0, 0xc0, 0xf1, 0x40, 0xd1, 0x40, 0xd3, 0x40, 0xda, 0x40, 0xca, 0x40, 0xcc, 0x40,
    0xc4, 0x40, 0xc1, 0xe1, 0xa1, 0xd1, 0xd9, 0xc9, 0xc5, 0xc7, 0xc3, 0xc3, 0x3e, 0x00, 0x63, 0x00,
    0xc1, 0x80, 0x80, 0x80, 0x80, 0x80, 0x80, 0x80, 0x80, 0x80, 0xc1, 0x80, 0x63, 0x00, 0x3e, 0x00,
    0xf8, 0xc4, 0xc6, 0xc6, 0xc4, 0xf8, 0xc0, 0xc0, 0xc0, 0xc0, 0x3e, 0x00, 0x63, 0x00, 0xc1, 0x80,
    0x80, 0x80, 0x80, 0x80, 0x80, 0x80, 0x80, 0x80, 0xc1, 0x80, 0x63, 0x00, 0x3e, 0x00, 0x06, 0x00,
    0x03, 0x80, 0xfc, 0xc4, 0xc6, 0xc6, 0xc4, 0xf8, 0xc8, 0xcc, 0xc6, 0xc3, 0x7c, 0xc4, 0x80, 0x80,
    0x60, 0x18, 0x04, 0x04, 0x8c, 0xf8, 0xff, 0x18, 0x18, 0x18, 0x18, 0x18, 0x18, 0x18, 0x18, 0x18,
    0xc1, 0xc1, 0xc1, 0xc1, 0xc1, 0xc1, 0xc1, 0xc1, 0x42, 0x3c, 0x81, 0x41, 0x43, 0x62, 0x26, 0x24,
    0x34, 0x1c, 0x18, 0x18, 0xc2, 0x18, 0x47, 0x10, 0x45, 0x10, 0x45, 0x10, 0x6d, 0x30, 0x28, 0xa0,
    0x28, 0xa0, 0x28, 0xa0, 0x38, 0xe0, 0x10, 0x40, 0xc3, 0x62, 0x24, 0x1c, 0x18, 0x18, 0x34, 0x26,
    0x42, 0xc3, 0xc3, 0x42, 0x66, 0x24, 0x38, 0x18, 0x18, 0x18, 0x18, 0x18, 0xfc, 0x04, 0x08, 0x18,
    0x10, 0x20, 0x60, 0x40, 0x80, 0xfc, 0xe0, 0x80, 0x80, 0x80, 0x80, 0x80, 0x80, 0x80, 0x80, 0x80,
    0x80, 0x80, 0xe0, 0xc0, 0x40, 0x40, 0x60, 0x20, 0x20, 0x10, 0x10, 0x18, 0x08, 0xe0, 0x20, 0x20,
    0x20, 0x20, 0x20, 0x20, 0x20, 0x20, 0x20, 0x20, 0x20, 0xe0, 0x20, 0x30, 0x30, 0x48, 0x48, 0x84,
    0x84, 0xfc, 0x80, 0xc0, 0x40, 0x78, 0x8c, 0x04, 0x7c, 0xcc, 0x8c, 0x8c, 0xf4, 0x80, 0x80, 0x80,
    0xb8, 0xc4, 0xc6, 0x82, 0x82, 0xc6, 0xc4, 0xb8, 0x78, 0xc0, 0x80, 0x80, 0x80, 0x80, 0xc8, 0x78,
    0x04, 0x04, 0x04, 0x7c, 0xcc, 0x84, 0x84, 0x84, 0x84, 0xc4, 0x7c, 0x78, 0xcc, 0x84, 0xfc, 0x80,
    0x80, 0xc4, 0x7c, 0x38, 0x20, 0x20, 0xf8, 0x20, 0x20, 0x20, 0x20, 0x20, 0x20, 0x20, 0x7c, 0xcc,
    0x84, 0x84, 0x84, 0x84, 0xc4, 0x7c, 0x04, 0x04, 0x8c, 0xf8, 0x80, 0x80, 0x80, 0xbc, 0xc4, 0xc6,
    0x86, 0x86, 0x86, 0x86, 0x86, 0xc0, 0x00, 0x00, 0x80, 0x80, 0x80, 0x80, 0x80, 0x80, 0x80, 0x80,
    0x30, 0x00, 0x00, 0x20, 0x20, 0x20, 0x20, 0x20, 0x20, 0x20, 0x20, 0x20, 0x20, 0x20, 0xe0, 0x80,
    0x80, 0x80, 0x8c, 0x98, 0xb0, 0xa0, 0xf0, 0x98, 0x88, 0x84, 0x80, 0x80, 0x80, 0x80, 0x80, 0x80,
    0x80, 0x80, 0x80, 0x80, 0x80, 0xb9, 0xc0, 0xc6, 0x60, 0xc4, 0x20, 0x84, 0x20, 0x84, 0x20, 0x84,
    0x20, 0x84, 0x20, 0x84, 0x20, 0xbc, 0xc4, 0xc6, 0x86, 0x86, 0x86, 0x86, 0x86, 0x78, 0xc4, 0x86,
    0x86, 0x86, 0x86, 0xc4, 0x78, 0xb8, 0xc4, 0xc6, 0x82, 0x82, 0xc6, 0xc4, 0xb8, 0x80, 0x80, 0x80,
    0x80, 0x7c, 0xcc, 0x84, 0x84, 0x84, 0x84, 0xc4, 0x7c, 0x04, 0x04, 0x04, 0x04, 0xb8, 0xc0, 0xc0,
    0x80, 0x80, 0x80, 0x80, 0x80, 0x78, 0x88, 0x80, 0xe0, 0x38, 0x08, 0x88, 0xf0, 0x20, 0x60, 0xf8,
    0x60, 0x60, 0x60, 0x60, 0x60, 0x60, 0x38, 0x84, 0x84, 0x84, 0x84, 0x84, 0x84, 0xcc, 0x7c, 0x82,
    0x46, 0x44, 0x44, 0x2c, 0x28, 0x28, 0x10, 0xc4, 0x60, 0x4a, 0x40, 0x4a, 0x40, 0x4a, 0x40, 0x6a,
    0xc0, 0x31, 0x80, 0x31, 0x80, 0x31, 0x80, 0xc6, 0x64, 0x28, 0x18, 0x18, 0x28, 0x64, 0xc6, 0x82,
    0x46, 0x44, 0x64, 0x2c, 0x28, 0x28, 0x18, 0x10, 0x10, 0x20, 0xe0, 0xf8, 0x18, 0x10, 0x20, 0x60,
    0x40, 0x80, 0xf8, 0x18, 0x30, 0x20, 0x20, 0x20, 0x20, 0xc0, 0x20, 0x20, 0x20, 0x20, 0x30, 0x18,
    0x80, 0x80, 0x80, 0x80, 0x80, 0x80, 0x80, 0x80, 0x80, 0x80, 0x80, 0x80, 0x80, 0x80, 0x80, 0xc0,
    0x20, 0x20, 0x20, 0x20, 0x20, 0x18, 0x30, 0x20, 0x20, 0x20, 0x20, 0xc0, 0xe4, 0x9c, 0xfc, 0x84,
    0x84, 0x84, 0x84, 0x84, 0x84, 0x84, 0x84, 0xfc, 0x1f, 0x31, 0x20, 0xfc, 0x60, 0xfc, 0x20, 0x20,
    0x31, 0x1f, 0x40, 0x40, 0x80, 0x1c, 0x10, 0x10, 0x7c, 0x30, 0x30, 0x30, 0x30, 0x30, 0x30, 0x30,
    0x30, 0xb0, 0xb0, 0xe0, 0x58, 0x50, 0x90, 0xcd, 0x80, 0xcd, 0x80, 0x20, 0x20, 0x20, 0xf8, 0x20,
    0x20, 0x20, 0x20, 0x20, 0x20, 0x20, 0x20, 0x20, 0x20, 0xf8, 0x20, 0x20, 0x20, 0xf8, 0xa8, 0x20,
    0x20, 0x60, 0x60, 0x90, 0xe1, 0x00, 0x92, 0x00, 0x92, 0x00, 0x95, 0x9c, 0x96, 0x56, 0xea, 0x52,
    0x1a, 0x52, 0x12, 0x52, 0x22, 0x56, 0x61, 0x9c, 0x88, 0x78, 0x30, 0x00, 0x7c, 0xc4, 0x80, 0x80,
    0x60, 0x18, 0x04, 0x04, 0x8c, 0xf8, 0x40, 0x60, 0x80, 0x80, 0xc0, 0x60, 0x3f, 0xe0, 0x62, 0x00,
    0xc2, 0x00, 0x82, 0x00, 0x83, 0xe0, 0x82, 0x00, 0x82, 0x00, 0xc2, 0x00, 0x62, 0x00, 0x3f, 0xe0,
    0x88, 0x78, 0x30, 0x00, 0xfc, 0x04, 0x08, 0x18, 0x10, 0x20, 0x60, 0x40, 0x80, 0xfc, 0x40, 0x40,
    0xc0, 0x40, 0x40, 0x80, 0x48, 0x50, 0xd0, 0x58, 0x50, 0x90, 0xe0, 0xe0, 0xe0, 0xe0, 0xf8, 0xff,
    0xf0, 0xc8, 0xb0, 0xf4, 0xc0, 0x2c, 0xc0, 0x2a, 0xc0, 0x2b, 0x40, 0x29, 0x40, 0x90, 0xf0, 0x60,
    0x00, 0x78, 0x88, 0x80, 0xe0, 0x38, 0x08, 0x88, 0xf0, 0x80, 0x80, 0x40, 0x60, 0x40, 0x80, 0x79,
    0xc0, 0xce, 0x20, 0x86, 0x20, 0x87, 0xf0, 0x86, 0x00, 0x86, 0x00, 0xce, 0x10, 0x79, 0xe0, 0x90,
    0xf0, 0x60, 0x00, 0xf8, 0x18, 0x10, 0x20, 0x60, 0x40, 0x80, 0xf8, 0x24, 0x00, 0x00, 0xc3, 0x42,
    0x66, 0x24, 0x38, 0x18, 0x18, 0x18, 0x18, 0x18, 0xc0, 0xc0, 0x00, 0x80, 0x80, 0x80, 0x80, 0x80,
    0xc0, 0xc0, 0x3c, 0x44, 0xc0, 0xc0, 0xc0, 0xc0, 0x40, 0x3c, 0x10, 0x10, 0x1e, 0x22, 0x20, 0x20,
    0xfc, 0x20, 0x20, 0x20, 0x60, 0xfe, 0xb4, 0x48, 0x84, 0x84, 0x48, 0xfc, 0x84, 0xc3, 0x42, 0x24,
    0x24, 0x18, 0x7e, 0x18, 0x7e, 0x18, 0x18, 0x80, 0x80, 0x80, 0x80, 0x80, 0x80, 0x00, 0x00, 0x00,
    0x80, 0x80, 0x80, 0x80, 0x80, 0x80, 0x78, 0x88, 0x80, 0x70, 0x98, 0x88, 0xc8, 0x30, 0x08, 0x88,
    0xf0, 0x90, 0x1e, 0x00, 0x61, 0x00, 0xce, 0x80, 0x92, 0x40, 0xb0, 0x40, 0xa0, 0x40, 0xa0, 0x40,
    0x90, 0x40, 0x9e, 0x80, 0x61, 0x80, 0x3e, 0x00, 0x70, 0x70, 0x90, 0x70, 0x4c, 0x68, 0x90, 0xb0,
    0xd8, 0x6c, 0xfc, 0x04, 0x04, 0x04, 0xe0, 0x1e, 0x00, 0x61, 0x00, 0xdc, 0x80, 0x92, 0x40, 0x92,
    0x40, 0x9c, 0x40, 0x94, 0x40, 0x92, 0x40, 0x92, 0x80, 0x61, 0x80, 0x3e, 0x00, 0xfe, 0x60, 0x90,
    0x90, 0x90, 0xf0, 0x30, 0x30, 0x30, 0xfc, 0x30, 0x30, 0x30, 0x00, 0xfc, 0x70, 0x90, 0x10, 0x20,
    0x40, 0xf0, 0xf0, 0x10, 0x60, 0x18, 0x10, 0xf0, 0x40, 0xc0, 0x80, 0x86, 0x86, 0x86, 0x86, 0x86,
    0x86, 0xc6, 0xbe, 0x80, 0x80, 0x80, 0x80, 0x7e, 0xf2, 0xf2, 0xf2, 0xf2, 0xf2, 0xf2, 0x0a, 0x0a,
    0x0a, 0x0a, 0x0a, 0x0a, 0xc0, 0xc0, 0x40, 0x60, 0x20, 0xc0, 0x40, 0xc0, 0x40, 0x40, 0x40, 0x40,
    0x70, 0x48, 0x88, 0x48, 0x70, 0xb0, 0x90, 0x48, 0x6c, 0x58, 0xb0, 0x20, 0x80, 0xe1, 0x00, 0x22,
    0x00, 0x22, 0x00, 0x24, 0x80, 0x25, 0x80, 0x09, 0x80, 0x12, 0x80, 0x13, 0xc0, 0x20, 0x80, 0x61,
    0x80, 0xe1, 0x00, 0x22, 0x00, 0x24, 0x00, 0x25, 0xc0, 0x2a, 0x40, 0x08, 0x40, 0x10, 0x80, 0x21,
    0x00, 0x63, 0xc0, 0x70, 0xc0, 0x90, 0x80, 0x11, 0x00, 0x61, 0x00, 0x12, 0x00, 0x16, 0x40, 0xf4,
    0xc0, 0x09, 0x40, 0x09, 0x40, 0x13, 0xe0, 0x30, 0x40, 0x10, 0x10, 0x00, 0x10, 0x10, 0x30, 0x60,
    0xc0, 0xc0, 0xc4, 0x7c, 0x10, 0x00, 0x18, 0x00, 0x08, 0x00, 0x00, 0x00, 0x08, 0x00, 0x14, 0x00,
    0x14, 0x00, 0x14, 0x00, 0x22, 0x00, 0x22, 0x00, 0x7f, 0x00, 0x41, 0x00, 0x41, 0x00, 0x81, 0x80,
    0x04, 0x00, 0x0c, 0x00, 0x08, 0x00, 0x00, 0x00, 0x08, 0x00, 0x14, 0x00, 0x14, 0x00, 0x14, 0x00,
    0x22, 0x00, 0x22, 0x00, 0x7f, 0x00, 0x41, 0x00, 0x41, 0x00, 0x81, 0x80, 0x0c, 0x00, 0x0c, 0x00,
    0x12, 0x00, 0x00, 0x00, 0x08, 0x00, 0x14, 0x00, 0x14, 0x00, 0x14, 0x00, 0x22, 0x00, 0x22, 0x00,
    0x7f, 0x00, 0x41, 0x00, 0x41, 0x00, 0x81, 0x80, 0x32, 0x00, 0x2c, 0x00, 0x00, 0x00, 0x08, 0x00,
    0x14, 0x00, 0x14, 0x00, 0x14, 0x00, 0x22, 0x00, 0x22, 0x00, 0x7f, 0x00, 0x41, 0x00, 0x41, 0x00,
    0x81, 0x80, 0x24, 0x00, 0x00, 0x00, 0x00, 0x00, 0x08, 0x00, 0x14, 0x00, 0x14, 0x00, 0x14, 0x00,
    0x22, 0x00, 0x22, 0x00, 0x7f, 0x00, 0x41, 0x00, 0x41, 0x00, 0x81, 0x80, 0x18, 0x00, 0x24, 0x00,
    0x18, 0x00, 0x08, 0x00, 0x14, 0x00, 0x14, 0x00, 0x14, 0x00, 0x22, 0x00, 0x22, 0x00, 0x7f, 0x00,
    0x41, 0x00, 0x41, 0x00, 0x81, 0x80, 0x0f, 0xf0, 0x0b, 0x00, 0x0b, 0x00, 0x13, 0x00, 0x13, 0xe0,
    0x33, 0x00, 0x3f, 0x00, 0x63, 0x00, 0x43, 0x00, 0xc3, 0xf0, 0x3e, 0x62, 0xc0, 0x80, 0x80, 0x80,
    0x80, 0xc0, 0x60, 0x3e, 0x08, 0x0c, 0x04, 0x18, 0x20, 0x30, 0x10, 0x00, 0xfc, 0xc0, 0xc0, 0xc0,
    0xfc, 0xc0, 0xc0, 0xc0, 0xc0, 0xfc, 0x08, 0x18, 0x10, 0x00, 0xfc, 0xc0, 0xc0, 0xc0, 0xfc, 0xc0,
    0xc0, 0xc0, 0xc0, 0xfc, 0x30, 0x30, 0x48, 0x00, 0xfc, 0xc0, 0xc0, 0xc0, 0xfc, 0xc0, 0xc0, 0xc0,
    0xc0, 0xfc, 0x48, 0x00, 0x00, 0xfc, 0xc0, 0xc0, 0xc0, 0xfc, 0xc0, 0xc0, 0xc0, 0xc0, 0xfc, 0x80,
    0xc0, 0x40, 0x00, 0xe0, 0x40, 0x40, 0x40, 0x40, 0x40, 0x40, 0x40, 0x40, 0xe0, 0x20, 0x60, 0x40,
    0x00, 0xe0, 0x40, 0x40, 0x40, 0x40, 0x40, 0x40, 0x40, 0x40, 0xe0, 0x60, 0x60, 0x90, 0x00, 0x70,
    0x20, 0x20, 0x20, 0x20, 0x20, 0x20, 0x20, 0x20, 0x70, 0x90, 0x00, 0x00, 0x70, 0x20, 0x20, 0x20,
    0x20, 0x20, 0x20, 0x20, 0x20, 0x70, 0x7e, 0x00, 0x63, 0x00, 0x61, 0x80, 0x60, 0x80, 0xf8, 0x80,
    0x60, 0x80, 0x60, 0x80, 0x61, 0x80, 0x63, 0x00, 0x7e, 0x00, 0x32, 0x2c, 0x00, 0xc1, 0xe1, 0xa1,
    0xd1, 0xd9, 0xc9, 0xc5, 0xc7, 0xc3, 0xc3, 0x10, 0x00, 0x18, 0x00, 0x08, 0x00, 0x00, 0x00, 0x3e,
    0x00, 0x63, 0x00, 0xc1, 0x80, 0x80, 0x80, 0x80, 0x80, 0x80, 0x80, 0x80, 0x80, 0xc1, 0x80, 0x63,
    0x00, 0x3e, 0x00, 0x04, 0x00, 0x0c, 0x00, 0x08, 0x00, 0x00, 0x00, 0x3e, 0x00, 0x63, 0x00, 0xc1,
    0x80, 0x80, 0x80, 0x80, 0x80, 0x80, 0x80, 0x80, 0x80, 0xc1, 0x80, 0x63, 0x00, 0x3e, 0x00, 0x0c,
    0x00, 0x0c, 0x00, 0x12, 0x00, 0x00, 0x00, 0x3e, 0x00, 0x63, 0x00, 0xc1, 0x80, 0x80, 0x80, 0x80,
    0x80, 0x80, 0x80, 0x80, 0x80, 0xc1, 0x80, 0x63, 0x00, 0x3e, 0x00, 0x32, 0x00, 0x2c, 0x00, 0x00,
    0x00, 0x3e, 0x00, 0x63, 0x00, 0xc1, 0x80, 0x80, 0x80, 0x80, 0x80, 0x80, 0x80, 0x80, 0x80, 0xc1,
    0x80, 0x63, 0x00, 0x3e, 0x00, 0x24, 0x00, 0x00, 0x00, 0x00, 0x00, 0x3e, 0x00, 0x63, 0x00, 0xc1,
    0x80, 0x80, 0x80, 0x80, 0x80, 0x80, 0x80, 0x80, 0x80, 0xc1, 0x80, 0x63, 0x00, 0x3e, 0x00, 0x84,
    0x48, 0x30, 0x30, 0x48, 0x84, 0x3f, 0x00, 0x63, 0x00, 0xc3, 0x80, 0x84, 0x80, 0x88, 0x80, 0x98,
    0x80, 0x90, 0x80, 0xe1, 0x80, 0x63, 0x00, 0xfe, 0x00, 0x10, 0x18, 0x08, 0x00, 0xc1, 0xc1, 0xc1,
    0xc1, 0xc1, 0xc1, 0xc1, 0xc1, 0x42, 0x3c, 0x04, 0x0c, 0x08, 0x00, 0xc1, 0xc1, 0xc1, 0xc1, 0xc1,
    0xc1, 0xc1, 0xc1, 0x42, 0x3c, 0x18, 0x18, 0x24, 0x00, 0xc1, 0xc1, 0xc1, 0xc1, 0xc1, 0xc1, 0xc1,
    0xc1, 0x42, 0x3c, 0x24, 0x00, 0x00, 0xc1, 0xc1, 0xc1, 0xc1, 0xc1, 0xc1, 0xc1, 0xc1, 0x42, 0x3c,
    0x04, 0x0c, 0x08, 0x00, 0xc3, 0x42, 0x66, 0x24, 0x38, 0x18, 0x18, 0x18, 0x18, 0x18, 0xc0, 0xf8,
    0xc4, 0xc6, 0xc6, 0xc6, 0xc4, 0xf8, 0xc0, 0xc0, 0x78, 0xc4, 0x84, 0x8c, 0x98, 0x98, 0x8c, 0x86,
    0x82, 0xa2, 0x9c, 0x20, 0x30, 0x10, 0x00, 0x78, 0x8c, 0x04, 0x7c, 0xcc, 0x8c, 0x8c, 0xf4, 0x08,
    0x18, 0x10, 0x00, 0x78, 0x8c, 0x04, 0x7c, 0xcc, 0x8c, 0x8c, 0xf4, 0x30, 0x30, 0x48, 0x00, 0x78,
    0x8c, 0x04, 0x7c, 0xcc, 0x8c, 0x8c, 0xf4, 0x64, 0x58, 0x00, 0x78, 0x8c, 0x04, 0x7c, 0xcc, 0x8c,
    0x8c, 0xf4, 0x48, 0x00, 0x00, 0x78, 0x8c, 0x04, 0x7c, 0xcc, 0x8c, 0x8c, 0xf4, 0x30, 0x48, 0x30,
    0x00, 0x78, 0x8c, 0x04, 0x7c, 0xcc, 0x8c, 0x8c, 0xf4, 0x7b, 0x80, 0x8c, 0x40, 0x0c, 0x40, 0x7f,
    0xc0, 0x8c, 0x00, 0x8c, 0x00, 0x8c, 0x40, 0xf3, 0xc0, 0x78, 0xc0, 0x80, 0x80, 0x80, 0x80, 0xc8,
    0x78, 0x20, 0x30, 0x10, 0x60, 0x20, 0x30, 0x10, 0x00, 0x78, 0xcc, 0x84, 0xfc, 0x80, 0x80, 0xc4,
    0x7c, 0x08, 0x18, 0x10, 0x00, 0x78, 0xcc, 0x84, 0xfc, 0x80, 0x80, 0xc4, 0x7c, 0x30, 0x30, 0x48,
    0x00, 0x78, 0xcc, 0x84, 0xfc, 0x80, 0x80, 0xc4, 0x7c, 0x48, 0x00, 0x00, 0x78, 0xcc, 0x84, 0xfc,
    0x80, 0x80, 0xc4, 0x7c, 0x80, 0xc0, 0x40, 0x00, 0x40, 0x40, 0x40, 0x40, 0x40, 0x40, 0x40, 0x40,
    0x20, 0x60, 0x40, 0x00, 0x80, 0x80, 0x80, 0x80, 0x80, 0x80, 0x80, 0x80, 0x60, 0x60, 0x90, 0x00,
    0x40, 0x40, 0x40, 0x40, 0x40, 0x40, 0x40, 0x40, 0x90, 0x00, 0x00, 0x40, 0x40, 0x40, 0x40, 0x40,
    0x40, 0x40, 0x40, 0x2c, 0x18, 0x68, 0x04, 0x7c, 0xc6, 0x86, 0x86, 0x86, 0xc4, 0x78, 0x64, 0x58,
    0x00, 0xbc, 0xc4, 0xc6, 0x86, 0x86, 0x86, 0x86, 0x86, 0x20, 0x30, 0x10, 0x00, 0x78, 0xc4, 0x86,
    0x86, 0x86, 0x86, 0xc4, 0x78, 0x08, 0x18, 0x10, 0x00, 0x78, 0xc4, 0x86, 0x86, 0x86, 0x86, 0xc4,
    0x78, 0x30, 0x30, 0x48, 0x00, 0x78, 0xc4, 0x86, 0x86, 0x86, 0x86, 0xc4, 0x78, 0x64, 0x58, 0x00,
    0x78, 0xc4, 0x86, 0x86, 0x86, 0x86, 0xc4, 0x78, 0x48, 0x00, 0x00, 0x78, 0xc4, 0x86, 0x86, 0x86,
    0x86, 0xc4, 0x78, 0x30, 0x30, 0x00, 0xfc, 0x00, 0x30, 0x30, 0x7c, 0xcc, 0x8e, 0x96, 0xb6, 0xa6,
    0xc4, 0xf8, 0x20, 0x30, 0x10, 0x00, 0x84, 0x84, 0x84, 0x84, 0x84, 0x84, 0xcc, 0x7c, 0x08, 0x18,
    0x10, 0x00, 0x84, 0x84, 0x84, 0x84, 0x84, 0x84, 0xcc, 0x7c, 0x30, 0x30, 0x48, 0x00, 0x84, 0x84,
    0x84, 0x84, 0x84, 0x84, 0xcc, 0x7c, 0x48, 0x00, 0x00, 0x84, 0x84, 0x84, 0x84, 0x84, 0x84, 0xcc,
    0x7c, 0x08, 0x18, 0x10, 0x00, 0x82, 0x46, 0x44, 0x64, 0x2c, 0x28, 0x28, 0x18, 0x10, 0x10, 0x20,
    0xe0, 0x80, 0x80, 0x80, 0xb8, 0xc4, 0xc6, 0x82, 0x82, 0xc6, 0xc4, 0xb8, 0x80, 0x80, 0x80, 0x80,
    0x24, 0x00, 0x00, 0x82, 0x46, 0x44, 0x64, 0x2c, 0x28, 0x28, 0x18, 0x10, 0x10, 0x20, 0xe0,
};
static const recipe_glyph_t glyphs_regular_14[] = {
    {4, 0, 0, 0, 0, 0},  // 0x20
    {4, 1, 10, 2, 10, 0},  // 0x21
    {6, 1, 10, 4, 3, 10},  // 0x22
    {9, 0, 10, 9, 10, 13},  // 0x23
    {8, 1, 11, 6, 12, 33},  // 0x24
    {12, 1, 10, 10, 10, 45},  // 0x25
    {10, 1, 10, 9, 10, 65},  // 0x26
    {3, 1, 10, 1, 3, 85},  // 0x27
    {4, 1, 10, 3, 13, 88},  // 0x28
    {4, 0, 10, 4, 13, 101},  // 0x29
    {8, 1, 11, 6, 7, 114},  // 0x2A
    {8, 1, 9, 6, 7, 121},  // 0x2B
    {4, 1, 2, 2, 4, 128},  // 0x2C
    {5, 1, 5, 3, 1, 132},  // 0x2D
    {4, 1, 2, 2, 2, 133},  // 0x2E
    {5, 0, 10, 5, 10, 135},  // 0x2F
    {8, 1, 10, 6, 10, 145},  // 0x30
    {8, 1, 10, 4, 10, 155},  // 0x31
    {8, 1, 10, 6, 10, 165},  // 0x32
    {8, 1, 10, 6, 10, 175},  // 0x33
    {8, 0, 10, 8, 10, 185},  // 0x34
    {8, 1, 10, 6, 10, 195},  // 0x35
    {8, 1, 10, 6, 10, 205},  // 0x36
    {8, 1, 10, 6, 10, 215},  // 0x37
    {8, 1, 10, 6, 10, 225},  // 0x38
    {8, 1, 10, 6, 10, 235},  // 0x39
    {4, 1, 8, 2, 8, 245},  // 0x3A
    {4, 0, 8, 3, 10, 253},  // 0x3B
    {8, 1, 9, 6, 7, 263},  // 0x3C
    {8, 1, 7, 6, 4, 270},  // 0x3D
    {8, 1, 9, 6, 7, 274},  // 0x3E
    {6, 0, 10, 6, 10, 281},  // 0x3F
    {13, 1, 10, 11, 11, 291},  // 0x40
    {9, 0, 10, 9, 10, 313},  // 0x41
    {9, 1, 10, 7, 10, 333},  // 0x42
    {9, 1, 10, 7, 10, 343},  // 0x43
    {10, 1, 10, 8, 10, 353},  // 0x44
    {8, 1, 10, 6, 10, 363},  // 0x45
    {7, 1, 10, 6, 10, 373},  // 0x46
    {10, 1, 10, 8, 10, 383},  // 0x47
    {10, 1, 10, 8, 10, 393},  // 0x48
    {5, 1, 10, 3, 10, 403},  // 0x49
    {4, -2, 10, 4, 13, 413},  // 0x4A
    {9, 1, 10, 8, 10, 426},  // 0x4B
    {7, 1, 10, 6, 10, 436},  // 0x4C
    {13, 1, 10, 10, 10, 446},  // 0x4D
    {11, 1, 10, 8, 10, 466},  // 0x4E
    {11, 1, 10, 9, 10, 476},  // 0x4F
    {8, 1, 10, 7, 10, 496},  // 0x50
    {11, 1, 10, 9, 12, 506},  // 0x51
    {9, 1, 10, 8, 10, 530},  // 0x52
    {8, 1, 10, 6, 10, 540},  // 0x53
    {8, 0, 10, 8, 10, 550},  // 0x54
    {10, 1, 10, 8, 10, 560},  // 0x55
    {8, 0, 10, 8, 10, 570},  // 0x56
    {13, 0, 10, 13, 10, 580},  // 0x57
    {8, 0, 10, 8, 10, 600},  // 0x58
    {8, 0, 10, 8, 10, 610},  // 0x59
    {8, 1, 10, 6, 10, 620},  // 0x5A
    {5, 1, 10, 3, 13, 630},  // 0x5B
    {5, 0, 10, 5, 10, 643},  // 0x5C
    {5, 0, 10, 3, 13, 653},  // 0x5D
    {8, 1, 11, 6, 7, 666},  // 0x5E
    {6, -1, -1, 6, 1, 673},  // 0x5F
    {4, 1, 12, 2, 3, 674},  // 0x60
    {8, 1, 8, 6, 8, 677},  // 0x61
    {9, 1, 11, 7, 11, 685},  // 0x62
    {7, 1, 8, 5, 8, 696},  // 0x63
    {9, 1, 11, 6, 11, 704},  // 0x64
    {8, 1, 8, 6, 8, 715},  // 0x65
    {5, 0, 11, 5, 11, 723},  // 0x66
    {9, 1, 8, 6, 12, 734},  // 0x67
    {9, 1, 11, 7, 11, 746},  // 0x68
    {4, 1, 11, 2, 11, 757},  // 0x69
    {4, -1, 11, 4, 15, 768},  // 0x6A
    {7, 1, 11, 6, 11, 783},  // 0x6B
    {4, 1, 11, 1, 11, 794},  // 0x6C
    {13, 1, 8, 11, 8, 805},  // 0x6D
    {9, 1, 8, 7, 8, 821},  // 0x6E
    {8, 1, 8, 7, 8, 829},  // 0x6F
    {9, 1, 8, 7, 12, 837},  // 0x70
    {9, 1, 8, 6, 12, 849},  // 0x71
    {6, 1, 8, 5, 8, 861},  // 0x72
    {7, 1, 8, 5, 8, 869},  // 0x73
    {5, 0, 10, 5, 10, 877},  // 0x74
    {9, 1, 8, 6, 8, 887},  // 0x75
    {7, 0, 8, 7, 8, 895},  // 0x76
    {11, 0, 8, 11, 8, 903},  // 0x77
    {7, 0, 8, 7, 8, 919},  // 0x78
    {7, 0, 8, 7, 12, 927},  // 0x79
    {7, 1, 8, 5, 8, 939},  // 0x7A
    {5, 0, 10, 5, 13, 947},  // 0x7B
    {8, 3, 11, 1, 15, 960},  // 0x7C
    {5, 0, 10, 5, 13, 975},  // 0x7D
    {8, 1, 6, 6, 2, 988},  // 0x7E
    {8, 1, 10, 6, 10, 990},  // 0x7F
    {8, 0, 10, 8, 10, 1000},  // 0x80
    {0, 0, 0, 0, 0, 0},  // 0x81
    {4, 0, 2, 2, 3, 1010},  // 0x82
    {6, -1, 11, 6, 15, 1013},  // 0x83
    {6, 0, 2, 5, 3, 1028},  // 0x84
    {11, 1, 2, 9, 2, 1031},  // 0x85
    {7, 1, 11, 5, 11, 1035},  // 0x86
    {7, 1, 11, 5, 11, 1046},  // 0x87
    {6, 1, 12, 4, 3, 1057},  // 0x88
    {16, 1, 10, 15, 10, 1060},  // 0x89
    {8, 1, 14, 6, 14, 1080},  // 0x8A
    {4, 1, 7, 3, 6, 1094},  // 0x8B
    {13, 1, 10, 11, 10, 1100},  // 0x8C
    {0, 0, 0, 0, 0, 0},  // 0x8D
    {8, 1, 14, 6, 14, 1120},  // 0x8E
    {0, 0, 0, 0, 0, 0},  // 0x8F
    {0, 0, 0, 0, 0, 0},  // 0x90
    {2, 0, 10, 2, 3, 1134},  // 0x91
    {2, 0, 10, 2, 3, 1137},  // 0x92
    {5, 0, 10, 5, 3, 1140},  // 0x93
    {5, 0, 10, 5, 3, 1143},  // 0x94
    {5, 1, 8, 3, 4, 1146},  // 0x95
    {7, 1, 5, 5, 1, 1150},  // 0x96
    {14, 1, 5, 12, 1, 1151},  // 0x97
    {6, 1, 11, 5, 2, 1153},  // 0x98
    {11, 0, 10, 10, 5, 1155},  // 0x99
    {7, 1, 12, 5, 12, 1165},  // 0x9A
    {4, 1, 7, 3, 6, 1177},  // 0x9B
    {13, 1, 8, 12, 8, 1183},  // 0x9C
    {0, 0, 0, 0, 0, 0},  // 0x9D
    {7, 1, 12, 5, 12, 1199},  // 0x9E
    {8, 0, 13, 8, 13, 1211},  // 0x9F
    {4, 0, 0, 0, 0, 1224},  // 0xA0
    {4, 1, 8, 2, 10, 1224},  // 0xA1
    {8, 1, 10, 6, 10, 1234},  // 0xA2
    {8, 0, 10, 7, 10, 1244},  // 0xA3
    {8, 1, 9, 6, 7, 1254},  // 0xA4
    {8, 0, 10, 8, 10, 1261},  // 0xA5
    {8, 3, 11, 1, 15, 1271},  // 0xA6
    {7, 1, 11, 5, 11, 1286},  // 0xA7
    {8, 2, 11, 4, 1, 1297},  // 0xA8
    {12, 1, 11, 10, 11, 1298},  // 0xA9
    {5, 0, 10, 4, 4, 1320},  // 0xAA
    {7, 1, 7, 6, 6, 1324},  // 0xAB
    {8, 1, 6, 6, 4, 1330},  // 0xAC
    {5, 1, 5, 3, 1, 1334},  // 0xAD
    {12, 1, 11, 10, 11, 1335},  // 0xAE
    {7, -1, 12, 7, 1, 1357},  // 0xAF
    {6, 1, 11, 4, 5, 1358},  // 0xB0
    {8, 1, 9, 6, 9, 1363},  // 0xB1
    {5, 0, 12, 4, 6, 1372},  // 0xB2
    {5, 0, 12, 5, 6, 1378},  // 0xB3
    {4, 1, 12, 2, 3, 1384},  // 0xB4
    {9, 1, 8, 7, 12, 1387},  // 0xB5
    {9, 1, 11, 7, 13, 1399},  // 0xB6
    {4, 1, 6, 2, 2, 1412},  // 0xB7
    {3, 0, 0, 3, 4, 1414},  // 0xB8
    {5, 1, 12, 2, 6, 1418},  // 0xB9
    {5, 0, 10, 5, 5, 1424},  // 0xBA
    {7, 1, 7, 6, 6, 1429},  // 0xBB
    {10, 0, 10, 10, 10, 1435},  // 0xBC
    {11, 0, 10, 10, 10, 1455},  // 0xBD
    {11, 0, 11, 11, 11, 1475},  // 0xBE
    {6, 0, 8, 6, 11, 1497},  // 0xBF
    {9, 0, 14, 9, 14, 1508},  // 0xC0
    {9, 0, 14, 9, 14, 1536},  // 0xC1
    {9, 0, 14, 9, 14, 1564},  // 0xC2
    {9, 0, 13, 9, 13, 1592},  // 0xC3
    {9, 0, 13, 9, 13, 1618},  // 0xC4
    {9, 0, 13, 9, 13, 1644},  // 0xC5
    {12, -1, 10, 12, 10, 1670},  // 0xC6
    {9, 1, 10, 7, 14, 1690},  // 0xC7
    {8, 1, 14, 6, 14, 1704},  // 0xC8
    {8, 1, 14, 6, 14, 1718},  // 0xC9
    {8, 1, 14, 6, 14, 1732},  // 0xCA
    {8, 1, 13, 6, 13, 1746},  // 0xCB
    {5, 1, 14, 3, 14, 1759},  // 0xCC
    {5, 1, 14, 3, 14, 1773},  // 0xCD
    {5, -1, 14, 4, 14, 1787},  // 0xCE
    {5, 0, 13, 4, 13, 1801},  // 0xCF
    {10, 0, 10, 9, 10, 1814},  // 0xD0
    {11, 1, 13, 8, 13, 1834},  // 0xD1
    {11, 1, 14, 9, 14, 1847},  // 0xD2
    {11, 1, 14, 9, 14, 1875},  // 0xD3
    {11, 1, 14, 9, 14, 1903},  // 0xD4
    {11, 1, 13, 9, 13, 1931},  // 0xD5
    {11, 1, 13, 9, 13, 1957},  // 0xD6
    {8, 1, 9, 6, 6, 1983},  // 0xD7
    {11, 1, 11, 9, 10, 1989},  // 0xD8
    {10, 1, 14, 8, 14, 2009},  // 0xD9
    {10, 1, 14, 8, 14, 2023},  // 0xDA
    {10, 1, 14, 8, 14, 2037},  // 0xDB
    {10, 1, 13, 8, 13, 2051},  // 0xDC
    {8, 0, 14, 8, 14, 2064},  // 0xDD
    {8, 1, 10, 7, 10, 2078},  // 0xDE
    {9, 1, 11, 7, 11, 2088},  // 0xDF
    {8, 1, 12, 6, 12, 2099},  // 0xE0
    {8, 1, 12, 6, 12, 2111},  // 0xE1
    {8, 1, 12, 6, 12, 2123},  // 0xE2
    {8, 1, 11, 6, 11, 2135},  // 0xE3
    {8, 1, 11, 6, 11, 2146},  // 0xE4
    {8, 1, 12, 6, 12, 2157},  // 0xE5
    {12, 1, 8, 10, 8, 2169},  // 0xE6
    {7, 1, 8, 5, 12, 2185},  // 0xE7
    {8, 1, 12, 6, 12, 2197},  // 0xE8
    {8, 1, 12, 6, 12, 2209},  // 0xE9
    {8, 1, 12, 6, 12, 2221},  // 0xEA
    {8, 1, 11, 6, 11, 2233},  // 0xEB
    {4, -1, 12, 2, 12, 2244},  // 0xEC
    {4, 1, 12, 3, 12, 2256},  // 0xED
    {4, -1, 12, 4, 12, 2268},  // 0xEE
    {4, 0, 11, 4, 11, 2280},  // 0xEF
    {8, 1, 12, 7, 11, 2291},  // 0xF0
    {9, 1, 11, 7, 11, 2302},  // 0xF1
    {8, 1, 12, 7, 12, 2313},  // 0xF2
    {8, 1, 12, 7, 12, 2325},  // 0xF3
    {8, 1, 12, 7, 12, 2337},  // 0xF4
    {8, 1, 11, 7, 11, 2349},  // 0xF5
    {8, 1, 11, 7, 11, 2360},  // 0xF6
    {8, 1, 9, 6, 7, 2371},  // 0xF7
    {8, 1, 9, 7, 8, 2378},  // 0xF8
    {9, 1, 12, 6, 12, 2386},  // 0xF9
    {9, 1, 12, 6, 12, 2398},  // 0xFA
    {9, 1, 12, 6, 12, 2410},  // 0xFB
    {9, 1, 11, 6, 11, 2422},  // 0xFC
    {7, 0, 12, 7, 16, 2433},  // 0xFD
    {9, 1, 11, 7, 15, 2449},  // 0xFE
    {7, 0, 11, 7, 15, 2464},  // 0xFF
};
static const uint8_t bits_regular_15[] = {
    0xc0, 0xc0, 0xc0, 0xc0, 0xc0, 0x40, 0x40, 0x00, 0xc0, 0xc0, 0x90, 0x90, 0x90, 0x09, 0x00, 0x19,
    0x00, 0x13, 0x00, 0x7f, 0x80, 0x12, 0x00, 0x12, 0x00, 0xff, 0x80, 0x24, 0x00, 0x24, 0x00, 0x24,
    0x00, 0x10, 0x78, 0xd4, 0x90, 0xd0, 0x78, 0x1c, 0x16, 0x96, 0xfc, 0x10, 0x10, 0x61, 0x80, 0x91,
    0x00, 0x92, 0x00, 0x93, 0xc0, 0x95, 0x40, 0xee, 0x20, 0x0a, 0x20, 0x12, 0x20, 0x11, 0x40, 0x21,
    0xc0, 0x38, 0x00, 0x44, 0x00, 0x44, 0x00, 0x6c, 0x00, 0x30, 0x00, 0x58, 0x80, 0x85, 0x80, 0x83,
    0x00, 0xc7, 0x00, 0x7c, 0xc0, 0x80, 0x80, 0x80, 0x60, 0x40, 0xc0, 0x80, 0x80, 0x80, 0x80, 0x80,
    0x80, 0x80, 0xc0, 0x40, 0x60, 0xc0, 0x60, 0x20, 0x30, 0x30, 0x10, 0x10, 0x10, 0x30, 0x30, 0x20,
    0x60, 0xc0, 0x30, 0x10, 0xd4, 0x7a, 0x38, 0x4c, 0x48, 0x10, 0x10, 0x10, 0xfe, 0x10, 0x10, 0x10,
    0xc0, 0xc0, 0x80, 0x80, 0xe0, 0xc0, 0xc0, 0x08, 0x08, 0x10, 0x10, 0x30, 0x20, 0x20, 0x40, 0x40,
    0xc0, 0x78, 0xc4, 0x86, 0x86, 0x82, 0x82, 0x86, 0x86, 0xc4, 0x78, 0x10, 0x70, 0xd0, 0x10, 0x10,
    0x10, 0x10, 0x10, 0x10, 0x10, 0x78, 0x8c, 0x04, 0x04, 0x0c, 0x18, 0x30, 0x60, 0xc0, 0xfe, 0x78,
    0x84, 0x04, 0x0c, 0x70, 0x0c, 0x06, 0x06, 0x84, 0xf8, 0x06, 0x0a, 0x1e, 0x36, 0x26, 0x46, 0xff,
    0x06, 0x06, 0x06, 0x7c, 0xc0, 0xc0, 0xf8, 0x0c, 0x06, 0x06, 0x06, 0x8c, 0xf8, 0x3c, 0x60, 0xc0,
    0xbc, 0xc4, 0x86, 0x82, 0x86, 0x44, 0x38, 0xfe, 0x06, 0x04, 0x0c, 0x08, 0x18, 0x10, 0x30, 0x20,
    0x60, 0x78, 0xc4, 0x84, 0xc4, 0x78, 0x6c, 0x86, 0x82, 0xc6, 0x7c, 0x78, 0xc4, 0x86, 0x86, 0xc6,
    0x7e, 0x06, 0x04, 0x0c, 0x70, 0xc0, 0xc0, 0x00, 0x00, 0x00, 0x00, 0xc0, 0xc0, 0x60, 0x60, 0x00,
    0x00, 0x00, 0x00, 0x60, 0x40, 0x40, 0xc0, 0x02, 0x0c, 0x30, 0xc0, 0x60, 0x18, 0x06, 0xfe, 0x00,
    0x00, 0xfe, 0x80, 0x60, 0x18, 0x06, 0x0c, 0x70, 0x80, 0x78, 0x8c, 0x04, 0x0c, 0x18, 0x30, 0x20,
    0x00, 0x30, 0x30, 0x1f, 0x80, 0x30, 0xc0, 0x4f, 0x20, 0xd9, 0x20, 0x91, 0x10, 0x91, 0x30, 0x91,
    0x20, 0x8e, 0xe0, 0xc0, 0x00, 0x60, 0x80, 0x3f, 0x80, 0x0c, 0x00, 0x0c, 0x00, 0x14, 0x00, 0x12,
    0x00, 0x32, 0x00, 0x23, 0x00, 0x7f, 0x00, 0x41, 0x80, 0x41, 0x80, 0xc0, 0xc0, 0xfc, 0xc2, 0xc3,
    0xc2, 0xfc, 0xc2, 0xc3, 0xc3, 0xc3, 0xfe, 0x1f, 0x61, 0xc0, 0xc0, 0x80, 0x80, 0xc0, 0xc0, 0x60,
    0x3f, 0xfc, 0x00, 0xc3, 0x00, 0xc1, 0x80, 0xc1, 0x80, 0xc0, 0x80, 0xc0, 0x80, 0xc1, 0x80, 0xc1,
    0x00, 0xc3, 0x00, 0xfc, 0x00, 0xfc, 0xc0, 0xc0, 0xc0, 0xfc, 0xc0, 0xc0, 0xc0, 0xc0, 0xfc, 0xfc,
    0xc0, 0xc0, 0xc0, 0xfc, 0xc0, 0xc0, 0xc0, 0xc0, 0xc0, 0x1f, 0x00, 0x60, 0x80, 0xc0, 0x00, 0xc0,
    0x00, 0x87, 0x80, 0x81, 0x80, 0xc1, 0x80, 0xc1, 0x80, 0x61, 0x80, 0x3f, 0x80, 0xc1, 0x80, 0xc1,
    0x80, 0xc1, 0x80, 0xc1, 0x80, 0xff, 0x80, 0xc1, 0x80, 0xc1, 0x80, 0xc1, 0x80, 0xc1, 0x80, 0xc1,
    0x80, 0xe0, 0x40, 0x40, 0x40, 0x40, 0x40, 0x40, 0x40, 0x40, 0xe0, 0x30, 0x30, 0x30, 0x30, 0x30,
    0x30, 0x30, 0x30, 0x30, 0x30, 0x30, 0x30, 0xe0, 0xc3, 0xc6, 0xcc, 0xd8, 0xf0, 0xf8, 0xcc, 0xc4,
    0xc6, 0xc3, 0xc0, 0xc0, 0xc0, 0xc0, 0xc0, 0xc0, 0xc0, 0xc0, 0xc0, 0xfc, 0xe0, 0x60, 0xe0, 0x60,
    0xe0, 0xa0, 0xd0, 0xa0, 0xd1, 0xa0, 0xd9, 0x20, 0xc9, 0x20, 0xca, 0x20, 0xc6, 0x20, 0xc6, 0x20,
    0xc0, 0x80, 0xe0, 0x80, 0xf0, 0x80, 0xd0, 0x80, 0xc8, 0x80, 0xcc, 0x80, 0xc4, 0x80, 0xc2, 0x80,
    0xc3, 0x80, 0xc1, 0x80, 0x3e, 0x00, 0x61, 0x80, 0xc0, 0x80, 0xc0, 0xc0, 0x80, 0xc0, 0x80, 0xc0,
    0xc0, 0xc0, 0xc0, 0x80, 0x61, 0x80, 0x3e, 0x00, 0xfc, 0xc6, 0xc2, 0xc2, 0xc6, 0xfc, 0xc0, 0xc0,
    0xc0, 0xc0, 0x3e, 0x00, 0x61, 0x80, 0xc0, 0x80, 0xc0, 0xc0, 0x80, 0xc0, 0x80, 0xc0, 0xc0, 0xc0,
    0xc0, 0x80, 0x61, 0x80, 0x3e, 0x00, 0x02, 0x00, 0x03, 0x80, 0xfc, 0xc6, 0xc2, 0xc2, 0xc6, 0xfc,
    0xcc, 0xc4, 0xc2, 0xc3, 0x7c, 0xc4, 0x80, 0xc0, 0x70, 0x1c, 0x04, 0x06, 0x84, 0xf8, 0xff, 0x18,
    0x18, 0x18, 0x18, 0x18, 0x18, 0x18, 0x18, 0x18, 0xc1, 0x80, 0xc1, 0x80, 0xc1, 0x80, 0xc1, 0x80,
    0xc1, 0x80, 0xc1, 0x80, 0xc1, 0x80, 0xc1, 0x00, 0x63, 0x00, 0x3e, 0x00, 0xc1, 0x80, 0x41, 0x00,
    0x41, 0x00, 0x63, 0x00, 0x22, 0x00, 0x22, 0x00, 0x36, 0x00, 0x14, 0x00, 0x14, 0x00, 0x08, 0x00,
    0xc3, 0x0c, 0x43, 0x08, 0x47, 0x08, 0x65, 0x98, 0x64, 0x90, 0x2c, 0x90, 0x28, 0xd0, 0x38, 0x70,
    0x18, 0x60, 0x18, 0x60, 0xc1, 0x00, 0x62, 0x00, 0x26, 0x00, 0x14, 0x00, 0x18, 0x00, 0x1c, 0x00,
    0x34, 0x00, 0x22, 0x00, 0x43, 0x00, 0xc1, 0x80, 0xc1, 0x43, 0x62, 0x24, 0x14, 0x18, 0x08, 0x08,
    0x08, 0x08, 0xfe, 0x04, 0x0c, 0x18, 0x10, 0x30, 0x60, 0x40, 0xc0, 0xfe, 0xf0, 0x80, 0x80, 0x80,
    0x80, 0x80, 0x80, 0x80, 0x80, 0x80, 0x80, 0x80, 0xf0, 0xc0, 0x40, 0x40, 0x20, 0x20, 0x30, 0x10,
    0x10, 0x08, 0x08, 0xf0, 0x30, 0x30, 0x30, 0x30, 0x30, 0x30, 0x30, 0x30, 0x30, 0x30, 0x30, 0xf0,
    0x10, 0x30, 0x38, 0x48, 0x44, 0x84, 0x82, 0xfe, 0x80, 0xc0, 0x60, 0x78, 0x44, 0x04, 0x7c, 0xc4,
    0x84, 0x8c, 0x74, 0xc0, 0xc0, 0xc0, 0xfc, 0xc6, 0xc2, 0xc2, 0xc2, 0xc2, 0xc6, 0xbc, 0x3c, 0xc0,
    0x80, 0x80, 0x80, 0x80, 0xc4, 0x7c, 0x02, 0x02, 0x02, 0x7a, 0xc6, 0x86, 0x82, 0x82, 0x86, 0xc6,
    0x7a, 0x78, 0xc4, 0x86, 0xfe, 0x80, 0x80, 0xc2, 0x3c, 0x3c, 0x20, 0x20, 0xf8, 0x20, 0x20, 0x20,
    0x20, 0x20, 0x20, 0x20, 0x7a, 0xc6, 0x86, 0x82, 0x82, 0x82, 0xc6, 0x7a, 0x02, 0x06, 0x86, 0xfc,
    0xc0, 0xc0, 0xc0, 0xfc, 0xc6, 0xc2, 0xc2, 0xc2, 0xc2, 0xc2, 0xc2, 0xc0, 0x00, 0x00, 0xc0, 0xc0,
    0xc0, 0xc0, 0xc0, 0xc0, 0xc0, 0xc0, 0x30, 0x00, 0x00, 0x30, 0x30, 0x30, 0x30, 0x30, 0x30, 0x30,
    0x30, 0x30, 0x30, 0x20, 0xe0, 0xc0, 0xc0, 0xc0, 0xc6, 0xc8, 0xd0, 0xe0, 0xd0, 0xd8, 0xcc, 0xc6,
    0xc0, 0xc0, 0xc0, 0xc0, 0xc0, 0xc0, 0xc0, 0xc0, 0xc0, 0xc0, 0xc0, 0xbd, 0xe0, 0xc6, 0x30, 0xc6,
    0x30, 0xc6, 0x30, 0xc6, 0x30, 0xc6, 0x30, 0xc6, 0x30, 0xc6, 0x30, 0xbc, 0xc6, 0xc2, 0xc2, 0xc2,
    0xc2, 0xc2, 0xc2, 0x3c, 0xc6, 0x82, 0x82, 0x82, 0x82, 0x46, 0x3c, 0xbc, 0xc6, 0xc2, 0xc2, 0xc2,
    0xc2, 0xc6, 0xfc, 0xc0, 0xc0, 0xc0, 0xc0, 0x7a, 0xc6, 0x86, 0x82, 0x82, 0x86, 0xc6, 0x7a, 0x02,
    0x02, 0x02, 0x02, 0x98, 0xa0, 0xc0, 0xc0, 0xc0, 0xc0, 0xc0, 0xc0, 0x78, 0x88, 0x80, 0x60, 0x18,
    0x0c, 0x88, 0xf8, 0x20, 0x60, 0xf8, 0x60, 0x60, 0x60, 0x60, 0x60, 0x60, 0x38, 0xc2, 0xc2, 0xc2,
    0xc2, 0xc2, 0xc6, 0xc6, 0x7a, 0xc3, 0x42, 0x46, 0x64, 0x24, 0x2c, 0x38, 0x18, 0xc6, 0x30, 0x46,
    0x20, 0x4e, 0x20, 0x4b, 0x60, 0x69, 0x40, 0x39, 0x40, 0x31, 0xc0, 0x30, 0xc0, 0xc3, 0x64, 0x3c,
    0x18, 0x18, 0x2c, 0x66, 0xc3, 0xc3, 0x42, 0x46, 0x64, 0x24, 0x2c, 0x18, 0x18, 0x18, 0x10, 0x30,
    0xe0, 0xf8, 0x08, 0x10, 0x30, 0x60, 0x40, 0x80, 0xf8, 0x18, 0x30, 0x30, 0x30, 0x30, 0x20, 0xc0,
    0x20, 0x30, 0x30, 0x30, 0x30, 0x18, 0x80, 0x80, 0x80, 0x80, 0x80, 0x80, 0x80, 0x80, 0x80, 0x80,
    0x80, 0x80, 0x80, 0x80, 0x80, 0xe0, 0x20, 0x20, 0x20, 0x20, 0x30, 0x08, 0x30, 0x20, 0x20, 0x20,
    0x20, 0xe0, 0xe2, 0x9e, 0xfe, 0x82, 0x82, 0x82, 0x82, 0x82, 0x82, 0x82, 0x82, 0x82, 0xfe, 0x1f,
    0x31, 0x20, 0xfe, 0x60, 0xfc, 0x20, 0x20, 0x11, 0x0f, 0x40, 0x40, 0x80, 0x0e, 0x10, 0x10, 0x7c,
    0x10, 0x10, 0x10, 0x10, 0x10, 0x10, 0x10, 0x10, 0x90, 0x90, 0xe0, 0x48, 0x58, 0x90, 0xcc, 0xc0,
    0xcc, 0xc0, 0x30, 0x20, 0x20, 0xfc, 0x20, 0x20, 0x20, 0x20, 0x20, 0x20, 0x30, 0x30, 0x20, 0xa4,
    0xfc, 0x20, 0x30, 0x20, 0xfc, 0xa4, 0x20, 0x30, 0x60, 0x60, 0x98, 0x61, 0x80, 0x91, 0x00, 0x92,
    0x00, 0x93, 0xce, 0x95, 0x4b, 0xee, 0x29, 0x0a, 0x39, 0x12, 0x29, 0x11, 0x4b, 0x21, 0xce, 0x44,
    0x68, 0x30, 0x00, 0x00, 0x7c, 0xc4, 0x80, 0xc0, 0x70, 0x1c, 0x04, 0x06, 0x84, 0xf8, 0x20, 0x40,
    0x80, 0x80, 0x40, 0x20, 0x3f, 0xf0, 0x63, 0x00, 0xc3, 0x00, 0xc3, 0x00, 0x83, 0xf0, 0x83, 0x00,
    0xc3, 0x00, 0xc3, 0x00, 0x63, 0x00, 0x3f, 0xf0, 0x44, 0x68, 0x30, 0x00, 0x00, 0xfe, 0x04, 0x0c,
    0x18, 0x10, 0x30, 0x60, 0x40, 0xc0, 0xfe, 0x40, 0x40, 0xc0, 0x40, 0x40, 0x80, 0x48, 0x58, 0xd8,
    0x48, 0x58, 0x90, 0x60, 0xe0, 0xe0, 0x60, 0xfc, 0xff, 0xf8, 0xc8, 0xb8, 0xf4, 0x60, 0x26, 0x60,
    0x26, 0xa0, 0x25, 0xa0, 0x25, 0x20, 0x88, 0xd0, 0x60, 0x00, 0x78, 0x88, 0x80, 0x60, 0x18, 0x0c,
    0x88, 0xf8, 0x80, 0xc0, 0x60, 0x60, 0xc0, 0x80, 0x79, 0xe0, 0xc7, 0x30, 0x86, 0x10, 0x83, 0xf0,
    0x82, 0x00, 0x82, 0x00, 0xc7, 0x10, 0x38, 0xf0, 0x88, 0xd0, 0x60, 0x00, 0xf8, 0x08, 0x10, 0x30,
    0x60, 0x40, 0x80, 0xf8, 0x34, 0x00, 0x00, 0x00, 0xc1, 0x43, 0x62, 0x24, 0x14, 0x18, 0x08, 0x08,
    0x08, 0x08, 0xc0, 0xc0, 0x00, 0x80, 0xc0, 0xc0, 0xc0, 0xc0, 0xc0, 0xc0, 0xc0, 0x3c, 0x64, 0x40,
    0xc0, 0xc0, 0xc0, 0x40, 0x3c, 0x10, 0x10, 0x1e, 0x31, 0x20, 0x20, 0x7c, 0x20, 0x20, 0x20, 0x60,
    0xff, 0xfe, 0x44, 0x84, 0x84, 0x44, 0xfe, 0x84, 0xc1, 0x42, 0x22, 0x24, 0x14, 0x7e, 0x08, 0x7e,
    0x08, 0x08, 0x80, 0x80, 0x80, 0x80, 0x80, 0x80, 0x00, 0x00, 0x00, 0x80, 0x80, 0x80, 0x80, 0x80,
    0x80, 0x78, 0x84, 0xc0, 0x70, 0x88, 0x84, 0xc8, 0x38, 0x0c, 0x8c, 0xf8, 0xd0, 0x1e, 0x00, 0x61,
    0x80, 0x4e, 0x40, 0x92, 0x40, 0x90, 0x20, 0x90, 0x20, 0x90, 0x20, 0x90, 0x40, 0xce, 0x40, 0x60,
    0x80, 0x1f, 0x00, 0x70, 0x78, 0x88, 0x78, 0x24, 0x48, 0x90, 0x90, 0x48, 0x24, 0xfe, 0x02, 0x02,
    0x02, 0xe0, 0x1e, 0x00, 0x61, 0x80, 0x5e, 0x40, 0x92, 0x40, 0x92, 0x20, 0x9e, 0x20, 0x96, 0x20,
    0x92, 0x40, 0xd1, 0x40, 0x60, 0x80, 0x1f, 0x00, 0xff, 0x70, 0x90, 0x88, 0x90, 0x70, 0x10, 0x10,
    0x10, 0xfe, 0x10, 0x10, 0x10, 0x00, 0xfe, 0x70, 0x98, 0x18, 0x10, 0x20, 0x40, 0xf8, 0x70, 0x98,
    0x18, 0x70, 0x08, 0x08, 0xf0, 0x60, 0xc0, 0x80, 0xc2, 0xc2, 0xc2, 0xc2, 0xc2, 0xc2, 0xc6, 0xfa,
    0xc0, 0xc0, 0xc0, 0xc0, 0x7e, 0xfa, 0xfa, 0xfa, 0xfa, 0xfa, 0x7a, 0x0a, 0x0a, 0x0a, 0x0a, 0x0a,
    0x0a, 0xc0, 0xc0, 0x40, 0x60, 0x20, 0xe0, 0x60, 0xa0, 0x20, 0x20, 0x20, 0x20, 0x70, 0x48, 0x88,
    0x48, 0x70, 0x90, 0xd8, 0x6c, 0x6c, 0xd8, 0x90, 0x61, 0x80, 0xa3, 0x00, 0x62, 0x00, 0x64, 0x00,
    0x6c, 0x80, 0x69, 0x80, 0x12, 0x80, 0x12, 0x80, 0x27, 0xc0, 0x40, 0x80, 0x20, 0x80, 0xe1, 0x00,
    0x22, 0x00, 0x22, 0x00, 0x25, 0xc0, 0x2c, 0x20, 0x08, 0x20, 0x10, 0x40, 0x30, 0x80, 0x61, 0xe0,
    0x70, 0x40, 0x98, 0x80, 0x10, 0x80, 0x71, 0x00, 0x1b, 0x00, 0x0a, 0x60, 0xf4, 0xa0, 0x04, 0xa0,
    0x09, 0x20, 0x19, 0xf0, 0x10, 0x20, 0x18, 0x18, 0x00, 0x10, 0x10, 0x30, 0x60, 0x40, 0xc0, 0x44,
    0x7c, 0x10, 0x00, 0x18, 0x00, 0x0c, 0x00, 0x00, 0x00, 0x00, 0x00, 0x0c, 0x00, 0x0c, 0x00, 0x14,
    0x00, 0x12, 0x00, 0x32, 0x00, 0x23, 0x00, 0x7f, 0x00, 0x41, 0x80, 0x41, 0x80, 0xc0, 0xc0, 0x06,
    0x00, 0x0c, 0x00, 0x08, 0x00, 0x00, 0x00, 0x00, 0x00, 0x0c, 0x00, 0x0c, 0x00, 0x14, 0x00, 0x12,
    0x00, 0x32, 0x00, 0x23, 0x00, 0x7f, 0x00, 0x41, 0x80, 0x41, 0x80, 0xc0, 0xc0, 0x0c, 0x00, 0x0c,
    0x00, 0x13, 0x00, 0x00, 0x00, 0x00, 0x00, 0x0c, 0x00, 0x0c, 0x00, 0x14, 0x00, 0x12, 0x00, 0x32,
    0x00, 0x23, 0x00, 0x7f, 0x00, 0x41, 0x80, 0x41, 0x80, 0xc0, 0xc0, 0x32, 0x00, 0x2e, 0x00, 0x00,
    0x00, 0x00, 0x00, 0x0c, 0x00, 0x0c, 0x00, 0x14, 0x00, 0x12, 0x00, 0x32, 0x00, 0x23, 0x00, 0x7f,
    0x00, 0x41, 0x80, 0x41, 0x80, 0xc0, 0xc0, 0x34, 0x00, 0x00, 0x00, 0x00, 0x00, 0x00, 0x00, 0x0c,
    0x00, 0x0c, 0x00, 0x14, 0x00, 0x12, 0x00, 0x32, 0x00, 0x23, 0x00, 0x7f, 0x00, 0x41, 0x80, 0x41,
    0x80, 0xc0, 0xc0, 0x0c, 0x00, 0x12, 0x00, 0x0e, 0x00, 0x0c, 0x00, 0x0c, 0x00, 0x14, 0x00, 0x12,
    0x00, 0x32, 0x00, 0x23, 0x00, 0x7f, 0x00, 0x41, 0x80, 0x41, 0x80, 0xc0, 0xc0, 0x07, 0xf0, 0x0d,
    0x00, 0x09, 0x00, 0x19, 0x00, 0x11, 0xf0, 0x31, 0x00, 0x3f, 0x00, 0x61, 0x00, 0x41, 0x00, 0xc1,
    0xf0, 0x1f, 0x61, 0xc0, 0xc0, 0x80, 0x80, 0xc0, 0xc0, 0x60, 0x3f, 0x08, 0x0c, 0x04, 0x1c, 0x20,
    0x30, 0x18, 0x00, 0x00, 0xfc, 0xc0, 0xc0, 0xc0, 0xfc, 0xc0, 0xc0, 0xc0, 0xc0, 0xfc, 0x0c, 0x18,
    0x10, 0x00, 0x00, 0xfc, 0xc0, 0xc0, 0xc0, 0xfc, 0xc0, 0xc0, 0xc0, 0xc0, 0xfc, 0x30, 0x30, 0x4c,
    0x00, 0x00, 0xfc, 0xc0, 0xc0, 0xc0, 0xfc, 0xc0, 0xc0, 0xc0, 0xc0, 0xfc, 0x68, 0x00, 0x00, 0x00,
    0xfc, 0xc0, 0xc0, 0xc0, 0xfc, 0xc0, 0xc0, 0xc0, 0xc0, 0xfc, 0x80, 0xc0, 0x60, 0x00, 0x00, 0xe0,
    0x40, 0x40, 0x40, 0x40, 0x40, 0x40, 0x40, 0x40, 0xe0, 0x30, 0x60, 0x40, 0x00, 0x00, 0xe0, 0x40,
    0x40, 0x40, 0x40, 0x40, 0x40, 0x40, 0x40, 0xe0, 0x60, 0x60, 0x98, 0x00, 0x00, 0x70, 0x20, 0x20,
    0x20, 0x20, 0x20, 0x20, 0x20, 0x20, 0x70, 0xd0, 0x00, 0x00, 0x00, 0x70, 0x20, 0x20, 0x20, 0x20,
    0x20, 0x20, 0x20, 0x20, 0x70, 0x3e, 0x00, 0x21, 0x80, 0x20, 0xc0, 0x20, 0xc0, 0xfc, 0x40, 0x20,
    0x40, 0x20, 0xc0, 0x20, 0x80, 0x21, 0x80, 0x3e, 0x00, 0x32, 0x00, 0x2e, 0x00, 0x00, 0x00, 0x00,
    0x00, 0xc0, 0x80, 0xe0, 0x80, 0xf0, 0x80, 0xd0, 0x80, 0xc8, 0x80, 0xcc, 0x80, 0xc4, 0x80, 0xc2,
    0x80, 0xc3, 0x80, 0xc1, 0x80, 0x10, 0x00, 0x18, 0x00, 0x0c, 0x00, 0x00, 0x00, 0x00, 0x00, 0x3e,
    0x00, 0x61, 0x80, 0xc0, 0x80, 0xc0, 0xc0, 0x80, 0xc0, 0x80, 0xc0, 0xc0, 0xc0, 0xc0, 0x80, 0x61,
    0x80, 0x3e, 0x00, 0x06, 0x00, 0x0c, 0x00, 0x08, 0x00, 0x00, 0x00, 0x00, 0x00, 0x3e, 0x00, 0x61,
    0x80, 0xc0, 0x80, 0xc0, 0xc0, 0x80, 0xc0, 0x80, 0xc0, 0xc0, 0xc0, 0xc0, 0x80, 0x61, 0x80, 0x3e,
    0x00, 0x0c, 0x00, 0x0c, 0x00, 0x13, 0x00, 0x00, 0x00, 0x00, 0x00, 0x3e, 0x00, 0x61, 0x80, 0xc0,
    0x80, 0xc0, 0xc0, 0x80, 0xc0, 0x80, 0xc0, 0xc0, 0xc0, 0xc0, 0x80, 0x61, 0x80, 0x3e, 0x00, 0x19,
    0x00, 0x17, 0x00, 0x00, 0x00, 0x00, 0x00, 0x3e, 0x00, 0x61, 0x80, 0xc0, 0x80, 0xc0, 0xc0, 0x80,
    0xc0, 0x80, 0xc0, 0xc0, 0xc0, 0xc0, 0x80, 0x61, 0x80, 0x3e, 0x00, 0x1a, 0x00, 0x00, 0x00, 0x00,
    0x00, 0x00, 0x00, 0x3e, 0x00, 0x61, 0x80, 0xc0, 0x80, 0xc0, 0xc0, 0x80, 0xc0, 0x80, 0xc0, 0xc0,
    0xc0, 0xc0, 0x80, 0x61, 0x80, 0x3e, 0x00, 0x84, 0xc6, 0x68, 0x30, 0x38, 0x4c, 0x86, 0x3e, 0x80,
    0x61, 0x80, 0xc2, 0x80, 0xc6, 0xc0, 0x84, 0xc0, 0x88, 0xc0, 0xd0, 0xc0, 0xf0, 0x80, 0x61, 0x80,
    0xfe, 0x00, 0x10, 0x00, 0x18, 0x00, 0x0c, 0x00, 0x00, 0x00, 0x00, 0x00, 0xc1, 0x80, 0xc1, 0x80,
    0xc1, 0x80, 0xc1, 0x80, 0xc1, 0x80, 0xc1, 0x80, 0xc1, 0x80, 0xc1, 0x00, 0x63, 0x00, 0x3e, 0x00,
    0x06, 0x00, 0x0c, 0x00, 0x08, 0x00, 0x00, 0x00, 0x00, 0x00, 0xc1, 0x80, 0xc1, 0x80, 0xc1, 0x80,
    0xc1, 0x80, 0xc1, 0x80, 0xc1, 0x80, 0xc1, 0x80, 0xc1, 0x00, 0x63, 0x00, 0x3e, 0x00, 0x18, 0x00,
    0x18, 0x00, 0x26, 0x00, 0x00, 0x00, 0x00, 0x00, 0xc1, 0x80, 0xc1, 0x80, 0xc1, 0x80, 0xc1, 0x80,
    0xc1, 0x80, 0xc1, 0x80, 0xc1, 0x80, 0xc1, 0x00, 0x63, 0x00, 0x3e, 0x00, 0x34, 0x00, 0x00, 0x00,
    0x00, 0x00, 0x00, 0x00, 0xc1, 0x80, 0xc1, 0x80, 0xc1, 0x80, 0xc1, 0x80, 0xc1, 0x80, 0xc1, 0x80,
    0xc1, 0x80, 0xc1, 0x00, 0x63, 0x00, 0x3e, 0x00, 0x06, 0x0c, 0x08, 0x00, 0x00, 0xc1, 0x43, 0x62,
    0x24, 0x14, 0x18, 0x08, 0x08, 0x08, 0x08, 0xc0, 0xfc, 0xc6, 0xc2, 0xc2, 0xc2, 0xc6, 0xfc, 0xc0,
    0xc0, 0x7c, 0xc6, 0xc6, 0xc4, 0xc8, 0xd8, 0xcc, 0xc2, 0xc3, 0xe3, 0xde, 0x20, 0x30, 0x18, 0x00,
    0x78, 0x44, 0x04, 0x7c, 0xc4, 0x84, 0x8c, 0x74, 0x0c, 0x18, 0x10, 0x00, 0x78, 0x44, 0x04, 0x7c,
    0xc4, 0x84, 0x8c, 0x74, 0x30, 0x30, 0x4c, 0x00, 0x78, 0x44, 0x04, 0x7c, 0xc4, 0x84, 0x8c, 0x74,
    0x64, 0x5c, 0x00, 0x78, 0x44, 0x04, 0x7c, 0xc4, 0x84, 0x8c, 0x74, 0x68, 0x00, 0x00, 0x78, 0x44,
    0x04, 0x7c, 0xc4, 0x84, 0x8c, 0x74, 0x30, 0x48, 0x38, 0x00, 0x78, 0x44, 0x04, 0x7c, 0xc4, 0x84,
    0x8c, 0x74, 0x7b, 0xc0, 0x8e, 0x60, 0x04, 0x20, 0x7f, 0xe0, 0xc4, 0x00, 0x84, 0x00, 0x8e, 0x20,
    0x73, 0xe0, 0x3c, 0xc0, 0x80, 0x80, 0x80, 0x80, 0xc4, 0x7c, 0x10, 0x18, 0x08, 0x38, 0x20, 0x30,
    0x18, 0x00, 0x78, 0xc4, 0x86, 0xfe, 0x80, 0x80, 0xc2, 0x3c, 0x0c, 0x18, 0x10, 0x00, 0x78, 0xc4,
    0x86, 0xfe, 0x80, 0x80, 0xc2, 0x3c, 0x30, 0x30, 0x4c, 0x00, 0x78, 0xc4, 0x86, 0xfe, 0x80, 0x80,
    0xc2, 0x3c, 0x68, 0x00, 0x00, 0x78, 0xc4, 0x86, 0xfe, 0x80, 0x80, 0xc2, 0x3c, 0x80, 0xc0, 0x60,
    0x00, 0x60, 0x60, 0x60, 0x60, 0x60, 0x60, 0x60, 0x60, 0x30, 0x60, 0x40, 0x00, 0xc0, 0xc0, 0xc0,
    0xc0, 0xc0, 0xc0, 0xc0, 0xc0, 0x60, 0x60, 0x98, 0x00, 0x60, 0x60, 0x60, 0x60, 0x60, 0x60, 0x60,
    0x60, 0xd0, 0x00, 0x00, 0x60, 0x60, 0x60, 0x60, 0x60, 0x60, 0x60, 0x60, 0x34, 0x18, 0x6c, 0x04,
    0x7a, 0xc6, 0x82, 0x82, 0x82, 0xc6, 0x7c, 0x64, 0x5c, 0x00, 0xbc, 0xc6, 0xc2, 0xc2, 0xc2, 0xc2,
    0xc2, 0xc2, 0x20, 0x30, 0x18, 0x00, 0x3c, 0xc6, 0x82, 0x82, 0x82, 0x82, 0x46, 0x3c, 0x0c, 0x18,
    0x10, 0x00, 0x3c, 0xc6, 0x82, 0x82, 0x82, 0x82, 0x46, 0x3c, 0x30, 0x30, 0x4c, 0x00, 0x3c, 0xc6,
    0x82, 0x82, 0x82, 0x82, 0x46, 0x3c, 0x64, 0x5c, 0x00, 0x3c, 0xc6, 0x82, 0x82, 0x82, 0x82, 0x46,
    0x3c, 0x68, 0x00, 0x00, 0x3c, 0xc6, 0x82, 0x82, 0x82, 0x82, 0x46, 0x3c, 0x10, 0x30, 0x00, 0xfe,
    0x00, 0x10, 0x30, 0x3a, 0xc6, 0x8a, 0x9a, 0x92, 0xa2, 0x46, 0xfc, 0x20, 0x30, 0x18, 0x00, 0xc2,
    0xc2, 0xc2, 0xc2, 0xc2, 0xc6, 0xc6, 0x7a, 0x0c, 0x18, 0x10, 0x00, 0xc2, 0xc2, 0xc2, 0xc2, 0xc2,
    0xc6, 0xc6, 0x7a, 0x18, 0x18, 0x26, 0x00, 0xc2, 0xc2, 0xc2, 0xc2, 0xc2, 0xc6, 0xc6, 0x7a, 0x68,
    0x00, 0x00, 0xc2, 0xc2, 0xc2, 0xc2, 0xc2, 0xc6, 0xc6, 0x7a, 0x0c, 0x18, 0x10, 0x00, 0xc3, 0x42,
    0x46, 0x64, 0x24, 0x2c, 0x18, 0x18, 0x18, 0x10, 0x30, 0xe0, 0xc0, 0xc0, 0xc0, 0xfc, 0xc6, 0xc2,
    0xc2, 0xc2, 0xc2, 0xc6, 0xfc, 0xc0, 0xc0, 0xc0, 0xc0, 0x68, 0x00, 0x00, 0xc3, 0x42, 0x46, 0x64,
    0x24, 0x2c, 0x18, 0x18, 0x18, 0x10, 0x30, 0xe0,
};
static const recipe_glyph_t glyphs_regular_15[] = {
    {4, 0, 0, 0, 0, 0},  // 0x20
    {4, 1, 10, 2, 10, 0},  // 0x21
    {6, 1, 10, 4, 3, 10},  // 0x22
    {10, 0, 10, 9, 10, 13},  // 0x23
    {9, 1, 11, 7, 12, 33},  // 0x24
    {12, 1, 10, 11, 10, 45},  // 0x25
    {11, 1, 10, 10, 10, 65},  // 0x26
    {3, 1, 10, 1, 3, 85},  // 0x27
    {5, 1, 10, 3, 13, 88},  // 0x28
    {5, 0, 10, 4, 13, 101},  // 0x29
    {8, 1, 11, 7, 7, 114},  // 0x2A
    {9, 1, 9, 7, 7, 121},  // 0x2B
    {4, 1, 2, 2, 4, 128},  // 0x2C
    {5, 1, 5, 3, 1, 132},  // 0x2D
    {4, 1, 2, 2, 2, 133},  // 0x2E
    {6, 0, 10, 5, 10, 135},  // 0x2F
    {9, 1, 10, 7, 10, 145},  // 0x30
    {9, 1, 10, 4, 10, 155},  // 0x31
    {9, 1, 10, 7, 10, 165},  // 0x32
    {9, 1, 10, 7, 10, 175},  // 0x33
    {9, 0, 10, 8, 10, 185},  // 0x34
    {9, 1, 10, 7, 10, 195},  // 0x35
    {9, 1, 10, 7, 10, 205},  // 0x36
    {9, 1, 10, 7, 10, 215},  // 0x37
    {9, 1, 10, 7, 10, 225},  // 0x38
    {9, 1, 10, 7, 10, 235},  // 0x39
    {4, 1, 8, 2, 8, 245},  // 0x3A
    {4, 0, 8, 3, 10, 253},  // 0x3B
    {9, 1, 10, 7, 7, 263},  // 0x3C
    {9, 1, 7, 7, 4, 270},  // 0x3D
    {9, 1, 10, 7, 7, 274},  // 0x3E
    {7, 0, 10, 6, 10, 281},  // 0x3F
    {13, 1, 10, 12, 11, 291},  // 0x40
    {10, 0, 10, 10, 10, 313},  // 0x41
    {10, 1, 10, 8, 10, 333},  // 0x42
    {9, 1, 10, 8, 10, 343},  // 0x43
    {11, 1, 10, 9, 10, 353},  // 0x44
    {8, 1, 10, 6, 10, 373},  // 0x45
    {8, 1, 10, 6, 10, 383},  // 0x46
    {11, 1, 10, 9, 10, 393},  // 0x47
    {11, 1, 10, 9, 10, 413},  // 0x48
    {5, 1, 10, 3, 10, 433},  // 0x49
    {4, -2, 10, 4, 13, 443},  // 0x4A
    {9, 1, 10, 8, 10, 456},  // 0x4B
    {8, 1, 10, 6, 10, 466},  // 0x4C
    {14, 1, 10, 11, 10, 476},  // 0x4D
    {11, 1, 10, 9, 10, 496},  // 0x4E
    {12, 1, 10, 10, 10, 516},  // 0x4F
    {9, 1, 10, 7, 10, 536},  // 0x50
    {12, 1, 10, 10, 12, 546},  // 0x51
    {9, 1, 10, 8, 10, 570},  // 0x52
    {8, 1, 10, 7, 10, 580},  // 0x53
    {8, 0, 10, 8, 10, 590},  // 0x54
    {11, 1, 10, 9, 10, 600},  // 0x55
    {9, 0, 10, 9, 10, 620},  // 0x56
    {14, 0, 10, 14, 10, 640},  // 0x57
    {9, 0, 10, 9, 10, 660},  // 0x58
    {8, 0, 10, 8, 10, 680},  // 0x59
    {9, 1, 10, 7, 10, 690},  // 0x5A
    {5, 1, 10, 4, 13, 700},  // 0x5B
    {6, 0, 10, 5, 10, 713},  // 0x5C
    {5, 0, 10, 4, 13, 723},  // 0x5D
    {9, 1, 11, 7, 7, 736},  // 0x5E
    {7, -1, -1, 7, 1, 743},  // 0x5F
    {4, 1, 12, 3, 3, 744},  // 0x60
    {8, 1, 8, 6, 8, 747},  // 0x61
    {9, 1, 11, 7, 11, 755},  // 0x62
    {7, 1, 8, 6, 8, 766},  // 0x63
    {9, 1, 11, 7, 11, 774},  // 0x64
    {8, 1, 8, 7, 8, 785},  // 0x65
    {5, 0, 11, 6, 11, 793},  // 0x66
    {9, 1, 8, 7, 12, 804},  // 0x67
    {9, 1, 11, 7, 11, 816},  // 0x68
    {4, 1, 11, 2, 11, 827},  // 0x69
    {4, -1, 11, 4, 15, 838},  // 0x6A
    {8, 1, 11, 7, 11, 853},  // 0x6B
    {4, 1, 11, 2, 11, 864},  // 0x6C
    {14, 1, 8, 12, 8, 875},  // 0x6D
    {9, 1, 8, 7, 8, 891},  // 0x6E
    {9, 1, 8, 7, 8, 899},  // 0x6F
    {9, 1, 8, 7, 12, 907},  // 0x70
    {9, 1, 8, 7, 12, 919},  // 0x71
    {6, 1, 8, 5, 8, 931},  // 0x72
    {7, 1, 8, 6, 8, 939},  // 0x73
    {5, 0, 10, 5, 10, 947},  // 0x74
    {9, 1, 8, 7, 8, 957},  // 0x75
    {8, 0, 8, 8, 8, 965},  // 0x76
    {12, 0, 8, 12, 8, 973},  // 0x77
    {8, 0, 8, 8, 8, 989},  // 0x78
    {8, 0, 8, 8, 12, 997},  // 0x79
    {7, 1, 8, 5, 8, 1009},  // 0x7A
    {6, 0, 10, 5, 13, 1017},  // 0x7B
    {8, 4, 11, 1, 15, 1030},  // 0x7C
    {6, 0, 10, 5, 13, 1045},  // 0x7D
    {9, 1, 6, 7, 2, 1058},  // 0x7E
    {9, 1, 11, 7, 11, 1060},  // 0x7F
    {9, 0, 10, 8, 10, 1071},  // 0x80
    {0, 0, 0, 0, 0, 0},  // 0x81
    {4, 0, 1, 2, 3, 1081},  // 0x82
    {6, -1, 11, 7, 15, 1084},  // 0x83
    {6, 0, 1, 5, 3, 1099},  // 0x84
    {12, 1, 2, 10, 2, 1102},  // 0x85
    {8, 1, 11, 6, 11, 1106},  // 0x86
    {8, 1, 11, 6, 11, 1117},  // 0x87
    {6, 1, 12, 5, 3, 1128},  // 0x88
    {18, 1, 10, 16, 10, 1131},  // 0x89
    {8, 1, 15, 7, 15, 1151},  // 0x8A
    {5, 1, 8, 3, 6, 1166},  // 0x8B
    {14, 1, 10, 12, 10, 1172},  // 0x8C
    {0, 0, 0, 0, 0, 0},  // 0x8D
    {9, 1, 15, 7, 15, 1192},  // 0x8E
    {0, 0, 0, 0, 0, 0},  // 0x8F
    {0, 0, 0, 0, 0, 0},  // 0x90
    {3, 0, 10, 2, 3, 1207},  // 0x91
    {3, 0, 10, 2, 3, 1210},  // 0x92
    {5, 0, 10, 5, 3, 1213},  // 0x93
    {5, 0, 10, 5, 3, 1216},  // 0x94
    {6, 1, 8, 3, 4, 1219},  // 0x95
    {8, 1, 5, 6, 1, 1223},  // 0x96
    {15, 1, 5, 13, 1, 1224},  // 0x97
    {7, 1, 11, 5, 2, 1226},  // 0x98
    {12, 0, 11, 11, 5, 1228},  // 0x99
    {7, 1, 12, 6, 12, 1238},  // 0x9A
    {5, 1, 8, 3, 6, 1250},  // 0x9B
    {14, 1, 8, 12, 8, 1256},  // 0x9C
    {0, 0, 0, 0, 0, 0},  // 0x9D
    {7, 1, 12, 5, 12, 1272},  // 0x9E
    {8, 0, 14, 8, 14, 1284},  // 0x9F
    {4, 0, 0, 0, 0, 1298},  // 0xA0
    {4, 1, 8, 2, 11, 1298},  // 0xA1
    {9, 1, 10, 6, 10, 1309},  // 0xA2
    {9, 0, 10, 8, 10, 1319},  // 0xA3
    {9, 1, 9, 7, 7, 1329},  // 0xA4
    {9, 0, 10, 8, 10, 1336},  // 0xA5
    {8, 4, 11, 1, 15, 1346},  // 0xA6
    {8, 1, 11, 6, 11, 1361},  // 0xA7
    {9, 2, 11, 4, 1, 1372},  // 0xA8
    {12, 1, 11, 11, 11, 1373},  // 0xA9
    {5, 0, 10, 5, 4, 1395},  // 0xAA
    {8, 1, 8, 6, 6, 1399},  // 0xAB
    {9, 1, 6, 7, 4, 1405},  // 0xAC
    {5, 1, 5, 3, 1, 1409},  // 0xAD
    {12, 1, 11, 11, 11, 1410},  // 0xAE
    {8, -1, 12, 8, 1, 1432},  // 0xAF
    {6, 1, 11, 5, 5, 1433},  // 0xB0
    {9, 1, 9, 7, 9, 1438},  // 0xB1
    {5, 0, 13, 5, 7, 1447},  // 0xB2
    {5, 0, 13, 5, 7, 1454},  // 0xB3
    {4, 1, 12, 3, 3, 1461},  // 0xB4
    {9, 1, 8, 7, 12, 1464},  // 0xB5
    {10, 1, 11, 7, 13, 1476},  // 0xB6
    {4, 1, 6, 2, 2, 1489},  // 0xB7
    {3, 0, 0, 3, 4, 1491},  // 0xB8
    {5, 1, 12, 3, 6, 1495},  // 0xB9
    {6, 0, 10, 5, 5, 1501},  // 0xBA
    {8, 1, 8, 6, 6, 1506},  // 0xBB
    {11, 1, 10, 10, 10, 1512},  // 0xBC
    {12, 0, 10, 11, 10, 1532},  // 0xBD
    {12, 0, 11, 12, 11, 1552},  // 0xBE
    {7, 0, 8, 6, 11, 1574},  // 0xBF
    {10, 0, 15, 10, 15, 1585},  // 0xC0
    {10, 0, 15, 10, 15, 1615},  // 0xC1
    {10, 0, 15, 10, 15, 1645},  // 0xC2
    {10, 0, 14, 10, 14, 1675},  // 0xC3
    {10, 0, 14, 10, 14, 1703},  // 0xC4
    {10, 0, 13, 10, 13, 1731},  // 0xC5
    {13, -1, 10, 12, 10, 1757},  // 0xC6
    {9, 1, 10, 8, 14, 1777},  // 0xC7
    {8, 1, 15, 6, 15, 1791},  // 0xC8
    {8, 1, 15, 6, 15, 1806},  // 0xC9
    {8, 1, 15, 6, 15, 1821},  // 0xCA
    {8, 1, 14, 6, 14, 1836},  // 0xCB
    {5, 1, 15, 3, 15, 1850},  // 0xCC
    {5, 1, 15, 4, 15, 1865},  // 0xCD
    {5, -1, 15, 5, 15, 1880},  // 0xCE
    {5, 0, 14, 4, 14, 1895},  // 0xCF
    {11, 0, 10, 10, 10, 1909},  // 0xD0
    {11, 1, 14, 9, 14, 1929},  // 0xD1
    {12, 1, 15, 10, 15, 1957},  // 0xD2
    {12, 1, 15, 10, 15, 1987},  // 0xD3
    {12, 1, 15, 10, 15, 2017},  // 0xD4
    {12, 1, 14, 10, 14, 2047},  // 0xD5
    {12, 1, 14, 10, 14, 2075},  // 0xD6
    {9, 1, 9, 7, 7, 2103},  // 0xD7
    {12, 1, 11, 10, 10, 2110},  // 0xD8
    {11, 1, 15, 9, 15, 2130},  // 0xD9
    {11, 1, 15, 9, 15, 2160},  // 0xDA
    {11, 1, 15, 9, 15, 2190},  // 0xDB
    {11, 1, 14, 9, 14, 2220},  // 0xDC
    {8, 0, 15, 8, 15, 2248},  // 0xDD
    {9, 1, 10, 7, 10, 2263},  // 0xDE
    {9, 1, 11, 8, 11, 2273},  // 0xDF
    {8, 1, 12, 6, 12, 2284},  // 0xE0
    {8, 1, 12, 6, 12, 2296},  // 0xE1
    {8, 1, 12, 6, 12, 2308},  // 0xE2
    {8, 1, 11, 6, 11, 2320},  // 0xE3
    {8, 1, 11, 6, 11, 2331},  // 0xE4
    {8, 1, 12, 6, 12, 2342},  // 0xE5
    {13, 1, 8, 11, 8, 2354},  // 0xE6
    {7, 1, 8, 6, 12, 2370},  // 0xE7
    {8, 1, 12, 7, 12, 2382},  // 0xE8
    {8, 1, 12, 7, 12, 2394},  // 0xE9
    {8, 1, 12, 7, 12, 2406},  // 0xEA
    {8, 1, 11, 7, 11, 2418},  // 0xEB
    {4, -1, 12, 3, 12, 2429},  // 0xEC
    {4, 1, 12, 4, 12, 2441},  // 0xED
    {4, -1, 12, 5, 12, 2453},  // 0xEE
    {4, 0, 11, 4, 11, 2465},  // 0xEF
    {9, 1, 12, 7, 11, 2476},  // 0xF0
    {9, 1, 11, 7, 11, 2487},  // 0xF1
    {9, 1, 12, 7, 12, 2498},  // 0xF2
    {9, 1, 12, 7, 12, 2510},  // 0xF3
    {9, 1, 12, 7, 12, 2522},  // 0xF4
    {9, 1, 11, 7, 11, 2534},  // 0xF5
    {9, 1, 11, 7, 11, 2545},  // 0xF6
    {9, 1, 9, 7, 7, 2556},  // 0xF7
    {9, 1, 9, 7, 8, 2563},  // 0xF8
    {9, 1, 12, 7, 12, 2571},  // 0xF9
    {9, 1, 12, 7, 12, 2583},  // 0xFA
    {9, 1, 12, 7, 12, 2595},  // 0xFB
    {9, 1, 11, 7, 11, 2607},  // 0xFC
    {8, 0, 12, 8, 16, 2618},  // 0xFD
    {9, 1, 11, 7, 15, 2634},  // 0xFE
    {8, 0, 11, 8, 15, 2649},  // 0xFF
};
static const uint8_t bits_regular_16[] = {
    0xc0, 0xc0, 0xc0, 0xc0, 0x40, 0x40, 0x40, 0x40, 0x00, 0x00, 0xc0, 0xc0, 0xd0, 0x90, 0x90, 0x90,
    0x09, 0x80, 0x09, 0x00, 0x09, 0x00, 0x19, 0x00, 0x7f, 0xc0, 0x13, 0x00, 0x12, 0x00, 0xff, 0x80,
    0x22, 0x00, 0x22, 0x00, 0x26, 0x00, 0x24, 0x00, 0x10, 0x38, 0xfe, 0x90, 0xd0, 0x70, 0x3c, 0x16,
    0x12, 0x96, 0xfc, 0x10, 0x10, 0x70, 0x80, 0x91, 0x80, 0x91, 0x00, 0x9b, 0x00, 0x92, 0x00, 0x96,
    0xe0, 0x75, 0x20, 0x09, 0x20, 0x09, 0x30, 0x11, 0x20, 0x11, 0x20, 0x20, 0xe0, 0x3c, 0x00, 0x64,
    0x00, 0x46, 0x00, 0x64, 0x00, 0x2c, 0x00, 0x30, 0x00, 0x78, 0xc0, 0xcc, 0xc0, 0x86, 0x80, 0x83,
    0x00, 0xc7, 0x80, 0x7c, 0xe0, 0xc0, 0x80, 0x80, 0x80, 0x20, 0x40, 0x40, 0xc0, 0x80, 0x80, 0x80,
    0x80, 0x80, 0x80, 0x80, 0xc0, 0x40, 0x60, 0xc0, 0x60, 0x20, 0x30, 0x30, 0x10, 0x10, 0x10, 0x10,
    0x10, 0x30, 0x20, 0x20, 0xe0, 0x10, 0x10, 0x92, 0xfe, 0x38, 0x28, 0x6c, 0x10, 0x10, 0x10, 0xfe,
    0x10, 0x10, 0x10, 0x10, 0xc0, 0xc0, 0x80, 0x80, 0xf0, 0xc0, 0xc0, 0x0c, 0x08, 0x08, 0x18, 0x10,
    0x30, 0x20, 0x20, 0x60, 0x40, 0x40, 0xc0, 0x38, 0x44, 0xc6, 0x82, 0x82, 0x82, 0x82, 0x82, 0x82,
    0xc6, 0x44, 0x38, 0x18, 0x38, 0xd8, 0x58, 0x18, 0x18, 0x18, 0x18, 0x18, 0x18, 0x18, 0x18, 0x78,
    0xc4, 0x06, 0x06, 0x06, 0x04, 0x0c, 0x18, 0x30, 0x60, 0xc0, 0xfe, 0x7c, 0xc6, 0x06, 0x06, 0x04,
    0x78, 0x06, 0x02, 0x02, 0x02, 0x86, 0xf8, 0x06, 0x00, 0x06, 0x00, 0x0a, 0x00, 0x1a, 0x00, 0x12,
    0x00, 0x22, 0x00, 0x62, 0x00, 0x42, 0x00, 0xff, 0x80, 0x02, 0x00, 0x02, 0x00, 0x02, 0x00, 0x7c,
    0x40, 0x40, 0xc0, 0xc0, 0xfc, 0x86, 0x02, 0x02, 0x02, 0x86, 0xf8, 0x1e, 0x60, 0x40, 0xc0, 0xbc,
    0xe6, 0xc2, 0x82, 0x82, 0xc2, 0x66, 0x3c, 0xfe, 0x02, 0x06, 0x04, 0x0c, 0x08, 0x08, 0x18, 0x10,
    0x30, 0x20, 0x60, 0x7c, 0xc6, 0xc2, 0xc2, 0x44, 0x38, 0x6c, 0xc6, 0x82, 0x82, 0xc6, 0x7c, 0x78,
    0xc4, 0x82, 0x82, 0x82, 0xc6, 0x7a, 0x02, 0x06, 0x04, 0x0c, 0x78, 0xc0, 0xc0, 0x00, 0x00, 0x00,
    0x00, 0x00, 0xc0, 0xc0, 0x60, 0x60, 0x00, 0x00, 0x00, 0x00, 0x00, 0x60, 0x60, 0x40, 0xc0, 0x02,
    0x06, 0x18, 0x60, 0xc0, 0x70, 0x0c, 0x02, 0xfe, 0x00, 0x00, 0xfe, 0x80, 0xc0, 0x30, 0x0c, 0x02,
    0x1c, 0x70, 0x80, 0x78, 0xc4, 0x06, 0x04, 0x0c, 0x18, 0x10, 0x20, 0x20, 0x00, 0x30, 0x30, 0x0f,
    0x80, 0x38, 0x60, 0x60, 0x30, 0x47, 0x90, 0xc8, 0x90, 0x98, 0x90, 0x90, 0x90, 0x91, 0x90, 0x99,
    0x90, 0xce, 0xe0, 0x40, 0x00, 0x60, 0x40, 0x1f, 0x80, 0x0c, 0x00, 0x0c, 0x00, 0x0e, 0x00, 0x1a,
    0x00, 0x12, 0x00, 0x33, 0x00, 0x21, 0x00, 0x3f, 0x80, 0x61, 0x80, 0x40, 0x80, 0x40, 0xc0, 0xc0,
    0x40, 0xfc, 0x86, 0x82, 0x82, 0x86, 0xf8, 0x86, 0x82, 0x83, 0x82, 0x86, 0xfc, 0x1f, 0x80, 0x31,
    0x00, 0x60, 0x00, 0xc0, 0x00, 0xc0, 0x00, 0xc0, 0x00, 0xc0, 0x00, 0xc0, 0x00, 0xc0, 0x00, 0x40,
    0x00, 0x71, 0x00, 0x1f, 0x00, 0xfc, 0x00, 0x86, 0x00, 0x83, 0x00, 0x81, 0x00, 0x81, 0x80, 0x81,
    0x80, 0x81, 0x80, 0x81, 0x80, 0x81, 0x00, 0x83, 0x00, 0x86, 0x00, 0xfc, 0x00, 0xfc, 0x80, 0x80,
    0x80, 0x80, 0xfc, 0x80, 0x80, 0x80, 0x80, 0x80, 0xfc, 0xfc, 0x80, 0x80, 0x80, 0x80, 0x80, 0xfc,
    0x80, 0x80, 0x80, 0x80, 0x80, 0x1f, 0x80, 0x30, 0x80, 0x60, 0x00, 0xc0, 0x00, 0xc0, 0x00, 0x80,
    0x00, 0x83, 0x80, 0xc0, 0x80, 0xc0, 0x80, 0x60, 0x80, 0x70, 0x80, 0x1f, 0x80, 0x81, 0x81, 0x81,
    0x81, 0x81, 0xff, 0x81, 0x81, 0x81, 0x81, 0x81, 0x81, 0xf0, 0x40, 0x40, 0x40, 0x40, 0x40, 0x40,
    0x40, 0x40, 0x40, 0x40, 0xf0, 0x30, 0x30, 0x30, 0x30, 0x30, 0x30, 0x30, 0x30, 0x30, 0x30, 0x30,
    0x30, 0x30, 0x30, 0xe0, 0x83, 0x84, 0x8c, 0x98, 0xb0, 0xe0, 0xf0, 0x98, 0x88, 0x8c, 0x86, 0x83,
    0x80, 0x80, 0x80, 0x80, 0x80, 0x80, 0x80, 0x80, 0x80, 0x80, 0x80, 0xfc, 0xc0, 0x60, 0xc0, 0xe0,
    0xe0, 0xa0, 0xa0, 0xa0, 0xa1, 0xa0, 0xb1, 0x20, 0x93, 0x20, 0x92, 0x20, 0x9a, 0x20, 0x8e, 0x20,
    0x8c, 0x20, 0x8c, 0x20, 0xc1, 0x80, 0xc1, 0x80, 0xe1, 0x80, 0xa1, 0x80, 0xb1, 0x80, 0x99, 0x80,
    0x89, 0x80, 0x8d, 0x80, 0x87, 0x80, 0x87, 0x80, 0x83, 0x80, 0x81, 0x80, 0x1f, 0x00, 0x71, 0x80,
    0x40, 0xc0, 0xc0, 0x40, 0xc0, 0x40, 0xc0, 0x60, 0xc0, 0x60, 0xc0, 0x40, 0xc0, 0x40, 0x40, 0xc0,
    0x71, 0x80, 0x1f, 0x00, 0xf8, 0x8c, 0x86, 0x86, 0x86, 0x8c, 0xf8, 0x80, 0x80, 0x80, 0x80, 0x80,
    0x1f, 0x00, 0x71, 0x80, 0x40, 0xc0, 0xc0, 0x40, 0xc0, 0x40, 0xc0, 0x60, 0xc0, 0x60, 0xc0, 0x40,
    0xc0, 0x40, 0x40, 0xc0, 0x71, 0x80, 0x1f, 0x00, 0x03, 0x00, 0x01, 0xc0, 0xf8, 0x8c, 0x86, 0x86,
    0x86, 0x84, 0xf8, 0x98, 0x8c, 0x84, 0x86, 0x83, 0x7e, 0xc4, 0x80, 0x80, 0xc0, 0x70, 0x1c, 0x06,
    0x02, 0x02, 0x86, 0xf8, 0xff, 0x80, 0x08, 0x00, 0x08, 0x00, 0x08, 0x00, 0x08, 0x00, 0x08, 0x00,
    0x08, 0x00, 0x08, 0x00, 0x08, 0x00, 0x08, 0x00, 0x08, 0x00, 0x08, 0x00, 0xc0, 0x80, 0xc0, 0x80,
    0xc0, 0x80, 0xc0, 0x80, 0xc0, 0x80, 0xc0, 0x80, 0xc0, 0x80, 0xc0, 0x80, 0xc0, 0x80, 0x41, 0x80,
    0x63, 0x00, 0x3e, 0x00, 0xc0, 0xc0, 0x40, 0x80, 0x41, 0x80, 0x61, 0x00, 0x21, 0x00, 0x23, 0x00,
    0x32, 0x00, 0x12, 0x00, 0x16, 0x00, 0x1c, 0x00, 0x0c, 0x00, 0x0c, 0x00, 0xc1, 0x06, 0x43, 0x84,
    0x42, 0x84, 0x62, 0x8c, 0x66, 0x8c, 0x24, 0xc8, 0x24, 0x48, 0x34, 0x58, 0x3c, 0x78, 0x18, 0x70,
    0x18, 0x30, 0x18, 0x30, 0xc1, 0x80, 0x61, 0x00, 0x23, 0x00, 0x36, 0x00, 0x1c, 0x00, 0x0c, 0x00,
    0x1c, 0x00, 0x16, 0x00, 0x32, 0x00, 0x23, 0x00, 0x41, 0x00, 0xc1, 0x80, 0xc1, 0x80, 0x41, 0x00,
    0x63, 0x00, 0x22, 0x00, 0x36, 0x00, 0x14, 0x00, 0x1c, 0x00, 0x08, 0x00, 0x08, 0x00, 0x08, 0x00,
    0x08, 0x00, 0x08, 0x00, 0xfe, 0x06, 0x04, 0x0c, 0x08, 0x18, 0x30, 0x20, 0x60, 0x40, 0xc0, 0xff,
    0xf0, 0xc0, 0xc0, 0xc0, 0xc0, 0xc0, 0xc0, 0xc0, 0xc0, 0xc0, 0xc0, 0xc0, 0xc0, 0xf0, 0xc0, 0x40,
    0x40, 0x60, 0x20, 0x20, 0x30, 0x10, 0x18, 0x08, 0x08, 0x0c, 0xf0, 0x10, 0x10, 0x10, 0x10, 0x10,
    0x10, 0x10, 0x10, 0x10, 0x10, 0x10, 0x10, 0xf0, 0x10, 0x10, 0x28, 0x28, 0x44, 0x44, 0xc2, 0x83,
    0xfe, 0x80, 0xc0, 0x60, 0x7c, 0x44, 0x06, 0x06, 0x7e, 0xc6, 0x86, 0xce, 0x72, 0xc0, 0xc0, 0xc0,
    0xdc, 0xe6, 0xc3, 0xc3, 0xc3, 0xc3, 0xc3, 0xe6, 0x9c, 0x3c, 0x64, 0xc0, 0x80, 0x80, 0x80, 0xc0,
    0x64, 0x3c, 0x02, 0x02, 0x02, 0x3a, 0x46, 0xc2, 0x82, 0x82, 0x82, 0xc2, 0x46, 0x3a, 0x3c, 0x66,
    0xc6, 0x82, 0xfe, 0x80, 0xc0, 0x62, 0x3e, 0x1c, 0x30, 0x20, 0xf8, 0x20, 0x20, 0x20, 0x20, 0x20,
    0x20, 0x20, 0x20, 0x3a, 0x46, 0xc2, 0x82, 0x82, 0x82, 0xc2, 0x46, 0x3a, 0x02, 0x02, 0x46, 0x7c,
    0xc0, 0xc0, 0xc0, 0xdc, 0xe6, 0xc3, 0xc3, 0xc3, 0xc3, 0xc3, 0xc3, 0xc3, 0xc0, 0xc0, 0x00, 0xc0,
    0xc0, 0xc0, 0xc0, 0xc0, 0xc0, 0xc0, 0xc0, 0xc0, 0x30, 0x30, 0x00, 0x30, 0x30, 0x30, 0x30, 0x30,
    0x30, 0x30, 0x30, 0x30, 0x30, 0x30, 0x30, 0xe0, 0xc0, 0xc0, 0xc0, 0xc6, 0xcc, 0xd8, 0xf0, 0xf0,
    0xd8, 0xcc, 0xc4, 0xc6, 0xc0, 0xc0, 0xc0, 0xc0, 0xc0, 0xc0, 0xc0, 0xc0, 0xc0, 0xc0, 0xc0, 0xc0,
    0xdc, 0xf0, 0xe7, 0x10, 0xc2, 0x18, 0xc2, 0x18, 0xc2, 0x18, 0xc2, 0x18, 0xc2, 0x18, 0xc2, 0x18,
    0xc2, 0x18, 0xdc, 0xe6, 0xc3, 0xc3, 0xc3, 0xc3, 0xc3, 0xc3, 0xc3, 0x3c, 0x66, 0xc3, 0x83, 0x83,
    0x83, 0xc3, 0x66, 0x3c, 0xdc, 0xe6, 0xc3, 0xc3, 0xc3, 0xc3, 0xc3, 0xe6, 0xdc, 0xc0, 0xc0, 0xc0,
    0xc0, 0x3a, 0x46, 0xc2, 0x82, 0x82, 0x82, 0xc2, 0x46, 0x3a, 0x02, 0x02, 0x02, 0x02, 0xd8, 0xe0,
    0xc0, 0xc0, 0xc0, 0xc0, 0xc0, 0xc0, 0xc0, 0x7c, 0xc8, 0x80, 0xc0, 0x38, 0x0c, 0x04, 0x8c, 0xf8,
    0x20, 0x20, 0xf8, 0x60, 0x60, 0x60, 0x60, 0x60, 0x60, 0x20, 0x38, 0xc3, 0xc3, 0xc3, 0xc3, 0xc3,
    0xc3, 0xc3, 0x47, 0x7b, 0xc3, 0x43, 0x42, 0x66, 0x24, 0x24, 0x3c, 0x18, 0x18, 0xc6, 0x10, 0x47,
    0x10, 0x45, 0x30, 0x4d, 0x20, 0x69, 0x20, 0x29, 0xa0, 0x28, 0xe0, 0x38, 0xc0, 0x30, 0xc0, 0xc3,
    0x66, 0x34, 0x1c, 0x18, 0x1c, 0x34, 0x62, 0xc3, 0xc3, 0x43, 0x42, 0x66, 0x26, 0x24, 0x1c, 0x18,
    0x18, 0x18, 0x10, 0x30, 0xe0, 0xfc, 0x0c, 0x18, 0x10, 0x20, 0x60, 0x40, 0x80, 0xfc, 0x0c, 0x10,
    0x30, 0x30, 0x30, 0x30, 0x30, 0xc0, 0x30, 0x30, 0x30, 0x30, 0x30, 0x1c, 0x80, 0x80, 0x80, 0x80,
    0x80, 0x80, 0x80, 0x80, 0x80, 0x80, 0x80, 0x80, 0x80, 0x80, 0x80, 0x80, 0xc0, 0x40, 0x60, 0x60,
    0x60, 0x60, 0x20, 0x18, 0x20, 0x60, 0x60, 0x60, 0x60, 0xc0, 0xf2, 0x9e, 0xfe, 0x82, 0x82, 0x82,
    0x82, 0x82, 0x82, 0x82, 0x82, 0x82, 0x82, 0xfe, 0x0f, 0x80, 0x18, 0x80, 0x30, 0x00, 0x20, 0x00,
    0xfe, 0x00, 0x20, 0x00, 0x60, 0x00, 0xfc, 0x00, 0x20, 0x00, 0x30, 0x00, 0x18, 0x80, 0x0f, 0x80,
    0x60, 0x40, 0x40, 0x80, 0x0e, 0x18, 0x10, 0x7c, 0x10, 0x10, 0x10, 0x10, 0x10, 0x10, 0x10, 0x10,
    0x10, 0x90, 0x90, 0x70, 0x6c, 0x48, 0x58, 0x90, 0xcc, 0xc0, 0xcc, 0xc0, 0x30, 0x30, 0x10, 0xfc,
    0x10, 0x10, 0x30, 0x30, 0x30, 0x30, 0x30, 0x30, 0x30, 0x30, 0x10, 0xfc, 0x10, 0x30, 0x30, 0x10,
    0xfc, 0x10, 0x30, 0x30, 0x20, 0x70, 0x98, 0x70, 0x80, 0x00, 0x91, 0x80, 0x00, 0x91, 0x00, 0x00,
    0x9b, 0x00, 0x00, 0x92, 0x00, 0x00, 0x96, 0xe7, 0x00, 0x75, 0x24, 0x80, 0x09, 0x2c, 0x80, 0x09,
    0x38, 0x80, 0x11, 0x2c, 0x80, 0x11, 0x25, 0x80, 0x20, 0xe7, 0x00, 0x44, 0x68, 0x30, 0x00, 0x7e,
    0xc4, 0x80, 0x80, 0xc0, 0x70, 0x1c, 0x06, 0x02, 0x02, 0x86, 0xf8, 0x20, 0x60, 0x40, 0x80, 0xc0,
    0x60, 0x20, 0x1f, 0xf8, 0x71, 0x00, 0x41, 0x00, 0xc1, 0x00, 0xc1, 0x00, 0x81, 0xf8, 0x81, 0x00,
    0xc1, 0x00, 0xc1, 0x00, 0x41, 0x00, 0x71, 0x00, 0x1f, 0xf8, 0x44, 0x68, 0x30, 0x00, 0xfe, 0x06,
    0x04, 0x0c, 0x08, 0x18, 0x30, 0x20, 0x60, 0x40, 0xc0, 0xff, 0x60, 0x40, 0x40, 0xc0, 0x60, 0x40,
    0x40, 0x80, 0x6c, 0x48, 0x48, 0xd8, 0x6c, 0x48, 0x58, 0x90, 0x60, 0xf0, 0xf0, 0x60, 0xfc, 0xff,
    0xfc, 0xec, 0xb8, 0xfe, 0x20, 0x26, 0x60, 0x25, 0x60, 0x25, 0xa0, 0x25, 0xa0, 0x24, 0xa0, 0x44,
    0x68, 0x30, 0x00, 0x7c, 0xc8, 0x80, 0xc0, 0x38, 0x0c, 0x04, 0x8c, 0xf8, 0x80, 0x80, 0x40, 0x20,
    0x60, 0xc0, 0x80, 0x3c, 0xf0, 0x47, 0x98, 0xc3, 0x08, 0x83, 0x08, 0x83, 0xf8, 0x83, 0x00, 0xc3,
    0x00, 0x47, 0x88, 0x3c, 0xf8, 0x88, 0xd0, 0x60, 0x00, 0xfc, 0x0c, 0x18, 0x10, 0x20, 0x60, 0x40,
    0x80, 0xfc, 0x36, 0x00, 0x00, 0x00, 0x00, 0x00, 0xc1, 0x80, 0x41, 0x00, 0x63, 0x00, 0x22, 0x00,
    0x36, 0x00, 0x14, 0x00, 0x1c, 0x00, 0x08, 0x00, 0x08, 0x00, 0x08, 0x00, 0x08, 0x00, 0x08, 0x00,
    0xc0, 0xc0, 0x00, 0x00, 0x40, 0x40, 0x40, 0xc0, 0xc0, 0xc0, 0xc0, 0xc0, 0x08, 0x3e, 0x62, 0x40,
    0x40, 0xc0, 0xc0, 0x40, 0x62, 0x3e, 0x08, 0x08, 0x3e, 0x22, 0x60, 0x60, 0x60, 0x60, 0xfc, 0x60,
    0x60, 0x40, 0xc0, 0xff, 0xfa, 0x44, 0x42, 0xc2, 0x44, 0xfe, 0x82, 0xc1, 0x80, 0x41, 0x00, 0x23,
    0x00, 0x32, 0x00, 0x14, 0x00, 0x1c, 0x00, 0x7f, 0x00, 0x08, 0x00, 0x08, 0x00, 0x7f, 0x00, 0x08,
    0x00, 0x08, 0x00, 0x80, 0x80, 0x80, 0x80, 0x80, 0x80, 0x00, 0x00, 0x00, 0x00, 0x80, 0x80, 0x80,
    0x80, 0x80, 0x80, 0x7c, 0xc4, 0xc0, 0x60, 0x58, 0x84, 0xc4, 0x7c, 0x1c, 0x04, 0x8c, 0xf8, 0xd8,
    0x1f, 0x00, 0x31, 0xc0, 0x4f, 0x40, 0x99, 0x20, 0x90, 0x20, 0x90, 0x10, 0x90, 0x10, 0x90, 0x20,
    0x98, 0x20, 0x4f, 0x60, 0x60, 0xc0, 0x1f, 0x80, 0xf0, 0x10, 0xf0, 0x90, 0xf0, 0x24, 0x66, 0x48,
    0x98, 0xd8, 0x6c, 0x26, 0xfe, 0x02, 0x02, 0x02, 0xf0, 0x1f, 0x00, 0x31, 0xc0, 0x40, 0x40, 0x9e,
    0x20, 0x99, 0x20, 0x99, 0x10, 0x9e, 0x10, 0x9a, 0x20, 0x99, 0x20, 0x59, 0xe0, 0x60, 0xc0, 0x1f,
    0x80, 0xff, 0x70, 0x98, 0x88, 0x88, 0x70, 0x10, 0x10, 0x10, 0x10, 0xfe, 0x10, 0x10, 0x10, 0x00,
    0xfe, 0xf0, 0x48, 0x08, 0x10, 0x20, 0x40, 0xf8, 0x70, 0x88, 0x08, 0x70, 0x08, 0x08, 0xf0, 0x60,
    0x40, 0x80, 0xc3, 0xc3, 0xc3, 0xc3, 0xc3, 0xc3, 0xc3, 0xe7, 0xfb, 0xc0, 0xc0, 0xc0, 0xc0, 0x7f,
    0xf9, 0xf9, 0xf9, 0xf9, 0xf9, 0xf9, 0x79, 0x09, 0x09, 0x09, 0x09, 0x09, 0x09, 0x09, 0xc0, 0xc0,
    0x40, 0x60, 0x20, 0xe0, 0x60, 0xa0, 0x20, 0x20, 0x20, 0x20, 0x20, 0xf0, 0x90, 0x98, 0x90, 0x60,
    0x90, 0x98, 0x48, 0x26, 0x6c, 0xc8, 0x90, 0x60, 0x80, 0xa1, 0x00, 0xa1, 0x00, 0x22, 0x00, 0x26,
    0x00, 0x24, 0xc0, 0x29, 0x40, 0x09, 0x40, 0x12, 0x40, 0x37, 0xe0, 0x20, 0x40, 0x60, 0x40, 0x30,
    0xc0, 0x50, 0x80, 0xb1, 0x00, 0x31, 0x00, 0x32, 0x00, 0x36, 0xe0, 0x35, 0x30, 0x08, 0x30, 0x08,
    0x20, 0x10, 0x40, 0x30, 0x80, 0x21, 0xf0, 0x70, 0x60, 0x88, 0x40, 0x08, 0x80, 0x70, 0x80, 0x09,
    0x00, 0x0b, 0x20, 0xfa, 0x60, 0x06, 0xa0, 0x04, 0xa0, 0x09, 0xf0, 0x08, 0x20, 0x10, 0x20, 0x18,
    0x18, 0x00, 0x08, 0x18, 0x10, 0x30, 0x60, 0xc0, 0xc0, 0x42, 0x7e, 0x10, 0x00, 0x18, 0x00, 0x0c,
    0x00, 0x00, 0x00, 0x0c, 0x00, 0x0c, 0x00, 0x0e, 0x00, 0x1a, 0x00, 0x12, 0x00, 0x33, 0x00, 0x21,
    0x00, 0x3f, 0x80, 0x61, 0x80, 0x40, 0x80, 0x40, 0xc0, 0xc0, 0x40, 0x03, 0x00, 0x02, 0x00, 0x04,
    0x00, 0x00, 0x00, 0x0c, 0x00, 0x0c, 0x00, 0x0e, 0x00, 0x1a, 0x00, 0x12, 0x00, 0x33, 0x00, 0x21,
    0x00, 0x3f, 0x80, 0x61, 0x80, 0x40, 0x80, 0x40, 0xc0, 0xc0, 0x40, 0x04, 0x00, 0x0e, 0x00, 0x13,
    0x00, 0x00, 0x00, 0x0c, 0x00, 0x0c, 0x00, 0x0e, 0x00, 0x1a, 0x00, 0x12, 0x00, 0x33, 0x00, 0x21,
    0x00, 0x3f, 0x80, 0x61, 0x80, 0x40, 0x80, 0x40, 0xc0, 0xc0, 0x40, 0x1d, 0x80, 0x17, 0x00, 0x00,
    0x00, 0x0c, 0x00, 0x0c, 0x00, 0x0e, 0x00, 0x1a, 0x00, 0x12, 0x00, 0x33, 0x00, 0x21, 0x00, 0x3f,
    0x80, 0x61, 0x80, 0x40, 0x80, 0x40, 0xc0, 0xc0, 0x40, 0x36, 0x00, 0x00, 0x00, 0x00, 0x00, 0x0c,
    0x00, 0x0c, 0x00, 0x0e, 0x00, 0x1a, 0x00, 0x12, 0x00, 0x33, 0x00, 0x21, 0x00, 0x3f, 0x80, 0x61,
    0x80, 0x40, 0x80, 0x40, 0xc0, 0xc0, 0x40, 0x0e, 0x00, 0x0a, 0x00, 0x0e, 0x00, 0x0c, 0x00, 0x0e,
    0x00, 0x1a, 0x00, 0x12, 0x00, 0x33, 0x00, 0x21, 0x00, 0x3f, 0x80, 0x61, 0x80, 0x40, 0x80, 0x40,
    0xc0, 0xc0, 0x40, 0x07, 0xf8, 0x05, 0x80, 0x0d, 0x80, 0x09, 0x80, 0x19, 0x80, 0x11, 0xf8, 0x31,
    0x80, 0x3f, 0x80, 0x21, 0x80, 0x61, 0x80, 0x41, 0x80, 0xc1, 0xf8, 0x1f, 0x80, 0x31, 0x00, 0x60,
    0x00, 0xc0, 0x00, 0xc0, 0x00, 0xc0, 0x00, 0xc0, 0x00, 0xc0, 0x00, 0xc0, 0x00, 0x40, 0x00, 0x71,
    0x00, 0x1f, 0x00, 0x08, 0x00, 0x0c, 0x00, 0x04, 0x00, 0x1c, 0x00, 0x40, 0x60, 0x30, 0x00, 0xfc,
    0x80, 0x80, 0x80, 0x80, 0xfc, 0x80, 0x80, 0x80, 0x80, 0x80, 0xfc, 0x18, 0x10, 0x20, 0x00, 0xfc,
    0x80, 0x80, 0x80, 0x80, 0xfc, 0x80, 0x80, 0x80, 0x80, 0x80, 0xfc, 0x10, 0x38, 0x4c, 0x00, 0xfc,
    0x80, 0x80, 0x80, 0x80, 0xfc, 0x80, 0x80, 0x80, 0x80, 0x80, 0xfc, 0xd8, 0x00, 0x00, 0xfc, 0x80,
    0x80, 0x80, 0x80, 0xfc, 0x80, 0x80, 0x80, 0x80, 0x80, 0xfc, 0x80, 0xc0, 0x60, 0x00, 0xf0, 0x40,
    0x40, 0x40, 0x40, 0x40, 0x40, 0x40, 0x40, 0x40, 0x40, 0xf0, 0x30, 0x20, 0x40, 0x00, 0xf0, 0x40,
    0x40, 0x40, 0x40, 0x40, 0x40, 0x40, 0x40, 0x40, 0x40, 0xf0, 0x20, 0x70, 0x98, 0x00, 0x78, 0x20,
    0x20, 0x20, 0x20, 0x20, 0x20, 0x20, 0x20, 0x20, 0x20, 0x78, 0xd8, 0x00, 0x00, 0x78, 0x20, 0x20,
    0x20, 0x20, 0x20, 0x20, 0x20, 0x20, 0x20, 0x20, 0x78, 0x3f, 0x00, 0x21, 0x80, 0x20, 0xc0, 0x20,
    0x40, 0x20, 0x60, 0x20, 0x60, 0xfc, 0x60, 0x20, 0x60, 0x20, 0x40, 0x20, 0xc0, 0x21, 0x80, 0x3f,
    0x00, 0x3b, 0x00, 0x2e, 0x00, 0x00, 0x00, 0xc1, 0x80, 0xc1, 0x80, 0xe1, 0x80, 0xa1, 0x80, 0xb1,
    0x80, 0x99, 0x80, 0x89, 0x80, 0x8d, 0x80, 0x87, 0x80, 0x87, 0x80, 0x83, 0x80, 0x81, 0x80, 0x08,
    0x00, 0x0c, 0x00, 0x06, 0x00, 0x00, 0x00, 0x1f, 0x00, 0x71, 0x80, 0x40, 0xc0, 0xc0, 0x40, 0xc0,
    0x40, 0xc0, 0x60, 0xc0, 0x60, 0xc0, 0x40, 0xc0, 0x40, 0x40, 0xc0, 0x71, 0x80, 0x1f, 0x00, 0x03,
    0x00, 0x02, 0x00, 0x04, 0x00, 0x00, 0x00, 0x1f, 0x00, 0x71, 0x80, 0x40, 0xc0, 0xc0, 0x40, 0xc0,
    0x40, 0xc0, 0x60, 0xc0, 0x60, 0xc0, 0x40, 0xc0, 0x40, 0x40, 0xc0, 0x71, 0x80, 0x1f, 0x00, 0x04,
    0x00, 0x0e, 0x00, 0x13, 0x00, 0x00, 0x00, 0x1f, 0x00, 0x71, 0x80, 0x40, 0xc0, 0xc0, 0x40, 0xc0,
    0x40, 0xc0, 0x60, 0xc0, 0x60, 0xc0, 0x40, 0xc0, 0x40, 0x40, 0xc0, 0x71, 0x80, 0x1f, 0x00, 0x1d,
    0x80, 0x17, 0x00, 0x00, 0x00, 0x1f, 0x00, 0x71, 0x80, 0x40, 0xc0, 0xc0, 0x40, 0xc0, 0x40, 0xc0,
    0x60, 0xc0, 0x60, 0xc0, 0x40, 0xc0, 0x40, 0x40, 0xc0, 0x71, 0x80, 0x1f, 0x00, 0x1b, 0x00, 0x00,
    0x00, 0x00, 0x00, 0x1f, 0x00, 0x71, 0x80, 0x40, 0xc0, 0xc0, 0x40, 0xc0, 0x40, 0xc0, 0x60, 0xc0,
    0x60, 0xc0, 0x40, 0xc0, 0x40, 0x40, 0xc0, 0x71, 0x80, 0x1f, 0x00, 0xc2, 0x64, 0x38, 0x18, 0x2c,
    0x46, 0x82, 0x1f, 0xc0, 0x71, 0x80, 0x41, 0xc0, 0xc3, 0x40, 0xc2, 0x40, 0xc4, 0x60, 0xcc, 0x60,
    0xd8, 0x40, 0xd0, 0x40, 0x70, 0xc0, 0x71, 0x80, 0x5f, 0x00, 0x10, 0x00, 0x18, 0x00, 0x0c, 0x00,
    0x00, 0x00, 0xc0, 0x80, 0xc0, 0x80, 0xc0, 0x80, 0xc0, 0x80, 0xc0, 0x80, 0xc0, 0x80, 0xc0, 0x80,
    0xc0, 0x80, 0xc0, 0x80, 0x41, 0x80, 0x63, 0x00, 0x3e, 0x00, 0x06, 0x00, 0x04, 0x00, 0x08, 0x00,
    0x00, 0x00, 0xc0, 0x80, 0xc0, 0x80, 0xc0, 0x80, 0xc0, 0x80, 0xc0, 0x80, 0xc0, 0x80, 0xc0, 0x80,
    0xc0, 0x80, 0xc0, 0x80, 0x41, 0x80, 0x63, 0x00, 0x3e, 0x00, 0x04, 0x00, 0x0e, 0x00, 0x13, 0x00,
    0x00, 0x00, 0xc0, 0x80, 0xc0, 0x80, 0xc0, 0x80, 0xc0, 0x80, 0xc0, 0x80, 0xc0, 0x80, 0xc0, 0x80,
    0xc0, 0x80, 0xc0, 0x80, 0x41, 0x80, 0x63, 0x00, 0x3e, 0x00, 0x36, 0x00, 0x00, 0x00, 0x00, 0x00,
    0xc0, 0x80, 0xc0, 0x80, 0xc0, 0x80, 0xc0, 0x80, 0xc0, 0x80, 0xc0, 0x80, 0xc0, 0x80, 0xc0, 0x80,
    0xc0, 0x80, 0x41, 0x80, 0x63, 0x00, 0x3e, 0x00, 0x06, 0x00, 0x04, 0x00, 0x08, 0x00, 0x00, 0x00,
    0xc1, 0x80, 0x41, 0x00, 0x63, 0x00, 0x22, 0x00, 0x36, 0x00, 0x14, 0x00, 0x1c, 0x00, 0x08, 0x00,
    0x08, 0x00, 0x08, 0x00, 0x08, 0x00, 0x08, 0x00, 0x80, 0x80, 0xf8, 0x8c, 0x86, 0x86, 0x86, 0x8c,
    0xf8, 0x80, 0x80, 0x80, 0x3c, 0x46, 0xc2, 0xc6, 0xcc, 0xc8, 0xcc, 0xc6, 0xc1, 0xc1, 0xd1, 0xde,
    0x20, 0x30, 0x18, 0x00, 0x7c, 0x44, 0x06, 0x06, 0x7e, 0xc6, 0x86, 0xce, 0x72, 0x0c, 0x08, 0x10,
    0x00, 0x7c, 0x44, 0x06, 0x06, 0x7e, 0xc6, 0x86, 0xce, 0x72, 0x10, 0x38, 0x4c, 0x00, 0x7c, 0x44,
    0x06, 0x06, 0x7e, 0xc6, 0x86, 0xce, 0x72, 0x76, 0x5c, 0x00, 0x7c, 0x44, 0x06, 0x06, 0x7e, 0xc6,
    0x86, 0xce, 0x72, 0x6c, 0x00, 0x00, 0x7c, 0x44, 0x06, 0x06, 0x7e, 0xc6, 0x86, 0xce, 0x72, 0x38,
    0x28, 0x38, 0x00, 0x7c, 0x44, 0x06, 0x06, 0x7e, 0xc6, 0x86, 0xce, 0x72, 0xf9, 0xc0, 0x4f, 0x20,
    0x06, 0x30, 0x06, 0x30, 0x7f, 0xf0, 0xc6, 0x00, 0x86, 0x00, 0xcf, 0x10, 0x71, 0xf0, 0x3c, 0x64,
    0xc0, 0x80, 0x80, 0x80, 0xc0, 0x64, 0x3c, 0x10, 0x18, 0x08, 0x38, 0x20, 0x30, 0x18, 0x00, 0x3c,
    0x66, 0xc6, 0x82, 0xfe, 0x80, 0xc0, 0x62, 0x3e, 0x0c, 0x08, 0x10, 0x00, 0x3c, 0x66, 0xc6, 0x82,
    0xfe, 0x80, 0xc0, 0x62, 0x3e, 0x10, 0x38, 0x4c, 0x00, 0x3c, 0x66, 0xc6, 0x82, 0xfe, 0x80, 0xc0,
    0x62, 0x3e, 0x6c, 0x00, 0x00, 0x3c, 0x66, 0xc6, 0x82, 0xfe, 0x80, 0xc0, 0x62, 0x3e, 0x80, 0xc0,
    0x60, 0x00, 0x60, 0x60, 0x60, 0x60, 0x60, 0x60, 0x60, 0x60, 0x60, 0x30, 0x20, 0x40, 0x00, 0xc0,
    0xc0, 0xc0, 0xc0, 0xc0, 0xc0, 0xc0, 0xc0, 0xc0, 0x20, 0x70, 0x98, 0x00, 0x60, 0x60, 0x60, 0x60,
    0x60, 0x60, 0x60, 0x60, 0x60, 0xd8, 0x00, 0x00, 0x30, 0x30, 0x30, 0x30, 0x30, 0x30, 0x30, 0x30,
    0x30, 0x22, 0x1c, 0x1c, 0x24, 0x02, 0x3e, 0x47, 0xc3, 0x83, 0x83, 0xc2, 0x46, 0x3c, 0x76, 0x5c,
    0x00, 0xdc, 0xe6, 0xc3, 0xc3, 0xc3, 0xc3, 0xc3, 0xc3, 0xc3, 0x20, 0x30, 0x18, 0x00, 0x3c, 0x66,
    0xc3, 0x83, 0x83, 0x83, 0xc3, 0x66, 0x3c, 0x0c, 0x08, 0x10, 0x00, 0x3c, 0x66, 0xc3, 0x83, 0x83,
    0x83, 0xc3, 0x66, 0x3c, 0x08, 0x1c, 0x26, 0x00, 0x3c, 0x66, 0xc3, 0x83, 0x83, 0x83, 0xc3, 0x66,
    0x3c, 0x76, 0x5c, 0x00, 0x3c, 0x66, 0xc3, 0x83, 0x83, 0x83, 0xc3, 0x66, 0x3c, 0x6c, 0x00, 0x00,
    0x3c, 0x66, 0xc3, 0x83, 0x83, 0x83, 0xc3, 0x66, 0x3c, 0x10, 0x10, 0x00, 0x00, 0xfe, 0x00, 0x10,
    0x10, 0x3f, 0x66, 0xc6, 0x8b, 0x9b, 0xb3, 0xe3, 0x66, 0xfc, 0x20, 0x30, 0x18, 0x00, 0xc3, 0xc3,
    0xc3, 0xc3, 0xc3, 0xc3, 0xc3, 0x47, 0x7b, 0x0c, 0x08, 0x10, 0x00, 0xc3, 0xc3, 0xc3, 0xc3, 0xc3,
    0xc3, 0xc3, 0x47, 0x7b, 0x08, 0x1c, 0x26, 0x00, 0xc3, 0xc3, 0xc3, 0xc3, 0xc3, 0xc3, 0xc3, 0x47,
    0x7b, 0x6c, 0x00, 0x00, 0xc3, 0xc3, 0xc3, 0xc3, 0xc3, 0xc3, 0xc3, 0x47, 0x7b, 0x06, 0x04, 0x08,
    0x00, 0xc3, 0x43, 0x42, 0x66, 0x26, 0x24, 0x1c, 0x18, 0x18, 0x18, 0x10, 0x30, 0xe0, 0xc0, 0xc0,
    0xc0, 0xdc, 0xe6, 0xc3, 0xc3, 0xc3, 0xc3, 0xc3, 0xe6, 0xdc, 0xc0, 0xc0, 0xc0, 0xc0, 0x6c, 0x00,
    0x00, 0xc3, 0x43, 0x42, 0x66, 0x26, 0x24, 0x1c, 0x18, 0x18, 0x18, 0x10, 0x30, 0xe0,
};
static const recipe_glyph_t glyphs_regular_16[] = {
    {4, 0, 0, 0, 0, 0},  // 0x20
    {4, 1, 12, 2, 12, 0},  // 0x21
    {7, 1, 12, 4, 4, 12},  // 0x22
    {10, 0, 12, 10, 12, 16},  // 0x23
    {9, 1, 12, 7, 13, 40},  // 0x24
    {13, 1, 12, 12, 12, 53},  // 0x25
    {12, 1, 12, 11, 12, 77},  // 0x26
    {4, 1, 12, 2, 4, 101},  // 0x27
    {5, 1, 12, 3, 14, 105},  // 0x28
    {5, 0, 12, 4, 14, 119},  // 0x29
    {9, 1, 12, 7, 7, 133},  // 0x2A
    {9, 1, 10, 7, 8, 140},  // 0x2B
    {4, 1, 2, 2, 4, 148},  // 0x2C
    {5, 1, 6, 4, 1, 152},  // 0x2D
    {4, 1, 3, 2, 2, 153},  // 0x2E
    {6, 0, 12, 6, 12, 155},  // 0x2F
    {9, 1, 12, 7, 12, 167},  // 0x30
    {9, 1, 12, 5, 12, 179},  // 0x31
    {9, 1, 12, 7, 12, 191},  // 0x32
    {9, 1, 12, 7, 12, 203},  // 0x33
    {9, 0, 12, 9, 12, 215},  // 0x34
    {9, 1, 12, 7, 12, 239},  // 0x35
    {9, 1, 12, 7, 12, 251},  // 0x36
    {9, 1, 12, 7, 12, 263},  // 0x37
    {9, 1, 12, 7, 12, 275},  // 0x38
    {9, 1, 12, 7, 12, 287},  // 0x39
    {4, 1, 9, 2, 9, 299},  // 0x3A
    {4, 0, 9, 3, 11, 308},  // 0x3B
    {9, 1, 10, 7, 8, 319},  // 0x3C
    {9, 1, 9, 7, 4, 327},  // 0x3D
    {9, 1, 10, 7, 8, 331},  // 0x3E
    {7, 0, 12, 7, 12, 339},  // 0x3F
    {14, 1, 12, 12, 13, 351},  // 0x40
    {10, 0, 12, 10, 12, 377},  // 0x41
    {10, 2, 12, 8, 12, 401},  // 0x42
    {10, 1, 12, 9, 12, 413},  // 0x43
    {12, 2, 12, 9, 12, 437},  // 0x44
    {9, 2, 12, 6, 12, 461},  // 0x45
    {8, 2, 12, 6, 12, 473},  // 0x46
    {12, 1, 12, 9, 12, 485},  // 0x47
    {12, 2, 12, 8, 12, 509},  // 0x48
    {5, 1, 12, 4, 12, 521},  // 0x49
    {4, -2, 12, 4, 15, 533},  // 0x4A
    {10, 2, 12, 8, 12, 548},  // 0x4B
    {8, 2, 12, 6, 12, 560},  // 0x4C
    {15, 2, 12, 11, 12, 572},  // 0x4D
    {12, 2, 12, 9, 12, 596},  // 0x4E
    {13, 1, 12, 11, 12, 620},  // 0x4F
    {10, 2, 12, 7, 12, 644},  // 0x50
    {13, 1, 12, 11, 14, 656},  // 0x51
    {10, 2, 12, 8, 12, 684},  // 0x52
    {9, 1, 12, 7, 12, 696},  // 0x53
    {9, 0, 12, 9, 12, 708},  // 0x54
    {12, 1, 12, 9, 12, 732},  // 0x55
    {10, 0, 12, 10, 12, 756},  // 0x56
    {15, 0, 12, 15, 12, 780},  // 0x57
    {9, 0, 12, 9, 12, 804},  // 0x58
    {9, 0, 12, 9, 12, 828},  // 0x59
    {9, 1, 12, 8, 12, 852},  // 0x5A
    {5, 1, 12, 4, 14, 864},  // 0x5B
    {6, 0, 12, 6, 12, 878},  // 0x5C
    {5, 0, 12, 4, 14, 890},  // 0x5D
    {9, 1, 12, 8, 8, 904},  // 0x5E
    {7, -1, -1, 7, 1, 912},  // 0x5F
    {5, 1, 13, 3, 3, 913},  // 0x60
    {9, 1, 9, 7, 9, 916},  // 0x61
    {10, 1, 12, 8, 12, 925},  // 0x62
    {8, 1, 9, 6, 9, 937},  // 0x63
    {10, 1, 12, 7, 12, 946},  // 0x64
    {9, 1, 9, 7, 9, 958},  // 0x65
    {6, 0, 12, 6, 12, 967},  // 0x66
    {10, 1, 9, 7, 13, 979},  // 0x67
    {10, 1, 12, 8, 12, 992},  // 0x68
    {4, 1, 12, 2, 12, 1004},  // 0x69
    {4, -1, 12, 4, 16, 1016},  // 0x6A
    {9, 1, 12, 7, 12, 1032},  // 0x6B
    {4, 1, 12, 2, 12, 1044},  // 0x6C
    {15, 1, 9, 13, 9, 1056},  // 0x6D
    {10, 1, 9, 8, 9, 1074},  // 0x6E
    {10, 1, 9, 8, 9, 1083},  // 0x6F
    {10, 1, 9, 8, 13, 1092},  // 0x70
    {10, 1, 9, 7, 13, 1105},  // 0x71
    {7, 1, 9, 5, 9, 1118},  // 0x72
    {8, 1, 9, 6, 9, 1127},  // 0x73
    {6, 0, 11, 5, 11, 1136},  // 0x74
    {10, 1, 9, 8, 9, 1147},  // 0x75
    {8, 0, 9, 8, 9, 1156},  // 0x76
    {13, 0, 9, 12, 9, 1165},  // 0x77
    {8, 0, 9, 8, 9, 1183},  // 0x78
    {8, 0, 9, 8, 13, 1192},  // 0x79
    {8, 1, 9, 6, 9, 1205},  // 0x7A
    {6, 0, 12, 6, 14, 1214},  // 0x7B
    {9, 4, 12, 1, 16, 1228},  // 0x7C
    {6, 1, 12, 5, 14, 1244},  // 0x7D
    {9, 1, 8, 7, 2, 1258},  // 0x7E
    {10, 1, 12, 7, 12, 1260},  // 0x7F
    {9, 0, 12, 9, 12, 1272},  // 0x80
    {0, 0, 0, 0, 0, 0},  // 0x81
    {4, 0, 2, 3, 4, 1296},  // 0x82
    {7, -1, 12, 7, 16, 1300},  // 0x83
    {7, 0, 2, 6, 4, 1316},  // 0x84
    {13, 1, 3, 10, 2, 1320},  // 0x85
    {8, 1, 12, 6, 12, 1324},  // 0x86
    {8, 1, 12, 6, 12, 1336},  // 0x87
    {7, 1, 13, 5, 3, 1348},  // 0x88
    {19, 1, 12, 17, 12, 1351},  // 0x89
    {9, 1, 16, 7, 16, 1387},  // 0x8A
    {5, 1, 8, 3, 7, 1403},  // 0x8B
    {15, 1, 12, 13, 12, 1410},  // 0x8C
    {0, 0, 0, 0, 0, 0},  // 0x8D
    {9, 1, 16, 8, 16, 1434},  // 0x8E
    {0, 0, 0, 0, 0, 0},  // 0x8F
    {0, 0, 0, 0, 0, 0},  // 0x90
    {3, 0, 12, 3, 4, 1450},  // 0x91
    {3, 0, 12, 3, 4, 1454},  // 0x92
    {6, 0, 12, 6, 4, 1458},  // 0x93
    {6, 0, 12, 6, 4, 1462},  // 0x94
    {6, 1, 8, 4, 4, 1466},  // 0x95
    {8, 1, 6, 6, 1, 1470},  // 0x96
    {16, 1, 6, 14, 1, 1471},  // 0x97
    {7, 1, 13, 6, 2, 1473},  // 0x98
    {12, 0, 11, 11, 6, 1475},  // 0x99
    {8, 1, 13, 6, 13, 1487},  // 0x9A
    {5, 1, 8, 3, 7, 1500},  // 0x9B
    {15, 1, 9, 13, 9, 1507},  // 0x9C
    {0, 0, 0, 0, 0, 0},  // 0x9D
    {8, 1, 13, 6, 13, 1525},  // 0x9E
    {9, 0, 16, 9, 15, 1538},  // 0x9F
    {4, 0, 0, 0, 0, 1568},  // 0xA0
    {4, 1, 9, 2, 12, 1568},  // 0xA1
    {9, 1, 12, 7, 12, 1580},  // 0xA2
    {9, 1, 12, 8, 12, 1592},  // 0xA3
    {9, 1, 10, 7, 7, 1604},  // 0xA4
    {9, 0, 12, 9, 12, 1611},  // 0xA5
    {9, 4, 12, 1, 16, 1635},  // 0xA6
    {8, 1, 12, 6, 12, 1651},  // 0xA7
    {9, 2, 13, 5, 1, 1663},  // 0xA8
    {13, 1, 13, 12, 12, 1664},  // 0xA9
    {6, 1, 12, 4, 5, 1688},  // 0xAA
    {8, 1, 8, 7, 7, 1693},  // 0xAB
    {9, 1, 7, 7, 4, 1700},  // 0xAC
    {5, 1, 6, 4, 1, 1704},  // 0xAD
    {13, 1, 13, 12, 12, 1705},  // 0xAE
    {8, -1, 15, 8, 1, 1729},  // 0xAF
    {7, 1, 13, 5, 5, 1730},  // 0xB0
    {9, 1, 10, 7, 10, 1735},  // 0xB1
    {6, 0, 14, 5, 7, 1745},  // 0xB2
    {6, 0, 13, 5, 7, 1752},  // 0xB3
    {5, 1, 13, 3, 3, 1759},  // 0xB4
    {10, 1, 9, 8, 13, 1762},  // 0xB5
    {10, 1, 12, 8, 15, 1775},  // 0xB6
    {4, 1, 8, 2, 2, 1790},  // 0xB7
    {4, 0, 1, 3, 4, 1792},  // 0xB8
    {6, 1, 14, 3, 7, 1796},  // 0xB9
    {6, 1, 12, 5, 5, 1803},  // 0xBA
    {8, 1, 8, 7, 7, 1808},  // 0xBB
    {12, 1, 12, 11, 12, 1815},  // 0xBC
    {12, 0, 12, 12, 12, 1839},  // 0xBD
    {13, 0, 13, 12, 12, 1863},  // 0xBE
    {7, 0, 9, 7, 12, 1887},  // 0xBF
    {10, 0, 16, 10, 16, 1899},  // 0xC0
    {10, 0, 16, 10, 16, 1931},  // 0xC1
    {10, 0, 16, 10, 16, 1963},  // 0xC2
    {10, 0, 16, 10, 15, 1995},  // 0xC3
    {10, 0, 16, 10, 15, 2025},  // 0xC4
    {10, 0, 15, 10, 14, 2055},  // 0xC5
    {14, -1, 12, 13, 12, 2083},  // 0xC6
    {10, 1, 12, 9, 16, 2107},  // 0xC7
    {9, 2, 16, 6, 16, 2139},  // 0xC8
    {9, 2, 16, 6, 16, 2155},  // 0xC9
    {9, 2, 16, 6, 16, 2171},  // 0xCA
    {9, 2, 16, 6, 15, 2187},  // 0xCB
    {5, 1, 16, 4, 16, 2202},  // 0xCC
    {5, 1, 16, 4, 16, 2218},  // 0xCD
    {5, -1, 16, 5, 16, 2234},  // 0xCE
    {5, 0, 16, 5, 15, 2250},  // 0xCF
    {12, 0, 12, 11, 12, 2265},  // 0xD0
    {12, 2, 16, 9, 15, 2289},  // 0xD1
    {13, 1, 16, 11, 16, 2319},  // 0xD2
    {13, 1, 16, 11, 16, 2351},  // 0xD3
    {13, 1, 16, 11, 16, 2383},  // 0xD4
    {13, 1, 16, 11, 15, 2415},  // 0xD5
    {13, 1, 16, 11, 15, 2445},  // 0xD6
    {9, 1, 10, 7, 7, 2475},  // 0xD7
    {13, 1, 13, 11, 12, 2482},  // 0xD8
    {12, 1, 16, 9, 16, 2506},  // 0xD9
    {12, 1, 16, 9, 16, 2538},  // 0xDA
    {12, 1, 16, 9, 16, 2570},  // 0xDB
    {12, 1, 16, 9, 15, 2602},  // 0xDC
    {9, 0, 16, 9, 16, 2632},  // 0xDD
    {10, 2, 12, 7, 12, 2664},  // 0xDE
    {10, 1, 12, 8, 12, 2676},  // 0xDF
    {9, 1, 13, 7, 13, 2688},  // 0xE0
    {9, 1, 13, 7, 13, 2701},  // 0xE1
    {9, 1, 13, 7, 13, 2714},  // 0xE2
    {9, 1, 13, 7, 12, 2727},  // 0xE3
    {9, 1, 13, 7, 12, 2739},  // 0xE4
    {9, 1, 14, 7, 13, 2751},  // 0xE5
    {14, 1, 9, 12, 9, 2764},  // 0xE6
    {8, 1, 9, 6, 13, 2782},  // 0xE7
    {9, 1, 13, 7, 13, 2795},  // 0xE8
    {9, 1, 13, 7, 13, 2808},  // 0xE9
    {9, 1, 13, 7, 13, 2821},  // 0xEA
    {9, 1, 13, 7, 12, 2834},  // 0xEB
    {4, -1, 13, 3, 13, 2846},  // 0xEC
    {4, 1, 13, 4, 13, 2859},  // 0xED
    {4, -1, 13, 5, 13, 2872},  // 0xEE
    {4, -1, 13, 5, 12, 2885},  // 0xEF
    {10, 1, 13, 8, 13, 2897},  // 0xF0
    {10, 1, 13, 8, 12, 2910},  // 0xF1
    {10, 1, 13, 8, 13, 2922},  // 0xF2
    {10, 1, 13, 8, 13, 2935},  // 0xF3
    {10, 1, 13, 8, 13, 2948},  // 0xF4
    {10, 1, 13, 8, 12, 2961},  // 0xF5
    {10, 1, 13, 8, 12, 2973},  // 0xF6
    {9, 1, 10, 7, 8, 2985},  // 0xF7
    {10, 1, 10, 8, 9, 2993},  // 0xF8
    {10, 1, 13, 8, 13, 3002},  // 0xF9
    {10, 1, 13, 8, 13, 3015},  // 0xFA
    {10, 1, 13, 8, 13, 3028},  // 0xFB
    {10, 1, 13, 8, 12, 3041},  // 0xFC
    {8, 0, 13, 8, 17, 3053},  // 0xFD
    {10, 1, 12, 8, 16, 3070},  // 0xFE
    {8, 0, 13, 8, 16, 3086},  // 0xFF
};
static const uint8_t bits_regular_19[] = {
    0x60, 0x60, 0x40, 0x40, 0x40, 0x40, 0x40, 0x40, 0x40, 0x40, 0x00, 0x40, 0xe0, 0x60, 0xcc, 0xc8,
    0xc8, 0xc8, 0x48, 0x04, 0x40, 0x0c, 0x40, 0x0c, 0xc0, 0x08, 0x80, 0x7f, 0xf0, 0x08, 0x80, 0x08,
    0x80, 0x19, 0x80, 0x19, 0x80, 0xff, 0xe0, 0x11, 0x00, 0x11, 0x00, 0x33, 0x00, 0x33, 0x00, 0x08,
    0x00, 0x08, 0x00, 0x7f, 0x00, 0x6b, 0x00, 0xc8, 0x00, 0xc8, 0x00, 0xc8, 0x00, 0x78, 0x00, 0x1e,
    0x00, 0x0b, 0x00, 0x09, 0x80, 0x09, 0x80, 0x8b, 0x00, 0xff, 0x00, 0x18, 0x00, 0x08, 0x00, 0x70,
    0x20, 0xd8, 0x60, 0xc8, 0x40, 0x8c, 0xc0, 0x8c, 0x80, 0x89, 0x78, 0xcb, 0x48, 0x7a, 0xcc, 0x06,
    0xcc, 0x04, 0xcc, 0x0c, 0xcc, 0x08, 0xcc, 0x18, 0x78, 0x30, 0x38, 0x1e, 0x00, 0x37, 0x00, 0x63,
    0x00, 0x63, 0x00, 0x23, 0x00, 0x3e, 0x00, 0x18, 0x00, 0x7c, 0x30, 0xc6, 0x30, 0xc3, 0x60, 0xc1,
    0xe0, 0xc0, 0xc0, 0x77, 0xe0, 0x3e, 0x38, 0xc0, 0xc0, 0xc0, 0xc0, 0x40, 0x30, 0x20, 0x60, 0x40,
    0xc0, 0xc0, 0xc0, 0xc0, 0x80, 0x80, 0xc0, 0xc0, 0xc0, 0xc0, 0x60, 0x60, 0x30, 0xc0, 0xc0, 0x60,
    0x60, 0x20, 0x30, 0x30, 0x30, 0x30, 0x30, 0x30, 0x30, 0x30, 0x20, 0x60, 0x40, 0xc0, 0x18, 0x00,
    0x18, 0x00, 0x08, 0x00, 0xcb, 0x00, 0xff, 0x80, 0x1c, 0x00, 0x34, 0x00, 0x66, 0x00, 0x22, 0x00,
    0x08, 0x00, 0x08, 0x00, 0x08, 0x00, 0x08, 0x00, 0x08, 0x00, 0xff, 0x80, 0x08, 0x00, 0x08, 0x00,
    0x08, 0x00, 0x08, 0x00, 0x60, 0xc0, 0xc0, 0xc0, 0x80, 0xf0, 0x40, 0xe0, 0x60, 0x06, 0x04, 0x0c,
    0x0c, 0x08, 0x18, 0x18, 0x10, 0x30, 0x20, 0x60, 0x60, 0x40, 0xc0, 0x3c, 0x00, 0x77, 0x00, 0x43,
    0x00, 0xc1, 0x80, 0xc1, 0x80, 0xc1, 0x80, 0xc1, 0x80, 0xc1, 0x80, 0xc1, 0x80, 0xc1, 0x80, 0xc1,
    0x80, 0x43, 0x00, 0x77, 0x00, 0x3e, 0x00, 0x18, 0x38, 0xf8, 0x98, 0x18, 0x18, 0x18, 0x18, 0x18,
    0x18, 0x18, 0x18, 0x18, 0x18, 0x3e, 0x00, 0xf7, 0x00, 0x43, 0x00, 0x01, 0x00, 0x01, 0x00, 0x03,
    0x00, 0x03, 0x00, 0x06, 0x00, 0x0c, 0x00, 0x18, 0x00, 0x30, 0x00, 0x60, 0x00, 0xc0, 0x00, 0xff,
    0x80, 0x3e, 0x00, 0xf7, 0x00, 0x83, 0x00, 0x01, 0x00, 0x03, 0x00, 0x07, 0x00, 0x3c, 0x00, 0x07,
    0x00, 0x01, 0x80, 0x01, 0x80, 0x01, 0x80, 0x01, 0x00, 0xef, 0x00, 0xfc, 0x00, 0x03, 0x80, 0x03,
    0x80, 0x07, 0x80, 0x0d, 0x80, 0x09, 0x80, 0x19, 0x80, 0x31, 0x80, 0x21, 0x80, 0x41, 0x80, 0xff,
    0xc0, 0xff, 0xc0, 0x01, 0x80, 0x01, 0x80, 0x01, 0x80, 0x7f, 0x00, 0x40, 0x00, 0x40, 0x00, 0x40,
    0x00, 0x40, 0x00, 0x7e, 0x00, 0x47, 0x00, 0x01, 0x80, 0x01, 0x80, 0x01, 0x80, 0x01, 0x80, 0x03,
    0x00, 0xef, 0x00, 0x7c, 0x00, 0x1f, 0x00, 0x3d, 0x00, 0x60, 0x00, 0x40, 0x00, 0xc0, 0x00, 0xde,
    0x00, 0xf3, 0x00, 0xc1, 0x80, 0xc1, 0x80, 0xc1, 0x80, 0xc1, 0x80, 0x61, 0x80, 0x77, 0x00, 0x1e,
    0x00, 0xff, 0x80, 0x01, 0x80, 0x01, 0x00, 0x03, 0x00, 0x03, 0x00, 0x06, 0x00, 0x06, 0x00, 0x0c,
    0x00, 0x0c, 0x00, 0x08, 0x00, 0x18, 0x00, 0x18, 0x00, 0x30, 0x00, 0x30, 0x00, 0x3e, 0x00, 0x77,
    0x00, 0xc1, 0x00, 0xc1, 0x00, 0x41, 0x00, 0x67, 0x00, 0x3c, 0x00, 0x7e, 0x00, 0xc3, 0x00, 0xc1,
    0x80, 0xc1, 0x80, 0xc1, 0x80, 0x77, 0x00, 0x3e, 0x00, 0x3c, 0x00, 0x77, 0x00, 0xc3, 0x00, 0xc1,
    0x80, 0xc1, 0x80, 0xc1, 0x80, 0xe3, 0x80, 0x7d, 0x80, 0x01, 0x80, 0x01, 0x00, 0x03, 0x00, 0x03,
    0x00, 0x5e, 0x00, 0x78, 0x00, 0x60, 0xe0, 0x40, 0x00, 0x00, 0x00, 0x00, 0x00, 0x40, 0xe0, 0x60,
    0x40, 0xe0, 0x40, 0x00, 0x00, 0x00, 0x00, 0x00, 0x00, 0xc0, 0xc0, 0xc0, 0x80, 0x80, 0x00, 0x80,
    0x01, 0x80, 0x07, 0x00, 0x1c, 0x00, 0x60, 0x00, 0xc0, 0x00, 0x78, 0x00, 0x0e, 0x00, 0x03, 0x80,
    0x00, 0x80, 0xff, 0x80, 0x00, 0x00, 0x00, 0x00, 0x00, 0x00, 0xff, 0x80, 0x80, 0x00, 0xc0, 0x00,
    0x70, 0x00, 0x1c, 0x00, 0x07, 0x00, 0x01, 0x80, 0x0e, 0x00, 0x38, 0x00, 0xe0, 0x00, 0x80, 0x00,
    0x7c, 0xee, 0x03, 0x03, 0x03, 0x06, 0x0c, 0x18, 0x10, 0x10, 0x00, 0x10, 0x38, 0x30, 0x07, 0xe0,
    0x1e, 0x78, 0x30, 0x0c, 0x63, 0xe4, 0x46, 0xe6, 0xcc, 0x62, 0xcc, 0x62, 0x88, 0x62, 0x88, 0x66,
    0xcc, 0xe4, 0xc7, 0xbc, 0x40, 0x00, 0x60, 0x00, 0x38, 0x20, 0x1f, 0xe0, 0x06, 0x00, 0x06, 0x00,
    0x0f, 0x00, 0x0d, 0x00, 0x09, 0x80, 0x19, 0x80, 0x10, 0x80, 0x30, 0xc0, 0x3f, 0xc0, 0x3f, 0xc0,
    0x60, 0x60, 0x60, 0x60, 0x40, 0x30, 0xc0, 0x30, 0xfe, 0x00, 0xc7, 0x00, 0xc1, 0x80, 0xc1, 0x80,
    0xc1, 0x80, 0xc3, 0x00, 0xfc, 0x00, 0xc3, 0x00, 0xc1, 0x80, 0xc1, 0x80, 0xc1, 0x80, 0xc1, 0x80,
    0xc7, 0x80, 0xfe, 0x00, 0x0f, 0xc0, 0x3d, 0xc0, 0x70, 0x00, 0x60, 0x00, 0xc0, 0x00, 0xc0, 0x00,
    0xc0, 0x00, 0xc0, 0x00, 0xc0, 0x00, 0xc0, 0x00, 0x60, 0x00, 0x70, 0x00, 0x3d, 0xc0, 0x0f, 0xc0,
    0xfe, 0x00, 0xc7, 0x80, 0xc1, 0xc0, 0xc0, 0xc0, 0xc0, 0x40, 0xc0, 0x60, 0xc0, 0x60, 0xc0, 0x60,
    0xc0, 0x60, 0xc0, 0x40, 0xc0, 0xc0, 0xc1, 0x80, 0xcf, 0x80, 0xfe, 0x00, 0xfe, 0xc0, 0xc0, 0xc0,
    0xc0, 0xc0, 0xfe, 0xc0, 0xc0, 0xc0, 0xc0, 0xc0, 0xc0, 0xfe, 0xfe, 0xc0, 0xc0, 0xc0, 0xc0, 0xc0,
    0xc0, 0xfe, 0xc0, 0xc0, 0xc0, 0xc0, 0xc0, 0xc0, 0x0f, 0xc0, 0x3c, 0xe0, 0x70, 0x00, 0x60, 0x00,
    0xc0, 0x00, 0xc0, 0x00, 0xc1, 0xe0, 0xc0, 0x20, 0xc0, 0x20, 0xc0, 0x20, 0x60, 0x20, 0x70, 0x20,
    0x3c, 0xe0, 0x0f, 0xe0, 0xc0, 0xc0, 0xc0, 0xc0, 0xc0, 0xc0, 0xc0, 0xc0, 0xc0, 0xc0, 0xc0, 0xc0,
    0xff, 0xc0, 0xc0, 0xc0, 0xc0, 0xc0, 0xc0, 0xc0, 0xc0, 0xc0, 0xc0, 0xc0, 0xc0, 0xc0, 0xc0, 0xc0,
    0xf8, 0x60, 0x60, 0x60, 0x60, 0x60, 0x60, 0x60, 0x60, 0x60, 0x60, 0x60, 0x60, 0xf8, 0x10, 0x10,
    0x10, 0x10, 0x10, 0x10, 0x10, 0x10, 0x10, 0x10, 0x10, 0x10, 0x10, 0x10, 0x10, 0x10, 0x30, 0xe0,
    0xc1, 0xc0, 0xc3, 0x00, 0xc6, 0x00, 0xc4, 0x00, 0xcc, 0x00, 0xd8, 0x00, 0xf0, 0x00, 0xf8, 0x00,
    0xcc, 0x00, 0xce, 0x00, 0xc6, 0x00, 0xc3, 0x00, 0xc1, 0x80, 0xc1, 0xc0, 0xc0, 0xc0, 0xc0, 0xc0,
    0xc0, 0xc0, 0xc0, 0xc0, 0xc0, 0xc0, 0xc0, 0xc0, 0xfe, 0xfe, 0xe0, 0x18, 0xe0, 0x38, 0xa0, 0x28,
    0xb0, 0x28, 0xb0, 0x68, 0x90, 0x48, 0x98, 0xc8, 0x98, 0xc8, 0x88, 0x88, 0x8d, 0x88, 0x85, 0x88,
    0x87, 0x08, 0x87, 0x08, 0x82, 0x08, 0xc0, 0x60, 0xe0, 0x60, 0xe0, 0x60, 0xb0, 0x60, 0x98, 0x60,
    0x98, 0x60, 0x8c, 0x60, 0x86, 0x60, 0x86, 0x60, 0x83, 0x60, 0x83, 0xe0, 0x81, 0xe0, 0x80, 0xe0,
    0x80, 0xe0, 0x0f, 0x80, 0x3d, 0xe0, 0x60, 0x70, 0x60, 0x30, 0xc0, 0x10, 0xc0, 0x18, 0xc0, 0x18,
    0xc0, 0x18, 0xc0, 0x18, 0xc0, 0x10, 0x60, 0x30, 0x60, 0x70, 0x3d, 0xe0, 0x0f, 0x80, 0xfc, 0x00,
    0xcf, 0x00, 0xc3, 0x00, 0xc1, 0x80, 0xc1, 0x80, 0xc3, 0x00, 0xc7, 0x00, 0xfe, 0x00, 0xc0, 0x00,
    0xc0, 0x00, 0xc0, 0x00, 0xc0, 0x00, 0xc0, 0x00, 0xc0, 0x00, 0x0f, 0x80, 0x3d, 0xe0, 0x60, 0x70,
    0x60, 0x30, 0xc0, 0x10, 0xc0, 0x18, 0xc0, 0x18, 0xc0, 0x18, 0xc0, 0x18, 0xc0, 0x10, 0x60, 0x30,
    0x60, 0x70, 0x3d, 0xe0, 0x0f, 0x80, 0x01, 0xc0, 0x00, 0xe0, 0x00, 0x70, 0xfc, 0x00, 0xcf, 0x00,
    0xc3, 0x00, 0xc1, 0x80, 0xc1, 0x80, 0xc3, 0x00, 0xc7, 0x00, 0xfe, 0x00, 0xcc, 0x00, 0xc6, 0x00,
    0xc2, 0x00, 0xc3, 0x00, 0xc1, 0x80, 0xc1, 0xc0, 0x3f, 0x00, 0x77, 0x00, 0xc0, 0x00, 0xc0, 0x00,
    0xc0, 0x00, 0x60, 0x00, 0x3c, 0x00, 0x0e, 0x00, 0x03, 0x00, 0x01, 0x00, 0x01, 0x80, 0x03, 0x00,
    0xef, 0x00, 0xfc, 0x00, 0xff, 0xc0, 0x0c, 0x00, 0x0c, 0x00, 0x0c, 0x00, 0x0c, 0x00, 0x0c, 0x00,
    0x0c, 0x00, 0x0c, 0x00, 0x0c, 0x00, 0x0c, 0x00, 0x0c, 0x00, 0x0c, 0x00, 0x0c, 0x00, 0x0c, 0x00,
    0x80, 0xc0, 0x80, 0xc0, 0x80, 0xc0, 0x80, 0xc0, 0x80, 0xc0, 0x80, 0xc0, 0x80, 0xc0, 0x80, 0xc0,
    0x80, 0xc0, 0x80, 0xc0, 0xc0, 0xc0, 0xc0, 0xc0, 0x73, 0x80, 0x3f, 0x00, 0xc0, 0x60, 0x40, 0x60,
    0x60, 0x60, 0x60, 0xc0, 0x20, 0xc0, 0x30, 0xc0, 0x31, 0x80, 0x11, 0x80, 0x19, 0x00, 0x1b, 0x00,
    0x0b, 0x00, 0x0e, 0x00, 0x0e, 0x00, 0x06, 0x00, 0xc0, 0xc0, 0x80, 0x41, 0xc1, 0x80, 0x61, 0xc1,
    0x80, 0x61, 0x61, 0x80, 0x61, 0x61, 0x00, 0x23, 0x23, 0x00, 0x33, 0x33, 0x00, 0x32, 0x32, 0x00,
    0x36, 0x32, 0x00, 0x16, 0x16, 0x00, 0x1e, 0x1e, 0x00, 0x1c, 0x1c, 0x00, 0x1c, 0x0c, 0x00, 0x0c,
    0x0c, 0x00, 0xe0, 0x60, 0x60, 0xc0, 0x31, 0x80, 0x11, 0x80, 0x1b, 0x00, 0x0e, 0x00, 0x0e, 0x00,
    0x0e, 0x00, 0x1b, 0x00, 0x1b, 0x00, 0x31, 0x80, 0x20, 0xc0, 0x60, 0xc0, 0xc0, 0x60, 0xc0, 0x60,
    0x60, 0xc0, 0x60, 0x80, 0x31, 0x80, 0x31, 0x00, 0x1b, 0x00, 0x1e, 0x00, 0x0e, 0x00, 0x0c, 0x00,
    0x04, 0x00, 0x04, 0x00, 0x04, 0x00, 0x04, 0x00, 0x04, 0x00, 0xff, 0x80, 0x01, 0x80, 0x03, 0x00,
    0x03, 0x00, 0x06, 0x00, 0x0c, 0x00, 0x0c, 0x00, 0x18, 0x00, 0x30, 0x00, 0x30, 0x00, 0x60, 0x00,
    0x40, 0x00, 0xc0, 0x00, 0xff, 0x80, 0xf0, 0x80, 0x80, 0x80, 0x80, 0x80, 0x80, 0x80, 0x80, 0x80,
    0x80, 0x80, 0x80, 0x80, 0x80, 0x80, 0xf0, 0xc0, 0x40, 0x60, 0x60, 0x20, 0x30, 0x10, 0x18, 0x18,
    0x08, 0x0c, 0x0c, 0x04, 0x06, 0xf8, 0x18, 0x18, 0x18, 0x18, 0x18, 0x18, 0x18, 0x18, 0x18, 0x18,
    0x18, 0x18, 0x18, 0x18, 0x18, 0xf8, 0x08, 0x00, 0x18, 0x00, 0x14, 0x00, 0x34, 0x00, 0x22, 0x00,
    0x62, 0x00, 0x43, 0x00, 0xc1, 0x00, 0x81, 0x80, 0xff, 0xc0, 0x60, 0x30, 0x3e, 0x77, 0x03, 0x03,
    0x03, 0x7f, 0xe3, 0xc3, 0xc3, 0xed, 0x79, 0x80, 0x00, 0x80, 0x00, 0x80, 0x00, 0x80, 0x00, 0xbc,
    0x00, 0xf7, 0x00, 0xc3, 0x00, 0x81, 0x00, 0x81, 0x80, 0x81, 0x80, 0x81, 0x80, 0x81, 0x00, 0xc3,
    0x00, 0xf7, 0x00, 0xbc, 0x00, 0x1f, 0x76, 0x60, 0xc0, 0xc0, 0xc0, 0xc0, 0xc0, 0x60, 0x76, 0x3e,
    0x01, 0x80, 0x01, 0x80, 0x01, 0x80, 0x01, 0x80, 0x3d, 0x80, 0x76, 0x80, 0x61, 0x80, 0xc1, 0x80,
    0xc1, 0x80, 0xc1, 0x80, 0xc1, 0x80, 0xc1, 0x80, 0x41, 0x80, 0x77, 0x80, 0x3c, 0x80, 0x3e, 0x00,
    0x77, 0x00, 0x41, 0x00, 0xc1, 0x80, 0xff, 0x80, 0xc0, 0x00, 0xc0, 0x00, 0xc0, 0x00, 0x60, 0x00,
    0x7b, 0x00, 0x1f, 0x00, 0x1e, 0x3a, 0x30, 0x30, 0x7c, 0xb0, 0x30, 0x30, 0x30, 0x30, 0x30, 0x30,
    0x30, 0x30, 0x30, 0x3c, 0x80, 0x76, 0x80, 0x61, 0x80, 0xc1, 0x80, 0xc1, 0x80, 0xc1, 0x80, 0xc1,
    0x80, 0xc1, 0x80, 0x41, 0x80, 0x77, 0x80, 0x3d, 0x80, 0x01, 0x80, 0x01, 0x80, 0x01, 0x80, 0x77,
    0x00, 0x7e, 0x00, 0x80, 0x80, 0x80, 0x80, 0x9e, 0xf7, 0xc3, 0x81, 0x81, 0x81, 0x81, 0x81, 0x81,
    0x81, 0x81, 0x40, 0xc0, 0x00, 0x00, 0x40, 0x40, 0x40, 0x40, 0x40, 0x40, 0x40, 0x40, 0x40, 0x40,
    0x40, 0x10, 0x30, 0x00, 0x00, 0x10, 0x10, 0x10, 0x10, 0x10, 0x10, 0x10, 0x10, 0x10, 0x10, 0x10,
    0x10, 0x10, 0x10, 0xb0, 0xe0, 0x80, 0x80, 0x80, 0x80, 0x87, 0x8c, 0x8c, 0x98, 0xb0, 0xf0, 0xd8,
    0x8c, 0x8c, 0x86, 0x83, 0x80, 0x80, 0x80, 0x80, 0x80, 0x80, 0x80, 0x80, 0x80, 0x80, 0x80, 0x80,
    0x80, 0x80, 0x80, 0xbc, 0x78, 0xee, 0xdc, 0xc3, 0x0c, 0x83, 0x04, 0x83, 0x04, 0x83, 0x04, 0x83,
    0x04, 0x83, 0x04, 0x83, 0x04, 0x83, 0x04, 0x83, 0x04, 0x9e, 0xf7, 0xc3, 0x81, 0x81, 0x81, 0x81,
    0x81, 0x81, 0x81, 0x81, 0x1e, 0x00, 0x77, 0x00, 0x61, 0x80, 0xc1, 0x80, 0xc0, 0x80, 0xc0, 0x80,
    0xc0, 0x80, 0xc1, 0x80, 0x61, 0x80, 0x77, 0x00, 0x1e, 0x00, 0xbc, 0x00, 0xf7, 0x00, 0xc3, 0x00,
    0x81, 0x00, 0x81, 0x80, 0x81, 0x80, 0x81, 0x80, 0xc1, 0x00, 0xc3, 0x00, 0xf7, 0x00, 0xbc, 0x00,
    0x80, 0x00, 0x80, 0x00, 0x80, 0x00, 0x80, 0x00, 0x80, 0x00, 0x3c, 0x80, 0x76, 0x80, 0x41, 0x80,
    0xc1, 0x80, 0xc1, 0x80, 0xc1, 0x80, 0xc1, 0x80, 0xc1, 0x80, 0x41, 0x80, 0x77, 0x80, 0x3d, 0x80,
    0x01, 0x80, 0x01, 0x80, 0x01, 0x80, 0x01, 0x80, 0x01, 0x80, 0x9c, 0xb8, 0xc0, 0xc0, 0x80, 0x80,
    0x80, 0x80, 0x80, 0x80, 0x80, 0x7c, 0xee, 0xc0, 0xc0, 0x70, 0x3c, 0x0e, 0x02, 0x02, 0xee, 0xfc,
    0x20, 0x20, 0x20, 0xfc, 0x20, 0x20, 0x20, 0x20, 0x20, 0x20, 0x20, 0x30, 0x3c, 0x1c, 0xc1, 0x80,
    0xc1, 0x80, 0xc1, 0x80, 0xc1, 0x80, 0xc1, 0x80, 0xc1, 0x80, 0xc1, 0x80, 0x41, 0x80, 0x41, 0x80,
    0x76, 0x80, 0x3c, 0x80, 0xc0, 0xc0, 0x41, 0x80, 0x61, 0x80, 0x61, 0x00, 0x23, 0x00, 0x33, 0x00,
    0x32, 0x00, 0x16, 0x00, 0x1e, 0x00, 0x1c, 0x00, 0x0c, 0x00, 0xc3, 0x86, 0x43, 0x84, 0x62, 0x8c,
    0x62, 0x8c, 0x66, 0xcc, 0x26, 0xc8, 0x24, 0x58, 0x3c, 0x58, 0x3c, 0x78, 0x18, 0x30, 0x18, 0x30,
    0x61, 0xc0, 0x61, 0x80, 0x33, 0x00, 0x1e, 0x00, 0x1e, 0x00, 0x0c, 0x00, 0x1e, 0x00, 0x12, 0x00,
    0x33, 0x00, 0x61, 0x80, 0xe1, 0xc0, 0xc0, 0xc0, 0x41, 0x80, 0x61, 0x80, 0x61, 0x00, 0x23, 0x00,
    0x33, 0x00, 0x32, 0x00, 0x16, 0x00, 0x1e, 0x00, 0x0c, 0x00, 0x0c, 0x00, 0x0c, 0x00, 0x08, 0x00,
    0x18, 0x00, 0xb0, 0x00, 0xe0, 0x00, 0xfe, 0x06, 0x04, 0x0c, 0x18, 0x10, 0x30, 0x60, 0x40, 0xc0,
    0xfe, 0x1c, 0x38, 0x30, 0x30, 0x30, 0x30, 0x20, 0x60, 0xc0, 0x60, 0x20, 0x30, 0x30, 0x30, 0x30,
    0x30, 0x1c, 0x80, 0x80, 0x80, 0x80, 0x80, 0x80, 0x80, 0x80, 0x80, 0x80, 0x80, 0x80, 0x80, 0x80,
    0x80, 0x80, 0x80, 0x80, 0x80, 0x80, 0xc0, 0xe0, 0x20, 0x20, 0x20, 0x20, 0x20, 0x30, 0x0c, 0x30,
    0x20, 0x20, 0x20, 0x20, 0x20, 0x60, 0xc0, 0xf8, 0x80, 0x9f, 0x80, 0xff, 0x81, 0x81, 0x81, 0x81,
    0x81, 0x81, 0x81, 0x81, 0x81, 0x81, 0x81, 0x81, 0xff, 0x07, 0xe0, 0x1e, 0xc0, 0x18, 0x00, 0x30,
    0x00, 0x30, 0x00, 0xff, 0x00, 0x20, 0x00, 0x20, 0x00, 0xff, 0x00, 0x30, 0x00, 0x30, 0x00, 0x18,
    0x00, 0x1e, 0xc0, 0x07, 0xc0, 0x60, 0x60, 0x40, 0x40, 0xc0, 0x07, 0x80, 0x0d, 0x00, 0x18, 0x00,
    0x18, 0x00, 0x3f, 0x00, 0x18, 0x00, 0x18, 0x00, 0x18, 0x00, 0x18, 0x00, 0x18, 0x00, 0x18, 0x00,
    0x18, 0x00, 0x18, 0x00, 0x18, 0x00, 0x18, 0x00, 0x18, 0x00, 0x18, 0x00, 0x98, 0x00, 0xd8, 0x00,
    0x70, 0x00, 0x66, 0x6c, 0x4c, 0x4c, 0xc8, 0x42, 0x10, 0xe7, 0x38, 0x63, 0x18, 0x18, 0x18, 0x10,
    0x10, 0xff, 0x91, 0x10, 0x10, 0x10, 0x10, 0x18, 0x18, 0x18, 0x18, 0x18, 0x18, 0x18, 0x10, 0x10,
    0xff, 0x10, 0x18, 0x18, 0x18, 0x10, 0xff, 0xd3, 0x10, 0x18, 0x18, 0x30, 0x78, 0xcc, 0x70, 0x20,
    0x00, 0xd8, 0x60, 0x00, 0xc8, 0x40, 0x00, 0x8c, 0xc0, 0x00, 0x8c, 0x80, 0x00, 0x89, 0x78, 0xe0,
    0xcb, 0x49, 0xb0, 0x7a, 0xcd, 0x10, 0x06, 0xcd, 0x10, 0x04, 0xcd, 0x10, 0x0c, 0xcd, 0x10, 0x08,
    0xcd, 0x10, 0x18, 0x79, 0xb0, 0x30, 0x38, 0xe0, 0x66, 0x00, 0x3c, 0x00, 0x18, 0x00, 0x00, 0x00,
    0x3f, 0x00, 0x77, 0x00, 0xc0, 0x00, 0xc0, 0x00, 0xc0, 0x00, 0x60, 0x00, 0x3c, 0x00, 0x0e, 0x00,
    0x03, 0x00, 0x01, 0x00, 0x01, 0x80, 0x03, 0x00, 0xef, 0x00, 0xfc, 0x00, 0x10, 0x30, 0x60, 0xc0,
    0xc0, 0x60, 0x30, 0x10, 0x0f, 0xfe, 0x3d, 0xc0, 0x60, 0xc0, 0x60, 0xc0, 0xc0, 0xc0, 0xc0, 0xc0,
    0xc0, 0xfe, 0xc0, 0xc0, 0xc0, 0xc0, 0xc0, 0xc0, 0x60, 0xc0, 0x60, 0xc0, 0x3d, 0xc0, 0x0f, 0xfe,
    0x33, 0x00, 0x1e, 0x00, 0x0c, 0x00, 0x00, 0x00, 0xff, 0x80, 0x01, 0x80, 0x03, 0x00, 0x03, 0x00,
    0x06, 0x00, 0x0c, 0x00, 0x0c, 0x00, 0x18, 0x00, 0x30, 0x00, 0x30, 0x00, 0x60, 0x00, 0x40, 0x00,
    0xc0, 0x00, 0xff, 0x80, 0x20, 0x60, 0x60, 0x40, 0xc0, 0x60, 0x60, 0x40, 0x40, 0xc0, 0x26, 0x64,
    0x6c, 0x4c, 0xcc, 0x66, 0x6c, 0x4c, 0x4c, 0xc8, 0x70, 0x78, 0xf8, 0x78, 0x70, 0xff, 0xff, 0xff,
    0x80, 0xf2, 0xbc, 0xfb, 0x18, 0x23, 0x98, 0x22, 0x98, 0x22, 0xa8, 0x22, 0xe8, 0x22, 0x68, 0x66,
    0x3c, 0x18, 0x00, 0x7c, 0xee, 0xc0, 0xc0, 0x70, 0x3c, 0x0e, 0x02, 0x02, 0xee, 0xfc, 0x80, 0xc0,
    0x60, 0x30, 0x30, 0x60, 0xc0, 0x80, 0x3e, 0x3c, 0x77, 0x6e, 0x41, 0xc3, 0xc1, 0x83, 0xc1, 0xff,
    0xc1, 0x80, 0xc1, 0x80, 0xc1, 0xc0, 0x41, 0xc0, 0x77, 0x77, 0x1e, 0x3e, 0x66, 0x3c, 0x18, 0x00,
    0xfe, 0x06, 0x04, 0x0c, 0x18, 0x10, 0x30, 0x60, 0x40, 0xc0, 0xfe, 0x1b, 0x00, 0x00, 0x00, 0x00,
    0x00, 0xc0, 0x60, 0x60, 0xc0, 0x60, 0x80, 0x31, 0x80, 0x31, 0x00, 0x1b, 0x00, 0x1e, 0x00, 0x0e,
    0x00, 0x0c, 0x00, 0x04, 0x00, 0x04, 0x00, 0x04, 0x00, 0x04, 0x00, 0x04, 0x00, 0x60, 0xe0, 0x40,
    0x00, 0x00, 0x40, 0x40, 0x40, 0x40, 0x40, 0x40, 0x40, 0x40, 0x40, 0xe0, 0x18, 0x3e, 0x66, 0xc0,
    0xc0, 0x80, 0x80, 0x80, 0xc0, 0xc0, 0x62, 0x7e, 0x18, 0x18, 0x1f, 0x00, 0x3b, 0x80, 0x20, 0x00,
    0x60, 0x00, 0x60, 0x00, 0x60, 0x00, 0xfe, 0x00, 0x60, 0x00, 0x60, 0x00, 0x60, 0x00, 0x60, 0x00,
    0x60, 0x00, 0xc0, 0x00, 0xff, 0x80, 0x41, 0x00, 0xdd, 0x80, 0x77, 0x00, 0x43, 0x00, 0x41, 0x00,
    0x41, 0x00, 0x41, 0x00, 0x63, 0x00, 0xff, 0x80, 0x41, 0x00, 0xc0, 0x60, 0x60, 0xc0, 0x20, 0x80,
    0x31, 0x80, 0x11, 0x00, 0x1b, 0x00, 0x0e, 0x00, 0x3f, 0x80, 0x04, 0x00, 0x04, 0x00, 0x3f, 0x80,
    0x04, 0x00, 0x04, 0x00, 0x04, 0x00, 0x80, 0x80, 0x80, 0x80, 0x80, 0x80, 0x80, 0x80, 0x00, 0x00,
    0x00, 0x00, 0x80, 0x80, 0x80, 0x80, 0x80, 0x80, 0x80, 0x80, 0x3e, 0x66, 0xc0, 0xc0, 0x78, 0x7e,
    0xc6, 0xc3, 0x62, 0x3e, 0x0e, 0x02, 0x02, 0xee, 0x7c, 0xd8, 0x0f, 0xc0, 0x38, 0xe0, 0x60, 0x10,
    0x47, 0xc8, 0xcc, 0x88, 0x88, 0x04, 0x98, 0x04, 0x98, 0x04, 0x88, 0x04, 0xcc, 0x4c, 0x47, 0x88,
    0x60, 0x18, 0x38, 0x70, 0x1f, 0xc0, 0xf0, 0x08, 0xf8, 0x88, 0x98, 0xe8, 0x13, 0x32, 0x64, 0xcc,
    0xcc, 0x66, 0x32, 0x13, 0xff, 0x80, 0x00, 0x80, 0x00, 0x80, 0x00, 0x80, 0x00, 0x80, 0xf0, 0x0f,
    0xc0, 0x38, 0xe0, 0x60, 0x10, 0x4f, 0x88, 0xcc, 0xc8, 0x8c, 0xc4, 0x8c, 0xc4, 0x8f, 0x84, 0x8d,
    0x84, 0xcc, 0x8c, 0x4c, 0xc8, 0x60, 0x18, 0x38, 0x70, 0x1f, 0xc0, 0xff, 0xc0, 0x78, 0xcc, 0x84,
    0x84, 0xcc, 0x78, 0x08, 0x00, 0x08, 0x00, 0x08, 0x00, 0x08, 0x00, 0xff, 0x80, 0x08, 0x00, 0x08,
    0x00, 0x08, 0x00, 0x08, 0x00, 0x08, 0x00, 0x00, 0x00, 0xff, 0x80, 0x78, 0x4c, 0x0c, 0x0c, 0x18,
    0x30, 0x60, 0xfc, 0x78, 0xcc, 0x0c, 0x38, 0x0c, 0x04, 0x8c, 0xf8, 0x70, 0x40, 0x80, 0x81, 0x81,
    0x81, 0x81, 0x81, 0x81, 0x81, 0x83, 0xc3, 0xed, 0xb9, 0x80, 0x80, 0x80, 0x80, 0x80, 0x3f, 0x80,
    0x7c, 0x80, 0xfc, 0x80, 0xfc, 0x80, 0xfc, 0x80, 0xfc, 0x80, 0xfc, 0x80, 0xfc, 0x80, 0x7c, 0x80,
    0x3c, 0x80, 0x04, 0x80, 0x04, 0x80, 0x04, 0x80, 0x04, 0x80, 0x04, 0x80, 0x04, 0x80, 0x04, 0x80,
    0x04, 0x80, 0x40, 0xe0, 0x60, 0x20, 0x60, 0x30, 0x10, 0xe0, 0x70, 0xf0, 0xb0, 0x30, 0x30, 0x30,
    0x30, 0x30, 0x70, 0x88, 0x8c, 0x8c, 0x88, 0x70, 0x98, 0xcc, 0x66, 0x33, 0x33, 0x66, 0xcc, 0x98,
    0x70, 0x60, 0xf0, 0x40, 0xb0, 0xc0, 0x30, 0x80, 0x31, 0x80, 0x31, 0x00, 0x33, 0x30, 0x32, 0x30,
    0x34, 0x70, 0x0c, 0xb0, 0x08, 0xb0, 0x19, 0x30, 0x11, 0xf8, 0x30, 0x30, 0x60, 0x30, 0x30, 0x30,
    0x70, 0x60, 0xd0, 0x40, 0x10, 0xc0, 0x10, 0x80, 0x11, 0x00, 0x13, 0x78, 0x12, 0x4c, 0x16, 0x0c,
    0x04, 0x08, 0x08, 0x18, 0x18, 0x30, 0x10, 0x60, 0x30, 0xfc, 0x78, 0x18, 0xcc, 0x10, 0x0c, 0x20,
    0x0c, 0x20, 0x38, 0x40, 0x0c, 0xc0, 0x04, 0x8c, 0x8d, 0x9c, 0xf9, 0x1c, 0x03, 0x2c, 0x02, 0x6c,
    0x06, 0x4c, 0x04, 0xfe, 0x08, 0x0c, 0x18, 0x0c, 0x0c, 0x0c, 0x0c, 0x00, 0x0c, 0x0c, 0x08, 0x18,
    0x30, 0x60, 0x40, 0xc0, 0x40, 0x7f, 0x3e, 0x0c, 0x00, 0x06, 0x00, 0x03, 0x00, 0x00, 0x00, 0x06,
    0x00, 0x06, 0x00, 0x0f, 0x00, 0x0d, 0x00, 0x09, 0x80, 0x19, 0x80, 0x10, 0x80, 0x30, 0xc0, 0x3f,
    0xc0, 0x3f, 0xc0, 0x60, 0x60, 0x60, 0x60, 0x40, 0x30, 0xc0, 0x30, 0x03, 0x80, 0x02, 0x00, 0x04,
    0x00, 0x00, 0x00, 0x06, 0x00, 0x06, 0x00, 0x0f, 0x00, 0x0d, 0x00, 0x09, 0x80, 0x19, 0x80, 0x10,
    0x80, 0x30, 0xc0, 0x3f, 0xc0, 0x3f, 0xc0, 0x60, 0x60, 0x60, 0x60, 0x40, 0x30, 0xc0, 0x30, 0x06,
    0x00, 0x0f, 0x00, 0x19, 0x80, 0x00, 0x00, 0x06, 0x00, 0x06, 0x00, 0x0f, 0x00, 0x0d, 0x00, 0x09,
    0x80, 0x19, 0x80, 0x10, 0x80, 0x30, 0xc0, 0x3f, 0xc0, 0x3f, 0xc0, 0x60, 0x60, 0x60, 0x60, 0x40,
    0x30, 0xc0, 0x30, 0x1e, 0x40, 0x17, 0x80, 0x00, 0x00, 0x00, 0x00, 0x06, 0x00, 0x06, 0x00, 0x0f,
    0x00, 0x0d, 0x00, 0x09, 0x80, 0x19, 0x80, 0x10, 0x80, 0x30, 0xc0, 0x3f, 0xc0, 0x3f, 0xc0, 0x60,
    0x60, 0x60, 0x60, 0x40, 0x30, 0xc0, 0x30, 0x0d, 0x80, 0x00, 0x00, 0x00, 0x00, 0x06, 0x00, 0x06,
    0x00, 0x0f, 0x00, 0x0d, 0x00, 0x09, 0x80, 0x19, 0x80, 0x10, 0x80, 0x30, 0xc0, 0x3f, 0xc0, 0x3f,
    0xc0, 0x60, 0x60, 0x60, 0x60, 0x40, 0x30, 0xc0, 0x30, 0x0e, 0x00, 0x09, 0x00, 0x09, 0x00, 0x0f,
    0x00, 0x06, 0x00, 0x0f, 0x00, 0x0d, 0x00, 0x09, 0x80, 0x19, 0x80, 0x10, 0x80, 0x30, 0xc0, 0x3f,
    0xc0, 0x3f, 0xc0, 0x60, 0x60, 0x60, 0x60, 0x40, 0x30, 0xc0, 0x30, 0x03, 0xff, 0x02, 0x40, 0x06,
    0x40, 0x04, 0x40, 0x0c, 0x40, 0x0c, 0x40, 0x18, 0x7e, 0x18, 0x40, 0x1f, 0xc0, 0x30, 0x40, 0x20,
    0x40, 0x60, 0x40, 0x40, 0x40, 0xc0, 0x7f, 0x0f, 0xc0, 0x3d, 0xc0, 0x70, 0x00, 0x60, 0x00, 0xc0,
    0x00, 0xc0, 0x00, 0xc0, 0x00, 0xc0, 0x00, 0xc0, 0x00, 0xc0, 0x00, 0x60, 0x00, 0x70, 0x00, 0x3d,
    0xc0, 0x0f, 0xc0, 0x02, 0x00, 0x06, 0x00, 0x03, 0x00, 0x01, 0x00, 0x0e, 0x00, 0x30, 0x18, 0x0c,
    0x00, 0xfe, 0xc0, 0xc0, 0xc0, 0xc0, 0xc0, 0xfe, 0xc0, 0xc0, 0xc0, 0xc0, 0xc0, 0xc0, 0xfe, 0x0e,
    0x08, 0x10, 0x00, 0xfe, 0xc0, 0xc0, 0xc0, 0xc0, 0xc0, 0xfe, 0xc0, 0xc0, 0xc0, 0xc0, 0xc0, 0xc0,
    0xfe, 0x18, 0x3c, 0x66, 0x00, 0xfe, 0xc0, 0xc0, 0xc0, 0xc0, 0xc0, 0xfe, 0xc0, 0xc0, 0xc0, 0xc0,
    0xc0, 0xc0, 0xfe, 0x6c, 0x00, 0x00, 0xfe, 0xc0, 0xc0, 0xc0, 0xc0, 0xc0, 0xfe, 0xc0, 0xc0, 0xc0,
    0xc0, 0xc0, 0xc0, 0xfe, 0xc0, 0x60, 0x30, 0x00, 0xf8, 0x60, 0x60, 0x60, 0x60, 0x60, 0x60, 0x60,
    0x60, 0x60, 0x60, 0x60, 0x60, 0xf8, 0x38, 0x20, 0x40, 0x00, 0xf8, 0x60, 0x60, 0x60, 0x60, 0x60,
    0x60, 0x60, 0x60, 0x60, 0x60, 0x60, 0x60, 0xf8, 0x30, 0x78, 0xcc, 0x00, 0x7c, 0x30, 0x30, 0x30,
    0x30, 0x30, 0x30, 0x30, 0x30, 0x30, 0x30, 0x30, 0x30, 0x7c, 0xd8, 0x00, 0x00, 0xf8, 0x60, 0x60,
    0x60, 0x60, 0x60, 0x60, 0x60, 0x60, 0x60, 0x60, 0x60, 0x60, 0xf8, 0x7f, 0x00, 0x67, 0xc0, 0x60,
    0xe0, 0x60, 0x60, 0x60, 0x20, 0x60, 0x30, 0xfc, 0x30, 0x60, 0x30, 0x60, 0x30, 0x60, 0x20, 0x60,
    0x60, 0x60, 0xc0, 0x67, 0xc0, 0x7f, 0x00, 0x3c, 0x80, 0x2f, 0x00, 0x00, 0x00, 0x00, 0x00, 0xc0,
    0x60, 0xe0, 0x60, 0xe0, 0x60, 0xb0, 0x60, 0x98, 0x60, 0x98, 0x60, 0x8c, 0x60, 0x86, 0x60, 0x86,
    0x60, 0x83, 0x60, 0x83, 0xe0, 0x81, 0xe0, 0x80, 0xe0, 0x80, 0xe0, 0x0c, 0x00, 0x06, 0x00, 0x03,
    0x00, 0x00, 0x00, 0x0f, 0x80, 0x3d, 0xe0, 0x60, 0x70, 0x60, 0x30, 0xc0, 0x10, 0xc0, 0x18, 0xc0,
    0x18, 0xc0, 0x18, 0xc0, 0x18, 0xc0, 0x10, 0x60, 0x30, 0x60, 0x70, 0x3d, 0xe0, 0x0f, 0x80, 0x01,
    0xc0, 0x01, 0x00, 0x02, 0x00, 0x00, 0x00, 0x0f, 0x80, 0x3d, 0xe0, 0x60, 0x70, 0x60, 0x30, 0xc0,
    0x10, 0xc0, 0x18, 0xc0, 0x18, 0xc0, 0x18, 0xc0, 0x18, 0xc0, 0x10, 0x60, 0x30, 0x60, 0x70, 0x3d,
    0xe0, 0x0f, 0x80, 0x06, 0x00, 0x0f, 0x00, 0x19, 0x80, 0x00, 0x00, 0x0f, 0x80, 0x3d, 0xe0, 0x60,
    0x70, 0x60, 0x30, 0xc0, 0x10, 0xc0, 0x18, 0xc0, 0x18, 0xc0, 0x18, 0xc0, 0x18, 0xc0, 0x10, 0x60,
    0x30, 0x60, 0x70, 0x3d, 0xe0, 0x0f, 0x80, 0x1e, 0x40, 0x17, 0x80, 0x00, 0x00, 0x00, 0x00, 0x0f,
    0x80, 0x3d, 0xe0, 0x60, 0x70, 0x60, 0x30, 0xc0, 0x10, 0xc0, 0x18, 0xc0, 0x18, 0xc0, 0x18, 0xc0,
    0x18, 0xc0, 0x10, 0x60, 0x30, 0x60, 0x70, 0x3d, 0xe0, 0x0f, 0x80, 0x0d, 0x80, 0x00, 0x00, 0x00,
    0x00, 0x0f, 0x80, 0x3d, 0xe0, 0x60, 0x70, 0x60, 0x30, 0xc0, 0x10, 0xc0, 0x18, 0xc0, 0x18, 0xc0,
    0x18, 0xc0, 0x18, 0xc0, 0x10, 0x60, 0x30, 0x60, 0x70, 0x3d, 0xe0, 0x0f, 0x80, 0x41, 0x00, 0xe3,
    0x80, 0x36, 0x00, 0x1c, 0x00, 0x1c, 0x00, 0x36, 0x00, 0x63, 0x00, 0xc1, 0x80, 0x0f, 0xb0, 0x3d,
    0xe0, 0x60, 0x60, 0x60, 0xf0, 0xc1, 0x90, 0xc1, 0x18, 0xc3, 0x18, 0xc6, 0x18, 0xcc, 0x18, 0xc8,
    0x10, 0x78, 0x30, 0x70, 0x70, 0x3d, 0xe0, 0x6f, 0x80, 0x18, 0x00, 0x0c, 0x00, 0x06, 0x00, 0x00,
    0x00, 0x80, 0xc0, 0x80, 0xc0, 0x80, 0xc0, 0x80, 0xc0, 0x80, 0xc0, 0x80, 0xc0, 0x80, 0xc0, 0x80,
    0xc0, 0x80, 0xc0, 0x80, 0xc0, 0xc0, 0xc0, 0xc0, 0xc0, 0x73, 0x80, 0x3f, 0x00, 0x07, 0x00, 0x04,
    0x00, 0x08, 0x00, 0x00, 0x00, 0x80, 0xc0, 0x80, 0xc0, 0x80, 0xc0, 0x80, 0xc0, 0x80, 0xc0, 0x80,
    0xc0, 0x80, 0xc0, 0x80, 0xc0, 0x80, 0xc0, 0x80, 0xc0, 0xc0, 0xc0, 0xc0, 0xc0, 0x73, 0x80, 0x3f,
    0x00, 0x0c, 0x00, 0x1e, 0x00, 0x33, 0x00, 0x00, 0x00, 0x80, 0xc0, 0x80, 0xc0, 0x80, 0xc0, 0x80,
    0xc0, 0x80, 0xc0, 0x80, 0xc0, 0x80, 0xc0, 0x80, 0xc0, 0x80, 0xc0, 0x80, 0xc0, 0xc0, 0xc0, 0xc0,
    0xc0, 0x73, 0x80, 0x3f, 0x00, 0x36, 0x00, 0x00, 0x00, 0x00, 0x00, 0x80, 0xc0, 0x80, 0xc0, 0x80,
    0xc0, 0x80, 0xc0, 0x80, 0xc0, 0x80, 0xc0, 0x80, 0xc0, 0x80, 0xc0, 0x80, 0xc0, 0x80, 0xc0, 0xc0,
    0xc0, 0xc0, 0xc0, 0x73, 0x80, 0x3f, 0x00, 0x03, 0x80, 0x02, 0x00, 0x04, 0x00, 0x00, 0x00, 0xc0,
    0x60, 0x60, 0xc0, 0x60, 0x80, 0x31, 0x80, 0x31, 0x00, 0x1b, 0x00, 0x1e, 0x00, 0x0e, 0x00, 0x0c,
    0x00, 0x04, 0x00, 0x04, 0x00, 0x04, 0x00, 0x04, 0x00, 0x04, 0x00, 0xc0, 0x00, 0xc0, 0x00, 0xfe,
    0x00, 0xc7, 0x00, 0xc3, 0x00, 0xc1, 0x00, 0xc1, 0x80, 0xc1, 0x00, 0xc3, 0x00, 0xc7, 0x00, 0xfe,
    0x00, 0xc0, 0x00, 0xc0, 0x00, 0xc0, 0x00, 0x7c, 0x00, 0xef, 0x00, 0x83, 0x00, 0x83, 0x00, 0x86,
    0x00, 0x8c, 0x00, 0x88, 0x00, 0x8c, 0x00, 0x8e, 0x00, 0x83, 0x00, 0x81, 0x80, 0x81, 0x80, 0x81,
    0x80, 0x9b, 0x80, 0x9f, 0x00, 0x30, 0x18, 0x0c, 0x00, 0x3e, 0x77, 0x03, 0x03, 0x03, 0x7f, 0xe3,
    0xc3, 0xc3, 0xed, 0x79, 0x07, 0x04, 0x08, 0x00, 0x3e, 0x77, 0x03, 0x03, 0x03, 0x7f, 0xe3, 0xc3,
    0xc3, 0xed, 0x79, 0x18, 0x3c, 0x66, 0x00, 0x3e, 0x77, 0x03, 0x03, 0x03, 0x7f, 0xe3, 0xc3, 0xc3,
    0xed, 0x79, 0x79, 0x5e, 0x00, 0x00, 0x3e, 0x77, 0x03, 0x03, 0x03, 0x7f, 0xe3, 0xc3, 0xc3, 0xed,
    0x79, 0x36, 0x00, 0x00, 0x3e, 0x77, 0x03, 0x03, 0x03, 0x7f, 0xe3, 0xc3, 0xc3, 0xed, 0x79, 0x38,
    0x24, 0x24, 0x3c, 0x00, 0x3e, 0x77, 0x03, 0x03, 0x03, 0x7f, 0xe3, 0xc3, 0xc3, 0xed, 0x79, 0x3c,
    0x78, 0x67, 0xdc, 0x03, 0x0c, 0x03, 0x04, 0x7f, 0xfc, 0xe3, 0x00, 0xc3, 0x00, 0xc3, 0x00, 0xc3,
    0x80, 0xed, 0xcc, 0x78, 0x7c, 0x1f, 0x76, 0x60, 0xc0, 0xc0, 0xc0, 0xc0, 0xc0, 0x60, 0x76, 0x3e,
    0x08, 0x18, 0x0c, 0x04, 0x38, 0x30, 0x00, 0x18, 0x00, 0x0c, 0x00, 0x00, 0x00, 0x3e, 0x00, 0x77,
    0x00, 0x41, 0x00, 0xc1, 0x80, 0xff, 0x80, 0xc0, 0x00, 0xc0, 0x00, 0xc0, 0x00, 0x60, 0x00, 0x7b,
    0x00, 0x1f, 0x00, 0x07, 0x00, 0x04, 0x00, 0x08, 0x00, 0x00, 0x00, 0x3e, 0x00, 0x77, 0x00, 0x41,
    0x00, 0xc1, 0x80, 0xff, 0x80, 0xc0, 0x00, 0xc0, 0x00, 0xc0, 0x00, 0x60, 0x00, 0x7b, 0x00, 0x1f,
    0x00, 0x18, 0x00, 0x3c, 0x00, 0x66, 0x00, 0x00, 0x00, 0x3e, 0x00, 0x77, 0x00, 0x41, 0x00, 0xc1,
    0x80, 0xff, 0x80, 0xc0, 0x00, 0xc0, 0x00, 0xc0, 0x00, 0x60, 0x00, 0x7b, 0x00, 0x1f, 0x00, 0x36,
    0x00, 0x00, 0x00, 0x00, 0x00, 0x3e, 0x00, 0x77, 0x00, 0x41, 0x00, 0xc1, 0x80, 0xff, 0x80, 0xc0,
    0x00, 0xc0, 0x00, 0xc0, 0x00, 0x60, 0x00, 0x7b, 0x00, 0x1f, 0x00, 0xc0, 0x60, 0x30, 0x00, 0x20,
    0x20, 0x20, 0x20, 0x20, 0x20, 0x20, 0x20, 0x20, 0x20, 0x20, 0x70, 0x40, 0x80, 0x00, 0x80, 0x80,
    0x80, 0x80, 0x80, 0x80, 0x80, 0x80, 0x80, 0x80, 0x80, 0x30, 0x78, 0xcc, 0x00, 0x10, 0x10, 0x10,
    0x10, 0x10, 0x10, 0x10, 0x10, 0x10, 0x10, 0x10, 0xd8, 0x00, 0x00, 0x20, 0x20, 0x20, 0x20, 0x20,
    0x20, 0x20, 0x20, 0x20, 0x20, 0x20, 0x11, 0x00, 0x3f, 0x00, 0x0e, 0x00, 0x3b, 0x00, 0x23, 0x00,
    0x01, 0x80, 0x3f, 0x80, 0x73, 0x80, 0xc1, 0x80, 0xc0, 0x80, 0xc0, 0x80, 0xc0, 0x80, 0xc0, 0x80,
    0x41, 0x80, 0x77, 0x00, 0x1e, 0x00, 0x79, 0x5e, 0x00, 0x00, 0x9e, 0xf7, 0xc3, 0x81, 0x81, 0x81,
    0x81, 0x81, 0x81, 0x81, 0x81, 0x18, 0x00, 0x0c, 0x00, 0x06, 0x00, 0x00, 0x00, 0x1e, 0x00, 0x77,
    0x00, 0x61, 0x80, 0xc1, 0x80, 0xc0, 0x80, 0xc0, 0x80, 0xc0, 0x80, 0xc1, 0x80, 0x61, 0x80, 0x77,
    0x00, 0x1e, 0x00, 0x07, 0x00, 0x04, 0x00, 0x08, 0x00, 0x00, 0x00, 0x1e, 0x00, 0x77, 0x00, 0x61,
    0x80, 0xc1, 0x80, 0xc0, 0x80, 0xc0, 0x80, 0xc0, 0x80, 0xc1, 0x80, 0x61, 0x80, 0x77, 0x00, 0x1e,
    0x00, 0x0c, 0x00, 0x1e, 0x00, 0x33, 0x00, 0x00, 0x00, 0x1e, 0x00, 0x77, 0x00, 0x61, 0x80, 0xc1,
    0x80, 0xc0, 0x80, 0xc0, 0x80, 0xc0, 0x80, 0xc1, 0x80, 0x61, 0x80, 0x77, 0x00, 0x1e, 0x00, 0x3c,
    0x80, 0x2f, 0x00, 0x00, 0x00, 0x00, 0x00, 0x1e, 0x00, 0x77, 0x00, 0x61, 0x80, 0xc1, 0x80, 0xc0,
    0x80, 0xc0, 0x80, 0xc0, 0x80, 0xc1, 0x80, 0x61, 0x80, 0x77, 0x00, 0x1e, 0x00, 0x36, 0x00, 0x00,
    0x00, 0x00, 0x00, 0x1e, 0x00, 0x77, 0x00, 0x61, 0x80, 0xc1, 0x80, 0xc0, 0x80, 0xc0, 0x80, 0xc0,
    0x80, 0xc1, 0x80, 0x61, 0x80, 0x77, 0x00, 0x1e, 0x00, 0x18, 0x00, 0x18, 0x00, 0x00, 0x00, 0x00,
    0x00, 0xff, 0x80, 0x00, 0x00, 0x00, 0x00, 0x18, 0x00, 0x18, 0x00, 0x1f, 0x80, 0x77, 0x00, 0x63,
    0x80, 0xc7, 0x80, 0xc4, 0x80, 0xcc, 0x80, 0xd8, 0x80, 0xd1, 0x80, 0x71, 0x80, 0x77, 0x00, 0xde,
    0x00, 0x18, 0x00, 0x0c, 0x00, 0x06, 0x00, 0x00, 0x00, 0xc1, 0x80, 0xc1, 0x80, 0xc1, 0x80, 0xc1,
    0x80, 0xc1, 0x80, 0xc1, 0x80, 0xc1, 0x80, 0x41, 0x80, 0x41, 0x80, 0x76, 0x80, 0x3c, 0x80, 0x07,
    0x00, 0x04, 0x00, 0x08, 0x00, 0x00, 0x00, 0xc1, 0x80, 0xc1, 0x80, 0xc1, 0x80, 0xc1, 0x80, 0xc1,
    0x80, 0xc1, 0x80, 0xc1, 0x80, 0x41, 0x80, 0x41, 0x80, 0x76, 0x80, 0x3c, 0x80, 0x0c, 0x00, 0x1e,
    0x00, 0x33, 0x00, 0x00, 0x00, 0xc1, 0x80, 0xc1, 0x80, 0xc1, 0x80, 0xc1, 0x80, 0xc1, 0x80, 0xc1,
    0x80, 0xc1, 0x80, 0x41, 0x80, 0x41, 0x80, 0x76, 0x80, 0x3c, 0x80, 0x36, 0x00, 0x00, 0x00, 0x00,
    0x00, 0xc1, 0x80, 0xc1, 0x80, 0xc1, 0x80, 0xc1, 0x80, 0xc1, 0x80, 0xc1, 0x80, 0xc1, 0x80, 0x41,
    0x80, 0x41, 0x80, 0x76, 0x80, 0x3c, 0x80, 0x07, 0x00, 0x04, 0x00, 0x08, 0x00, 0x00, 0x00, 0xc0,
    0xc0, 0x41, 0x80, 0x61, 0x80, 0x61, 0x00, 0x23, 0x00, 0x33, 0x00, 0x32, 0x00, 0x16, 0x00, 0x1e,
    0x00, 0x0c, 0x00, 0x0c, 0x00, 0x0c, 0x00, 0x08, 0x00, 0x18, 0x00, 0xb0, 0x00, 0xe0, 0x00, 0x80,
    0x00, 0x80, 0x00, 0x80, 0x00, 0x80, 0x00, 0x9c, 0x00, 0xf7, 0x00, 0xc3, 0x00, 0x81, 0x00, 0x81,
    0x80, 0x81, 0x80, 0x81, 0x80, 0xc1, 0x00, 0xc3, 0x00, 0xf7, 0x00, 0xbc, 0x00, 0x80, 0x00, 0x80,
    0x00, 0x80, 0x00, 0x80, 0x00, 0x80, 0x00, 0x36, 0x00, 0x00, 0x00, 0x00, 0x00, 0xc0, 0xc0, 0x41,
    0x80, 0x61, 0x80, 0x61, 0x00, 0x23, 0x00, 0x33, 0x00, 0x32, 0x00, 0x16, 0x00, 0x1e, 0x00, 0x0c,
    0x00, 0x0c, 0x00, 0x0c, 0x00, 0x08, 0x00, 0x18, 0x00, 0xb0, 0x00, 0xe0, 0x00,
};
static const recipe_glyph_t glyphs_regular_19[] = {
    {5, 0, 0, 0, 0, 0},  // 0x20
    {5, 1, 14, 3, 14, 0},  // 0x21
    {8, 1, 14, 6, 5, 14},  // 0x22
    {12, 0, 14, 12, 14, 19},  // 0x23
    {11, 1, 15, 9, 16, 47},  // 0x24
    {16, 1, 14, 14, 14, 79},  // 0x25
    {14, 1, 14, 13, 14, 107},  // 0x26
    {4, 1, 14, 2, 5, 135},  // 0x27
    {6, 1, 14, 4, 17, 140},  // 0x28
    {6, 1, 14, 4, 17, 157},  // 0x29
    {10, 1, 15, 9, 9, 174},  // 0x2A
    {11, 1, 12, 9, 10, 192},  // 0x2B
    {5, 1, 2, 3, 5, 212},  // 0x2C
    {6, 1, 7, 4, 1, 217},  // 0x2D
    {5, 1, 3, 3, 3, 218},  // 0x2E
    {7, 0, 14, 7, 14, 221},  // 0x2F
    {11, 1, 14, 9, 14, 235},  // 0x30
    {11, 2, 14, 5, 14, 263},  // 0x31
    {11, 1, 14, 9, 14, 277},  // 0x32
    {11, 1, 14, 9, 14, 305},  // 0x33
    {11, 0, 14, 10, 14, 333},  // 0x34
    {11, 1, 14, 9, 14, 361},  // 0x35
    {11, 1, 14, 9, 14, 389},  // 0x36
    {11, 1, 14, 9, 14, 417},  // 0x37
    {11, 1, 14, 9, 14, 445},  // 0x38
    {11, 1, 14, 9, 14, 473},  // 0x39
    {5, 1, 11, 3, 11, 501},  // 0x3A
    {5, 1, 11, 3, 14, 512},  // 0x3B
    {11, 1, 12, 9, 10, 526},  // 0x3C
    {11, 1, 11, 9, 5, 546},  // 0x3D
    {11, 1, 12, 9, 10, 556},  // 0x3E
    {8, 0, 14, 8, 14, 576},  // 0x3F
    {17, 1, 14, 15, 15, 590},  // 0x40
    {12, 0, 14, 12, 14, 620},  // 0x41
    {12, 2, 14, 9, 14, 648},  // 0x42
    {12, 1, 14, 10, 14, 676},  // 0x43
    {14, 2, 14, 11, 14, 704},  // 0x44
    {11, 2, 14, 7, 14, 732},  // 0x45
    {10, 2, 14, 7, 14, 746},  // 0x46
    {14, 1, 14, 11, 14, 760},  // 0x47
    {14, 2, 14, 10, 14, 788},  // 0x48
    {6, 1, 14, 5, 14, 816},  // 0x49
    {5, -2, 14, 4, 18, 830},  // 0x4A
    {12, 2, 14, 10, 14, 848},  // 0x4B
    {10, 2, 14, 7, 14, 876},  // 0x4C
    {17, 2, 14, 13, 14, 890},  // 0x4D
    {14, 2, 14, 11, 14, 918},  // 0x4E
    {15, 1, 14, 13, 14, 946},  // 0x4F
    {12, 2, 14, 9, 14, 974},  // 0x50
    {15, 1, 14, 13, 17, 1002},  // 0x51
    {12, 2, 14, 10, 14, 1036},  // 0x52
    {10, 1, 14, 9, 14, 1064},  // 0x53
    {11, 0, 14, 10, 14, 1092},  // 0x54
    {14, 2, 14, 10, 14, 1120},  // 0x55
    {11, 0, 14, 11, 14, 1148},  // 0x56
    {18, 0, 14, 17, 14, 1176},  // 0x57
    {11, 0, 14, 11, 14, 1218},  // 0x58
    {11, 0, 14, 11, 14, 1246},  // 0x59
    {11, 1, 14, 9, 14, 1274},  // 0x5A
    {6, 2, 14, 4, 17, 1302},  // 0x5B
    {7, 0, 14, 7, 14, 1319},  // 0x5C
    {6, 0, 14, 5, 17, 1333},  // 0x5D
    {11, 1, 14, 9, 9, 1350},  // 0x5E
    {8, -1, -2, 8, 1, 1368},  // 0x5F
    {5, 1, 15, 4, 3, 1369},  // 0x60
    {11, 1, 11, 8, 11, 1372},  // 0x61
    {12, 2, 15, 9, 15, 1383},  // 0x62
    {9, 1, 11, 8, 11, 1413},  // 0x63
    {12, 1, 15, 9, 15, 1424},  // 0x64
    {11, 1, 11, 9, 11, 1454},  // 0x65
    {7, 0, 15, 7, 15, 1476},  // 0x66
    {12, 1, 11, 9, 16, 1491},  // 0x67
    {12, 2, 15, 8, 15, 1523},  // 0x68
    {5, 1, 15, 2, 15, 1538},  // 0x69
    {5, -2, 15, 4, 20, 1553},  // 0x6A
    {10, 2, 15, 8, 15, 1573},  // 0x6B
    {5, 2, 15, 1, 15, 1588},  // 0x6C
    {18, 2, 11, 14, 11, 1603},  // 0x6D
    {12, 2, 11, 8, 11, 1625},  // 0x6E
    {12, 1, 11, 9, 11, 1636},  // 0x6F
    {12, 2, 11, 9, 16, 1658},  // 0x70
    {12, 1, 11, 9, 16, 1690},  // 0x71
    {8, 2, 11, 6, 11, 1722},  // 0x72
    {9, 1, 11, 7, 11, 1733},  // 0x73
    {7, 0, 14, 6, 14, 1744},  // 0x74
    {12, 1, 11, 9, 11, 1758},  // 0x75
    {10, 0, 11, 10, 11, 1780},  // 0x76
    {15, 0, 11, 15, 11, 1802},  // 0x77
    {10, 0, 11, 10, 11, 1824},  // 0x78
    {10, 0, 11, 10, 16, 1846},  // 0x79
    {9, 1, 11, 7, 11, 1878},  // 0x7A
    {7, 1, 14, 6, 17, 1889},  // 0x7B
    {10, 5, 15, 1, 20, 1906},  // 0x7C
    {7, 1, 14, 6, 17, 1926},  // 0x7D
    {11, 1, 9, 9, 2, 1943},  // 0x7E
    {11, 2, 14, 8, 14, 1947},  // 0x7F
    {11, 0, 14, 11, 14, 1961},  // 0x80
    {0, 0, 0, 0, 0, 0},  // 0x81
    {5, 0, 3, 3, 5, 1989},  // 0x82
    {8, -1, 15, 9, 20, 1994},  // 0x83
    {8, 0, 3, 7, 5, 2034},  // 0x84
    {15, 1, 3, 13, 3, 2039},  // 0x85
    {10, 1, 15, 8, 15, 2045},  // 0x86
    {10, 1, 15, 8, 15, 2060},  // 0x87
    {8, 1, 15, 6, 3, 2075},  // 0x88
    {22, 1, 14, 20, 14, 2078},  // 0x89
    {10, 1, 18, 9, 18, 2120},  // 0x8A
    {6, 1, 9, 4, 8, 2156},  // 0x8B
    {18, 1, 14, 15, 14, 2164},  // 0x8C
    {0, 0, 0, 0, 0, 0},  // 0x8D
    {11, 1, 18, 9, 18, 2192},  // 0x8E
    {0, 0, 0, 0, 0, 0},  // 0x8F
    {0, 0, 0, 0, 0, 0},  // 0x90
    {3, 0, 14, 3, 5, 2228},  // 0x91
    {3, 0, 14, 3, 5, 2233},  // 0x92
    {7, 0, 14, 7, 5, 2238},  // 0x93
    {7, 0, 14, 7, 5, 2243},  // 0x94
    {7, 1, 10, 5, 5, 2248},  // 0x95
    {10, 1, 7, 8, 1, 2253},  // 0x96
    {19, 1, 7, 17, 1, 2254},  // 0x97
    {9, 1, 16, 7, 2, 2257},  // 0x98
    {15, 0, 14, 13, 6, 2259},  // 0x99
    {9, 1, 15, 7, 15, 2271},  // 0x9A
    {6, 1, 9, 4, 8, 2286},  // 0x9B
    {18, 1, 11, 16, 11, 2294},  // 0x9C
    {0, 0, 0, 0, 0, 0},  // 0x9D
    {9, 1, 15, 7, 15, 2316},  // 0x9E
    {11, 0, 18, 11, 17, 2331},  // 0x9F
    {5, 0, 0, 0, 0, 2365},  // 0xA0
    {5, 1, 11, 3, 15, 2365},  // 0xA1
    {11, 2, 14, 7, 14, 2380},  // 0xA2
    {11, 1, 14, 9, 14, 2394},  // 0xA3
    {11, 1, 12, 9, 10, 2422},  // 0xA4
    {11, 0, 14, 11, 14, 2442},  // 0xA5
    {10, 5, 15, 1, 20, 2470},  // 0xA6
    {10, 1, 15, 8, 15, 2490},  // 0xA7
    {11, 3, 15, 5, 1, 2505},  // 0xA8
    {16, 1, 15, 14, 14, 2506},  // 0xA9
    {7, 1, 14, 5, 6, 2534},  // 0xAA
    {10, 1, 9, 8, 8, 2540},  // 0xAB
    {11, 1, 9, 9, 5, 2548},  // 0xAC
    {6, 1, 7, 4, 1, 2558},  // 0xAD
    {16, 1, 15, 14, 14, 2559},  // 0xAE
    {10, -1, 18, 10, 1, 2587},  // 0xAF
    {8, 1, 16, 6, 6, 2589},  // 0xB0
    {11, 1, 12, 9, 12, 2595},  // 0xB1
    {7, 0, 16, 6, 8, 2619},  // 0xB2
    {7, 0, 16, 6, 8, 2627},  // 0xB3
    {5, 1, 15, 4, 3, 2635},  // 0xB4
    {12, 2, 11, 8, 16, 2638},  // 0xB5
    {12, 1, 15, 9, 18, 2654},  // 0xB6
    {5, 1, 9, 3, 3, 2690},  // 0xB7
    {4, 0, 0, 4, 5, 2693},  // 0xB8
    {7, 1, 16, 4, 8, 2698},  // 0xB9
    {7, 1, 14, 6, 6, 2706},  // 0xBA
    {10, 1, 9, 8, 8, 2712},  // 0xBB
    {14, 1, 15, 13, 15, 2720},  // 0xBC
    {15, 0, 14, 14, 14, 2750},  // 0xBD
    {15, 0, 16, 15, 15, 2778},  // 0xBE
    {8, 0, 11, 8, 15, 2808},  // 0xBF
    {12, 0, 18, 12, 18, 2823},  // 0xC0
    {12, 0, 18, 12, 18, 2859},  // 0xC1
    {12, 0, 18, 12, 18, 2895},  // 0xC2
    {12, 0, 19, 12, 18, 2931},  // 0xC3
    {12, 0, 18, 12, 17, 2967},  // 0xC4
    {12, 0, 18, 12, 17, 3001},  // 0xC5
    {17, -1, 14, 16, 14, 3035},  // 0xC6
    {12, 1, 14, 10, 19, 3063},  // 0xC7
    {11, 2, 18, 7, 18, 3101},  // 0xC8
    {11, 2, 18, 7, 18, 3119},  // 0xC9
    {11, 2, 18, 7, 18, 3137},  // 0xCA
    {11, 2, 18, 7, 17, 3155},  // 0xCB
    {6, 1, 18, 5, 18, 3172},  // 0xCC
    {6, 1, 18, 5, 18, 3190},  // 0xCD
    {6, -1, 18, 6, 18, 3208},  // 0xCE
    {6, 1, 18, 5, 17, 3226},  // 0xCF
    {14, 1, 14, 12, 14, 3243},  // 0xD0
    {14, 2, 19, 11, 18, 3271},  // 0xD1
    {15, 1, 18, 13, 18, 3307},  // 0xD2
    {15, 1, 18, 13, 18, 3343},  // 0xD3
    {15, 1, 18, 13, 18, 3379},  // 0xD4
    {15, 1, 19, 13, 18, 3415},  // 0xD5
    {15, 1, 18, 13, 17, 3451},  // 0xD6
    {11, 1, 11, 9, 8, 3485},  // 0xD7
    {15, 1, 15, 13, 14, 3501},  // 0xD8
    {14, 2, 18, 10, 18, 3529},  // 0xD9
    {14, 2, 18, 10, 18, 3565},  // 0xDA
    {14, 2, 18, 10, 18, 3601},  // 0xDB
    {14, 2, 18, 10, 17, 3637},  // 0xDC
    {11, 0, 18, 11, 18, 3671},  // 0xDD
    {12, 2, 14, 9, 14, 3707},  // 0xDE
    {12, 2, 15, 9, 15, 3735},  // 0xDF
    {11, 1, 15, 8, 15, 3765},  // 0xE0
    {11, 1, 15, 8, 15, 3780},  // 0xE1
    {11, 1, 15, 8, 15, 3795},  // 0xE2
    {11, 1, 16, 8, 15, 3810},  // 0xE3
    {11, 1, 15, 8, 14, 3825},  // 0xE4
    {11, 1, 17, 8, 16, 3839},  // 0xE5
    {16, 1, 11, 14, 11, 3855},  // 0xE6
    {9, 1, 11, 8, 16, 3877},  // 0xE7
    {11, 1, 15, 9, 15, 3893},  // 0xE8
    {11, 1, 15, 9, 15, 3923},  // 0xE9
    {11, 1, 15, 9, 15, 3953},  // 0xEA
    {11, 1, 15, 9, 14, 3983},  // 0xEB
    {5, -1, 15, 4, 15, 4011},  // 0xEC
    {5, 2, 15, 4, 15, 4026},  // 0xED
    {5, -2, 15, 6, 15, 4041},  // 0xEE
    {5, -1, 15, 5, 14, 4056},  // 0xEF
    {12, 1, 16, 9, 16, 4070},  // 0xF0
    {12, 2, 16, 8, 15, 4102},  // 0xF1
    {12, 1, 15, 9, 15, 4117},  // 0xF2
    {12, 1, 15, 9, 15, 4147},  // 0xF3
    {12, 1, 15, 9, 15, 4177},  // 0xF4
    {12, 1, 16, 9, 15, 4207},  // 0xF5
    {12, 1, 15, 9, 14, 4237},  // 0xF6
    {11, 1, 12, 9, 9, 4265},  // 0xF7
    {12, 1, 12, 9, 11, 4283},  // 0xF8
    {12, 1, 15, 9, 15, 4305},  // 0xF9
    {12, 1, 15, 9, 15, 4335},  // 0xFA
    {12, 1, 15, 9, 15, 4365},  // 0xFB
    {12, 1, 15, 9, 14, 4395},  // 0xFC
    {10, 0, 15, 10, 20, 4423},  // 0xFD
    {12, 2, 15, 9, 20, 4463},  // 0xFE
    {10, 0, 15, 10, 19, 4503},  // 0xFF
};
static const uint8_t bits_regular_24[] = {
    0xe0, 0xc0, 0xc0, 0xc0, 0xc0, 0xc0, 0xc0, 0xc0, 0xc0, 0xc0, 0xc0, 0x40, 0x00, 0x00, 0xc0, 0xe0,
    0xc0, 0xcc, 0xcc, 0xcc, 0xcc, 0x8c, 0x8c, 0x06, 0x30, 0x04, 0x30, 0x0c, 0x20, 0x0c, 0x60, 0x0c,
    0x60, 0xff, 0xfc, 0xff, 0xfc, 0x08, 0x40, 0x18, 0xc0, 0x18, 0xc0, 0xff, 0xf8, 0xff, 0xf8, 0x10,
    0x80, 0x31, 0x80, 0x31, 0x80, 0x31, 0x80, 0x21, 0x80, 0x06, 0x00, 0x06, 0x00, 0x1f, 0x80, 0x7f,
    0xe0, 0x66, 0x40, 0x66, 0x00, 0xe6, 0x00, 0x66, 0x00, 0x7e, 0x00, 0x1f, 0x80, 0x07, 0xc0, 0x06,
    0x60, 0x06, 0x60, 0x06, 0x60, 0xc6, 0xe0, 0xff, 0xc0, 0x3f, 0x00, 0x06, 0x00, 0x06, 0x00, 0x3c,
    0x06, 0x00, 0x7c, 0x0c, 0x00, 0x46, 0x18, 0x00, 0xc6, 0x18, 0x00, 0xc6, 0x30, 0x00, 0xc2, 0x30,
    0x00, 0xc6, 0x67, 0x00, 0xc6, 0x4f, 0x80, 0x66, 0xd9, 0x80, 0x7d, 0x98, 0xc0, 0x39, 0x90, 0xc0,
    0x03, 0x10, 0xc0, 0x03, 0x10, 0xc0, 0x06, 0x18, 0xc0, 0x06, 0x19, 0x80, 0x0c, 0x0f, 0x80, 0x18,
    0x0f, 0x00, 0x0f, 0x80, 0x00, 0x3f, 0xc0, 0x00, 0x30, 0xc0, 0x00, 0x30, 0xc0, 0x00, 0x30, 0xc0,
    0x00, 0x19, 0xc0, 0x00, 0x1f, 0x00, 0x00, 0x1e, 0x00, 0x00, 0x3f, 0x06, 0x00, 0x73, 0x86, 0x00,
    0x61, 0xc6, 0x00, 0xe0, 0xec, 0x00, 0xc0, 0x7c, 0x00, 0xe0, 0x38, 0x00, 0x60, 0x7c, 0x00, 0x7f,
    0xee, 0x00, 0x1f, 0x87, 0x80, 0xc0, 0xc0, 0xc0, 0xc0, 0x80, 0x80, 0x18, 0x38, 0x30, 0x60, 0x60,
    0x60, 0xc0, 0xc0, 0xc0, 0xc0, 0xc0, 0xc0, 0xc0, 0xc0, 0xe0, 0x60, 0x60, 0x70, 0x30, 0x18, 0xc0,
    0x60, 0x60, 0x30, 0x30, 0x38, 0x18, 0x18, 0x18, 0x18, 0x18, 0x18, 0x18, 0x18, 0x18, 0x30, 0x30,
    0x30, 0x60, 0xc0, 0x0e, 0x00, 0x06, 0x00, 0x04, 0x00, 0x84, 0x20, 0xfd, 0xe0, 0xff, 0xe0, 0x0e,
    0x00, 0x1b, 0x00, 0x3b, 0x80, 0x31, 0xc0, 0x11, 0x00, 0x06, 0x00, 0x06, 0x00, 0x06, 0x00, 0x06,
    0x00, 0x06, 0x00, 0xff, 0xe0, 0xff, 0xe0, 0x06, 0x00, 0x06, 0x00, 0x06, 0x00, 0x06, 0x00, 0x06,
    0x00, 0x70, 0x60, 0x60, 0x60, 0xc0, 0xc0, 0xfc, 0xfc, 0xc0, 0xe0, 0xc0, 0x03, 0x80, 0x03, 0x00,
    0x03, 0x00, 0x06, 0x00, 0x06, 0x00, 0x06, 0x00, 0x0c, 0x00, 0x0c, 0x00, 0x1c, 0x00, 0x18, 0x00,
    0x18, 0x00, 0x30, 0x00, 0x30, 0x00, 0x30, 0x00, 0x60, 0x00, 0x60, 0x00, 0xe0, 0x00, 0x1f, 0x00,
    0x3f, 0xc0, 0x70, 0xc0, 0x60, 0x60, 0x60, 0x60, 0xc0, 0x60, 0xc0, 0x60, 0xc0, 0x70, 0xc0, 0x70,
    0xc0, 0x70, 0xc0, 0x60, 0xc0, 0x60, 0x60, 0x60, 0x60, 0x60, 0x70, 0xc0, 0x3f, 0xc0, 0x1f, 0x00,
    0x0e, 0x1e, 0x36, 0xee, 0x4e, 0x0e, 0x0e, 0x0e, 0x0e, 0x0e, 0x0e, 0x0e, 0x0e, 0x0e, 0x0e, 0x0e,
    0x0e, 0x1f, 0x00, 0x7f, 0xc0, 0xe0, 0xc0, 0x00, 0xe0, 0x00, 0x60, 0x00, 0x60, 0x00, 0xc0, 0x00,
    0xc0, 0x01, 0x80, 0x03, 0x80, 0x07, 0x00, 0x0e, 0x00, 0x1c, 0x00, 0x38, 0x00, 0x70, 0x00, 0xff,
    0xe0, 0xff, 0xe0, 0x3f, 0x00, 0xff, 0xc0, 0x40, 0xe0, 0x00, 0x60, 0x00, 0x60, 0x00, 0xe0, 0x01,
    0xc0, 0x1f, 0x80, 0x1f, 0x80, 0x01, 0xe0, 0x00, 0x60, 0x00, 0x60, 0x00, 0x60, 0x00, 0x60, 0x80,
    0xe0, 0xff, 0xc0, 0x7f, 0x00, 0x00, 0xe0, 0x01, 0xe0, 0x01, 0xe0, 0x03, 0x60, 0x06, 0x60, 0x06,
    0x60, 0x0c, 0x60, 0x18, 0x60, 0x30, 0x60, 0x30, 0x60, 0x60, 0x60, 0xff, 0xf8, 0xff, 0xf8, 0x00,
    0x60, 0x00, 0x60, 0x00, 0x60, 0x00, 0x60, 0x7f, 0x80, 0xff, 0x80, 0xc0, 0x00, 0xc0, 0x00, 0xc0,
    0x00, 0xc0, 0x00, 0xfe, 0x00, 0xff, 0x80, 0x01, 0xc0, 0x00, 0xc0, 0x00, 0xc0, 0x00, 0xc0, 0x00,
    0xc0, 0x00, 0xc0, 0x81, 0x80, 0xff, 0x80, 0xfe, 0x00, 0x07, 0xc0, 0x1f, 0xc0, 0x38, 0x00, 0x30,
    0x00, 0x60, 0x00, 0x60, 0x00, 0x6f, 0x80, 0xdf, 0xc0, 0xf0, 0xe0, 0xe0, 0x60, 0xc0, 0x70, 0xc0,
    0x30, 0x60, 0x60, 0x60, 0x60, 0x70, 0xe0, 0x3f, 0xc0, 0x0f, 0x80, 0xff, 0xf0, 0xff, 0xf0, 0x00,
    0x60, 0x00, 0xe0, 0x00, 0xc0, 0x00, 0xc0, 0x01, 0x80, 0x01, 0x80, 0x03, 0x00, 0x03, 0x00, 0x07,
    0x00, 0x06, 0x00, 0x0e, 0x00, 0x0c, 0x00, 0x1c, 0x00, 0x18, 0x00, 0x38, 0x00, 0x1f, 0x80, 0x3f,
    0xc0, 0x70, 0xe0, 0x60, 0x60, 0x60, 0x60, 0x60, 0xe0, 0x31, 0xc0, 0x1f, 0x80, 0x1f, 0x80, 0x31,
    0xc0, 0x60, 0xe0, 0xc0, 0x60, 0xc0, 0x70, 0xc0, 0x60, 0x60, 0xe0, 0x7f, 0xc0, 0x1f, 0x80, 0x1f,
    0x00, 0x3f, 0xc0, 0x60, 0xc0, 0xe0, 0x60, 0xc0, 0x60, 0xc0, 0x60, 0xc0, 0x60, 0xe0, 0x60, 0x70,
    0xe0, 0x3f, 0x60, 0x1e, 0x60, 0x00, 0x60, 0x00, 0x60, 0x00, 0xc0, 0x01, 0xc0, 0x7f, 0x80, 0x7e,
    0x00, 0xc0, 0xe0, 0xc0, 0x00, 0x00, 0x00, 0x00, 0x00, 0x00, 0x00, 0xc0, 0xe0, 0xc0, 0x60, 0x70,
    0x60, 0x00, 0x00, 0x00, 0x00, 0x00, 0x00, 0x00, 0x60, 0x60, 0x60, 0xc0, 0xc0, 0xc0, 0x00, 0x10,
    0x00, 0x70, 0x01, 0xe0, 0x07, 0x80, 0x1e, 0x00, 0x78, 0x00, 0xe0, 0x00, 0x78, 0x00, 0x1e, 0x00,
    0x07, 0xc0, 0x00, 0xf0, 0x00, 0x30, 0xff, 0xe0, 0xff, 0xe0, 0x00, 0x00, 0x00, 0x00, 0x00, 0x00,
    0xff, 0xe0, 0xff, 0xe0, 0x80, 0x00, 0xc0, 0x00, 0x70, 0x00, 0x1c, 0x00, 0x07, 0x00, 0x01, 0xc0,
    0x00, 0x70, 0x01, 0xe0, 0x07, 0x80, 0x3c, 0x00, 0xf0, 0x00, 0xc0, 0x00, 0x3f, 0x00, 0xff, 0x80,
    0x41, 0xc0, 0x00, 0xc0, 0x00, 0xc0, 0x01, 0xc0, 0x01, 0x80, 0x07, 0x00, 0x0e, 0x00, 0x0c, 0x00,
    0x18, 0x00, 0x18, 0x00, 0x00, 0x00, 0x00, 0x00, 0x18, 0x00, 0x1c, 0x00, 0x18, 0x00, 0x01, 0xfc,
    0x00, 0x07, 0xff, 0x00, 0x1e, 0x03, 0x80, 0x18, 0x00, 0xc0, 0x30, 0xf8, 0xc0, 0x61, 0xfc, 0x60,
    0x63, 0x0c, 0x60, 0x46, 0x0c, 0x60, 0xc6, 0x0c, 0x60, 0xc6, 0x0c, 0x60, 0xc6, 0x0c, 0x60, 0xc7,
    0x1c, 0x60, 0x43, 0xf7, 0xc0, 0x61, 0xe7, 0x80, 0x60, 0x00, 0x00, 0x30, 0x00, 0x00, 0x1c, 0x06,
    0x00, 0x0f, 0xfe, 0x00, 0x01, 0xf0, 0x00, 0x03, 0x80, 0x03, 0x80, 0x03, 0xc0, 0x06, 0xc0, 0x06,
    0xc0, 0x06, 0x60, 0x0c, 0x60, 0x0c, 0x70, 0x1c, 0x30, 0x18, 0x30, 0x1f, 0xf8, 0x3f, 0xf8, 0x30,
    0x1c, 0x70, 0x0c, 0x60, 0x0c, 0x60, 0x0e, 0xc0, 0x06, 0xff, 0x80, 0xff, 0xe0, 0xc0, 0x60, 0xc0,
    0x70, 0xc0, 0x70, 0xc0, 0x70, 0xc0, 0x60, 0xff, 0xc0, 0xff, 0xc0, 0xc0, 0x60, 0xc0, 0x30, 0xc0,
    0x30, 0xc0, 0x30, 0xc0, 0x30, 0xc0, 0x70, 0xff, 0xe0, 0xff, 0x80, 0x07, 0xf0, 0x0f, 0xf8, 0x3c,
    0x08, 0x30, 0x00, 0x70, 0x00, 0x60, 0x00, 0x60, 0x00, 0xe0, 0x00, 0xe0, 0x00, 0xe0, 0x00, 0x60,
    0x00, 0x60, 0x00, 0x70, 0x00, 0x30, 0x00, 0x38, 0x00, 0x1f, 0xf8, 0x07, 0xf0, 0xff, 0x80, 0xff,
    0xe0, 0xc0, 0x70, 0xc0, 0x38, 0xc0, 0x18, 0xc0, 0x1c, 0xc0, 0x0c, 0xc0, 0x0c, 0xc0, 0x0c, 0xc0,
    0x0c, 0xc0, 0x0c, 0xc0, 0x1c, 0xc0, 0x18, 0xc0, 0x38, 0xc0, 0x70, 0xff, 0xe0, 0xff, 0x80, 0xff,
    0xc0, 0xff, 0xc0, 0xc0, 0x00, 0xc0, 0x00, 0xc0, 0x00, 0xc0, 0x00, 0xc0, 0x00, 0xff, 0x80, 0xff,
    0x80, 0xc0, 0x00, 0xc0, 0x00, 0xc0, 0x00, 0xc0, 0x00, 0xc0, 0x00, 0xc0, 0x00, 0xff, 0xc0, 0xff,
    0xc0, 0xff, 0xc0, 0xff, 0xc0, 0xc0, 0x00, 0xc0, 0x00, 0xc0, 0x00, 0xc0, 0x00, 0xc0, 0x00, 0xc0,
    0x00, 0xff, 0x80, 0xff, 0x80, 0xc0, 0x00, 0xc0, 0x00, 0xc0, 0x00, 0xc0, 0x00, 0xc0, 0x00, 0xc0,
    0x00, 0xc0, 0x00, 0x03, 0xf8, 0x0f, 0xfc, 0x1c, 0x04, 0x38, 0x00, 0x70, 0x00, 0x60, 0x00, 0x60,
    0x00, 0x60, 0x00, 0xe0, 0x7e, 0xe0, 0x7e, 0x60, 0x06, 0x60, 0x06, 0x70, 0x06, 0x30, 0x06, 0x3c,
    0x06, 0x1f, 0xfe, 0x07, 0xf8, 0xc0, 0x18, 0xc0, 0x18, 0xc0, 0x18, 0xc0, 0x18, 0xc0, 0x18, 0xc0,
    0x18, 0xc0, 0x18, 0xff, 0xf8, 0xff, 0xf8, 0xc0, 0x18, 0xc0, 0x18, 0xc0, 0x18, 0xc0, 0x18, 0xc0,
    0x18, 0xc0, 0x18, 0xc0, 0x18, 0xc0, 0x18, 0xfc, 0x78, 0x30, 0x30, 0x30, 0x30, 0x30, 0x30, 0x30,
    0x30, 0x30, 0x30, 0x30, 0x30, 0x30, 0x78, 0xfc, 0x0c, 0x0c, 0x0c, 0x0c, 0x0c, 0x0c, 0x0c, 0x0c,
    0x0c, 0x0c, 0x0c, 0x0c, 0x0c, 0x0c, 0x0c, 0x0c, 0x0c, 0x0c, 0x0c, 0x1c, 0xf8, 0xf0, 0xc0, 0x38,
    0xc0, 0x60, 0xc0, 0xc0, 0xc1, 0x80, 0xc3, 0x00, 0xc7, 0x00, 0xce, 0x00, 0xdc, 0x00, 0xfe, 0x00,
    0xf6, 0x00, 0xc7, 0x00, 0xc3, 0x80, 0xc1, 0xc0, 0xc0, 0xc0, 0xc0, 0xe0, 0xc0, 0x70, 0xc0, 0x38,
    0xc0, 0x00, 0xc0, 0x00, 0xc0, 0x00, 0xc0, 0x00, 0xc0, 0x00, 0xc0, 0x00, 0xc0, 0x00, 0xc0, 0x00,
    0xc0, 0x00, 0xc0, 0x00, 0xc0, 0x00, 0xc0, 0x00, 0xc0, 0x00, 0xc0, 0x00, 0xc0, 0x00, 0xff, 0xc0,
    0xff, 0xc0, 0xf0, 0x03, 0x80, 0xf0, 0x03, 0x80, 0xf0, 0x07, 0x80, 0xd8, 0x07, 0x80, 0xd8, 0x05,
    0x80, 0xcc, 0x0d, 0x80, 0xcc, 0x0d, 0x80, 0xcc, 0x19, 0x80, 0xc6, 0x19, 0x80, 0xc6, 0x19, 0x80,
    0xc7, 0x31, 0x80, 0xc3, 0x31, 0x80, 0xc3, 0x61, 0x80, 0xc1, 0xe1, 0x80, 0xc1, 0xe1, 0x80, 0xc1,
    0xc1, 0x80, 0xc0, 0xc1, 0x80, 0xe0, 0x0c, 0xf0, 0x0c, 0xf0, 0x0c, 0xd8, 0x0c, 0xdc, 0x0c, 0xcc,
    0x0c, 0xc6, 0x0c, 0xc7, 0x0c, 0xc3, 0x0c, 0xc1, 0x8c, 0xc1, 0xcc, 0xc0, 0xcc, 0xc0, 0xec, 0xc0,
    0x7c, 0xc0, 0x3c, 0xc0, 0x3c, 0xc0, 0x1c, 0x07, 0xf0, 0x1f, 0xf8, 0x38, 0x1c, 0x30, 0x06, 0x70,
    0x07, 0x60, 0x03, 0x60, 0x03, 0xe0, 0x03, 0xe0, 0x03, 0xe0, 0x03, 0x60, 0x03, 0x60, 0x03, 0x70,
    0x07, 0x30, 0x06, 0x38, 0x1c, 0x1f, 0xf8, 0x07, 0xe0, 0xff, 0x00, 0xff, 0xc0, 0xc0, 0xe0, 0xc0,
    0x60, 0xc0, 0x60, 0xc0, 0x60, 0xc0, 0x60, 0xc0, 0xe0, 0xff, 0xc0, 0xff, 0x00, 0xc0, 0x00, 0xc0,
    0x00, 0xc0, 0x00, 0xc0, 0x00, 0xc0, 0x00, 0xc0, 0x00, 0xc0, 0x00, 0x07, 0xf0, 0x1f, 0xf8, 0x38,
    0x1c, 0x30, 0x06, 0x70, 0x07, 0x60, 0x03, 0x60, 0x03, 0xe0, 0x03, 0xe0, 0x03, 0xe0, 0x03, 0x60,
    0x03, 0x60, 0x03, 0x70, 0x07, 0x30, 0x06, 0x38, 0x1c, 0x1f, 0xf8, 0x07, 0xf0, 0x00, 0x70, 0x00,
    0x38, 0x00, 0x1c, 0x00, 0x0e, 0xff, 0x00, 0xff, 0xc0, 0xc0, 0xe0, 0xc0, 0x60, 0xc0, 0x60, 0xc0,
    0x60, 0xc0, 0x60, 0xc0, 0xe0, 0xff, 0xc0, 0xff, 0x00, 0xc3, 0x80, 0xc1, 0x80, 0xc1, 0xc0, 0xc0,
    0xc0, 0xc0, 0x60, 0xc0, 0x70, 0xc0, 0x38, 0x1f, 0xc0, 0x3f, 0xe0, 0x60, 0x40, 0xe0, 0x00, 0xe0,
    0x00, 0x60, 0x00, 0x70, 0x00, 0x3c, 0x00, 0x1f, 0x80, 0x03, 0xc0, 0x00, 0xe0, 0x00, 0x60, 0x00,
    0x60, 0x00, 0x60, 0x80, 0xc0, 0xff, 0xc0, 0x7f, 0x00, 0xff, 0xf8, 0xff, 0xf8, 0x03, 0x00, 0x03,
    0x00, 0x03, 0x00, 0x03, 0x00, 0x03, 0x00, 0x03, 0x00, 0x03, 0x00, 0x03, 0x00, 0x03, 0x00, 0x03,
    0x00, 0x03, 0x00, 0x03, 0x00, 0x03, 0x00, 0x03, 0x00, 0x03, 0x00, 0xc0, 0x18, 0xc0, 0x18, 0xc0,
    0x18, 0xc0, 0x18, 0xc0, 0x18, 0xc0, 0x18, 0xc0, 0x18, 0xc0, 0x18, 0xc0, 0x18, 0xc0, 0x18, 0xc0,
    0x18, 0xc0, 0x18, 0xe0, 0x18, 0x60, 0x18, 0x70, 0x30, 0x3f, 0xe0, 0x0f, 0xc0, 0xc0, 0x0c, 0x60,
    0x0c, 0x60, 0x1c, 0x70, 0x18, 0x30, 0x18, 0x30, 0x30, 0x38, 0x30, 0x18, 0x70, 0x18, 0x60, 0x1c,
    0x60, 0x0c, 0xe0, 0x0c, 0xc0, 0x0e, 0xc0, 0x07, 0xc0, 0x07, 0x80, 0x03, 0x80, 0x03, 0x00, 0xe0,
    0x30, 0x0c, 0x60, 0x78, 0x1c, 0x60, 0x78, 0x18, 0x60, 0x78, 0x18, 0x70, 0x6c, 0x18, 0x30, 0xcc,
    0x38, 0x30, 0xcc, 0x30, 0x30, 0xcc, 0x30, 0x19, 0xc6, 0x30, 0x19, 0x86, 0x60, 0x19, 0x86, 0x60,
    0x19, 0x83, 0x60, 0x0f, 0x03, 0x60, 0x0f, 0x03, 0xc0, 0x0f, 0x01, 0xc0, 0x0e, 0x01, 0xc0, 0x06,
    0x01, 0xc0, 0xe0, 0x1c, 0x70, 0x38, 0x30, 0x30, 0x18, 0x60, 0x1c, 0xe0, 0x0c, 0xc0, 0x07, 0x80,
    0x07, 0x80, 0x03, 0x80, 0x07, 0x80, 0x0c, 0xc0, 0x0c, 0xc0, 0x18, 0x60, 0x38, 0x70, 0x30, 0x30,
    0x60, 0x18, 0xe0, 0x1c, 0xe0, 0x1c, 0x60, 0x38, 0x70, 0x30, 0x30, 0x70, 0x38, 0x60, 0x18, 0xe0,
    0x0c, 0xc0, 0x0d, 0x80, 0x07, 0x80, 0x07, 0x00, 0x03, 0x00, 0x03, 0x00, 0x03, 0x00, 0x03, 0x00,
    0x03, 0x00, 0x03, 0x00, 0x03, 0x00, 0xff, 0xf0, 0xff, 0xf0, 0x00, 0xe0, 0x00, 0xc0, 0x01, 0xc0,
    0x03, 0x80, 0x03, 0x00, 0x07, 0x00, 0x0e, 0x00, 0x0c, 0x00, 0x1c, 0x00, 0x18, 0x00, 0x30, 0x00,
    0x70, 0x00, 0x60, 0x00, 0xff, 0xf0, 0xff, 0xf0, 0xf8, 0xf8, 0xc0, 0xc0, 0xc0, 0xc0, 0xc0, 0xc0,
    0xc0, 0xc0, 0xc0, 0xc0, 0xc0, 0xc0, 0xc0, 0xc0, 0xc0, 0xc0, 0xc0, 0xf8, 0xf8, 0xc0, 0x00, 0x60,
    0x00, 0x60, 0x00, 0x30, 0x00, 0x30, 0x00, 0x30, 0x00, 0x18, 0x00, 0x18, 0x00, 0x1c, 0x00, 0x0c,
    0x00, 0x0c, 0x00, 0x06, 0x00, 0x06, 0x00, 0x06, 0x00, 0x03, 0x00, 0x03, 0x00, 0x03, 0x80, 0xf8,
    0xf8, 0x18, 0x18, 0x18, 0x18, 0x18, 0x18, 0x18, 0x18, 0x18, 0x18, 0x18, 0x18, 0x18, 0x18, 0x18,
    0x18, 0x18, 0xf8, 0xf8, 0x04, 0x00, 0x0e, 0x00, 0x0e, 0x00, 0x1b, 0x00, 0x19, 0x80, 0x31, 0x80,
    0x30, 0xc0, 0x20, 0xc0, 0x60, 0x60, 0x40, 0x60, 0xc0, 0x30, 0xff, 0xe0, 0xff, 0xe0, 0xe0, 0x60,
    0x30, 0x18, 0x1f, 0x80, 0x3f, 0xc0, 0x20, 0xc0, 0x00, 0xc0, 0x00, 0xe0, 0x0f, 0xe0, 0x7f, 0xe0,
    0xe0, 0xe0, 0xc0, 0xe0, 0xc0, 0xe0, 0xe1, 0xe0, 0x7f, 0x60, 0x3e, 0x60, 0xc0, 0x00, 0xc0, 0x00,
    0xc0, 0x00, 0xc0, 0x00, 0xc0, 0x00, 0xcf, 0x80, 0xdf, 0xc0, 0xe0, 0xe0, 0xe0, 0x60, 0xc0, 0x60,
    0xc0, 0x60, 0xc0, 0x60, 0xc0, 0x60, 0xc0, 0x60, 0xe0, 0x60, 0xe0, 0xe0, 0xff, 0xc0, 0xcf, 0x80,
    0x0f, 0xc0, 0x3f, 0x80, 0x70, 0x00, 0x60, 0x00, 0xe0, 0x00, 0xe0, 0x00, 0xe0, 0x00, 0xe0, 0x00,
    0xe0, 0x00, 0x60, 0x00, 0x70, 0x00, 0x3f, 0xc0, 0x1f, 0x80, 0x00, 0x30, 0x00, 0x30, 0x00, 0x30,
    0x00, 0x30, 0x00, 0x30, 0x1f, 0x30, 0x3f, 0xb0, 0x70, 0xf0, 0x60, 0x70, 0xe0, 0x70, 0xe0, 0x30,
    0xe0, 0x30, 0xe0, 0x30, 0xe0, 0x70, 0x60, 0x70, 0x70, 0xf0, 0x3f, 0xb0, 0x1f, 0x30, 0x0f, 0x80,
    0x3f, 0xc0, 0x70, 0xe0, 0x60, 0x60, 0x60, 0x60, 0xff, 0xe0, 0xff, 0xe0, 0xe0, 0x00, 0xe0, 0x00,
    0x60, 0x00, 0x70, 0x20, 0x3f, 0xe0, 0x0f, 0xc0, 0x0f, 0x80, 0x1f, 0x80, 0x18, 0x00, 0x18, 0x00,
    0x18, 0x00, 0x7f, 0x00, 0xff, 0x00, 0x18, 0x00, 0x18, 0x00, 0x18, 0x00, 0x18, 0x00, 0x18, 0x00,
    0x18, 0x00, 0x18, 0x00, 0x18, 0x00, 0x18, 0x00, 0x18, 0x00, 0x18, 0x00, 0x1f, 0x30, 0x3f, 0xb0,
    0x70, 0xf0, 0x60, 0x70, 0xe0, 0x70, 0xe0, 0x30, 0xe0, 0x30, 0xe0, 0x30, 0xe0, 0x30, 0x60, 0x70,
    0x70, 0xf0, 0x3f, 0xb0, 0x1f, 0x30, 0x00, 0x30, 0x00, 0x70, 0x00, 0x60, 0x40, 0xe0, 0x7f, 0xc0,
    0x3f, 0x80, 0xc0, 0x00, 0xc0, 0x00, 0xc0, 0x00, 0xc0, 0x00, 0xc0, 0x00, 0xcf, 0x80, 0xdf, 0xc0,
    0xe0, 0xe0, 0xe0, 0x60, 0xc0, 0x60, 0xc0, 0x60, 0xc0, 0x60, 0xc0, 0x60, 0xc0, 0x60, 0xc0, 0x60,
    0xc0, 0x60, 0xc0, 0x60, 0xc0, 0x60, 0xc0, 0xc0, 0xc0, 0x00, 0x00, 0xc0, 0xc0, 0xc0, 0xc0, 0xc0,
    0xc0, 0xc0, 0xc0, 0xc0, 0xc0, 0xc0, 0xc0, 0xc0, 0x18, 0x18, 0x18, 0x00, 0x00, 0x18, 0x18, 0x18,
    0x18, 0x18, 0x18, 0x18, 0x18, 0x18, 0x18, 0x18, 0x18, 0x18, 0x18, 0x18, 0x18, 0x18, 0xf8, 0xf0,
    0xc0, 0x00, 0xc0, 0x00, 0xc0, 0x00, 0xc0, 0x00, 0xc0, 0x00, 0xc1, 0xc0, 0xc3, 0x80, 0xc7, 0x00,
    0xce, 0x00, 0xcc, 0x00, 0xd8, 0x00, 0xfc, 0x00, 0xec, 0x00, 0xc6, 0x00, 0xc7, 0x00, 0xc3, 0x80,
    0xc1, 0x80, 0xc0, 0xe0, 0xc0, 0xc0, 0xc0, 0xc0, 0xc0, 0xc0, 0xc0, 0xc0, 0xc0, 0xc0, 0xc0, 0xc0,
    0xc0, 0xc0, 0xc0, 0xc0, 0xc0, 0xc0, 0xcf, 0x0f, 0x80, 0xff, 0xff, 0xc0, 0xe0, 0xe0, 0xc0, 0xe0,
    0xe0, 0xc0, 0xc0, 0xc0, 0xe0, 0xc0, 0xc0, 0xe0, 0xc0, 0xc0, 0xe0, 0xc0, 0xc0, 0xe0, 0xc0, 0xc0,
    0xe0, 0xc0, 0xc0, 0xe0, 0xc0, 0xc0, 0xe0, 0xc0, 0xc0, 0xe0, 0xc0, 0xc0, 0xe0, 0xcf, 0x80, 0xdf,
    0xc0, 0xe0, 0xe0, 0xe0, 0x60, 0xc0, 0x60, 0xc0, 0x60, 0xc0, 0x60, 0xc0, 0x60, 0xc0, 0x60, 0xc0,
    0x60, 0xc0, 0x60, 0xc0, 0x60, 0xc0, 0x60, 0x0f, 0x80, 0x3f, 0xc0, 0x70, 0x60, 0x60, 0x70, 0xe0,
    0x30, 0xe0, 0x30, 0xe0, 0x30, 0xe0, 0x30, 0x60, 0x30, 0x60, 0x70, 0x70, 0x60, 0x3f, 0xc0, 0x0f,
    0x80, 0xcf, 0x80, 0xdf, 0xc0, 0xe0, 0xe0, 0xe0, 0x60, 0xc0, 0x60, 0xc0, 0x60, 0xc0, 0x60, 0xc0,
    0x60, 0xc0, 0x60, 0xe0, 0x60, 0xe0, 0xe0, 0xff, 0xc0, 0xcf, 0x80, 0xc0, 0x00, 0xc0, 0x00, 0xc0,
    0x00, 0xc0, 0x00, 0xc0, 0x00, 0xc0, 0x00, 0x1f, 0x30, 0x3f, 0xb0, 0x70, 0xf0, 0x60, 0x70, 0xe0,
    0x70, 0xe0, 0x30, 0xe0, 0x30, 0xe0, 0x30, 0xe0, 0x70, 0x60, 0x70, 0x70, 0xf0, 0x3f, 0xb0, 0x1f,
    0x30, 0x00, 0x30, 0x00, 0x30, 0x00, 0x30, 0x00, 0x30, 0x00, 0x30, 0x00, 0x30, 0xcf, 0xde, 0xf0,
    0xe0, 0xc0, 0xc0, 0xc0, 0xc0, 0xc0, 0xc0, 0xc0, 0xc0, 0xc0, 0x3f, 0x00, 0x7f, 0x80, 0xe0, 0x80,
    0xc0, 0x00, 0xe0, 0x00, 0x78, 0x00, 0x1f, 0x00, 0x07, 0x80, 0x01, 0x80, 0x01, 0x80, 0x81, 0x80,
    0xff, 0x80, 0x7e, 0x00, 0x10, 0x10, 0x30, 0x7f, 0xff, 0x30, 0x30, 0x30, 0x30, 0x30, 0x30, 0x30,
    0x30, 0x38, 0x1f, 0x0f, 0xc0, 0x60, 0xc0, 0x60, 0xc0, 0x60, 0xc0, 0x60, 0xc0, 0x60, 0xc0, 0x60,
    0xc0, 0x60, 0xc0, 0x60, 0xc0, 0xe0, 0xc0, 0xe0, 0xe1, 0xe0, 0x7f, 0x60, 0x3e, 0x60, 0xc0, 0x30,
    0x60, 0x70, 0x60, 0x60, 0x70, 0x60, 0x30, 0xe0, 0x30, 0xc0, 0x38, 0xc0, 0x19, 0x80, 0x19, 0x80,
    0x0d, 0x80, 0x0f, 0x00, 0x0f, 0x00, 0x07, 0x00, 0xe0, 0xe0, 0xe0, 0x60, 0xe0, 0xc0, 0x60, 0xe0,
    0xc0, 0x61, 0xb0, 0xc0, 0x71, 0xb1, 0x80, 0x31, 0xb1, 0x80, 0x33, 0x19, 0x80, 0x33, 0x19, 0x80,
    0x1b, 0x1b, 0x00, 0x1e, 0x1b, 0x00, 0x1e, 0x0f, 0x00, 0x1e, 0x0e, 0x00, 0x0c, 0x0e, 0x00, 0x60,
    0x70, 0x30, 0x60, 0x38, 0xc0, 0x19, 0xc0, 0x0d, 0x80, 0x0f, 0x00, 0x07, 0x00, 0x0f, 0x00, 0x0d,
    0x80, 0x19, 0xc0, 0x38, 0xe0, 0x70, 0x60, 0xe0, 0x30, 0xc0, 0x30, 0x60, 0x70, 0x60, 0x60, 0x70,
    0x60, 0x30, 0xe0, 0x30, 0xc0, 0x18, 0xc0, 0x19, 0x80, 0x19, 0x80, 0x0d, 0x80, 0x0f, 0x00, 0x07,
    0x00, 0x07, 0x00, 0x06, 0x00, 0x06, 0x00, 0x0c, 0x00, 0x0c, 0x00, 0xf8, 0x00, 0xf0, 0x00, 0xff,
    0x80, 0xff, 0x80, 0x03, 0x80, 0x03, 0x00, 0x06, 0x00, 0x0c, 0x00, 0x1c, 0x00, 0x18, 0x00, 0x30,
    0x00, 0x70, 0x00, 0x60, 0x00, 0xff, 0x80, 0xff, 0x80, 0x06, 0x1e, 0x18, 0x18, 0x18, 0x18, 0x18,
    0x18, 0x30, 0xf0, 0xe0, 0x30, 0x38, 0x18, 0x18, 0x18, 0x18, 0x18, 0x18, 0x1e, 0x06, 0x80, 0x80,
    0x80, 0x80, 0x80, 0x80, 0x80, 0x80, 0x80, 0x80, 0x80, 0x80, 0x80, 0x80, 0x80, 0x80, 0x80, 0x80,
    0x80, 0x80, 0x80, 0x80, 0x80, 0x80, 0xe0, 0xf0, 0x30, 0x38, 0x38, 0x38, 0x38, 0x38, 0x18, 0x1e,
    0x0e, 0x18, 0x38, 0x38, 0x38, 0x38, 0x38, 0x30, 0x30, 0xe0, 0xc0, 0x7c, 0x10, 0xff, 0xf0, 0x83,
    0xe0, 0xff, 0xc0, 0x80, 0x40, 0x80, 0x40, 0x80, 0x40, 0x80, 0x40, 0x80, 0x40, 0x80, 0x40, 0x80,
    0x40, 0x80, 0x40, 0x80, 0x40, 0x80, 0x40, 0x80, 0x40, 0x80, 0x40, 0x80, 0x40, 0x80, 0x40, 0x80,
    0x40, 0xff, 0xc0, 0x07, 0xe0, 0x0f, 0xf0, 0x1c, 0x10, 0x38, 0x00, 0x30, 0x00, 0x30, 0x00, 0xff,
    0x80, 0xff, 0x80, 0x60, 0x00, 0xff, 0x80, 0xff, 0x80, 0x30, 0x00, 0x30, 0x00, 0x38, 0x00, 0x1c,
    0x10, 0x0f, 0xf0, 0x07, 0xe0, 0x70, 0x70, 0x60, 0x60, 0x40, 0xc0, 0x03, 0xe0, 0x07, 0xe0, 0x06,
    0x00, 0x0c, 0x00, 0x0c, 0x00, 0x1f, 0xc0, 0x3f, 0xc0, 0x0c, 0x00, 0x0c, 0x00, 0x0c, 0x00, 0x0c,
    0x00, 0x0c, 0x00, 0x0c, 0x00, 0x0c, 0x00, 0x0c, 0x00, 0x0c, 0x00, 0x0c, 0x00, 0x0c, 0x00, 0x0c,
    0x00, 0x0c, 0x00, 0xcc, 0x00, 0xcc, 0x00, 0xfc, 0x00, 0x78, 0x00, 0x73, 0x73, 0x67, 0x66, 0x46,
    0xc6, 0xc3, 0x06, 0xe3, 0x87, 0xc3, 0x06, 0x18, 0x00, 0x18, 0x00, 0x18, 0x00, 0x18, 0x00, 0x18,
    0x00, 0xff, 0x80, 0x99, 0x80, 0x18, 0x00, 0x18, 0x00, 0x18, 0x00, 0x18, 0x00, 0x18, 0x00, 0x18,
    0x00, 0x18, 0x00, 0x18, 0x00, 0x18, 0x00, 0x18, 0x00, 0x18, 0x00, 0x0c, 0x00, 0x0c, 0x00, 0x0c,
    0x00, 0x0c, 0x00, 0xff, 0xc0, 0xff, 0xc0, 0x0c, 0x00, 0x0c, 0x00, 0x0c, 0x00, 0x0c, 0x00, 0x0c,
    0x00, 0x0c, 0x00, 0xff, 0xc0, 0xff, 0xc0, 0x0c, 0x00, 0x0c, 0x00, 0x0c, 0x00, 0x0c, 0x00, 0x18,
    0x3c, 0x66, 0xc3, 0x3c, 0x06, 0x00, 0x00, 0x7c, 0x0c, 0x00, 0x00, 0x46, 0x18, 0x00, 0x00, 0xc6,
    0x18, 0x00, 0x00, 0xc6, 0x30, 0x00, 0x00, 0xc2, 0x30, 0x00, 0x00, 0xc6, 0x67, 0x07, 0x00, 0xc6,
    0x4f, 0x8f, 0x80, 0x66, 0xd9, 0x98, 0xc0, 0x7d, 0x98, 0xd8, 0xc0, 0x39, 0x90, 0xd8, 0xc0, 0x03,
    0x10, 0xd8, 0xc0, 0x03, 0x10, 0xd8, 0xc0, 0x06, 0x18, 0xd8, 0xc0, 0x06, 0x19, 0x98, 0xc0, 0x0c,
    0x0f, 0x8f, 0x80, 0x18, 0x0f, 0x07, 0x00, 0x30, 0xc0, 0x19, 0x80, 0x0f, 0x00, 0x06, 0x00, 0x00,
    0x00, 0x1f, 0xc0, 0x3f, 0xe0, 0x60, 0x40, 0xe0, 0x00, 0xe0, 0x00, 0x60, 0x00, 0x70, 0x00, 0x3c,
    0x00, 0x1f, 0x80, 0x03, 0xc0, 0x00, 0xe0, 0x00, 0x60, 0x00, 0x60, 0x00, 0x60, 0x80, 0xc0, 0xff,
    0xc0, 0x7f, 0x00, 0x1c, 0x38, 0x30, 0x60, 0xc0, 0x60, 0x70, 0x30, 0x1c, 0x08, 0x07, 0xff, 0xf0,
    0x1f, 0xff, 0xf0, 0x38, 0x18, 0x00, 0x30, 0x18, 0x00, 0x60, 0x18, 0x00, 0x60, 0x18, 0x00, 0x60,
    0x18, 0x00, 0xe0, 0x1f, 0xe0, 0xe0, 0x1f, 0xe0, 0xe0, 0x18, 0x00, 0x60, 0x18, 0x00, 0x60, 0x18,
    0x00, 0x70, 0x18, 0x00, 0x30, 0x18, 0x00, 0x38, 0x18, 0x00, 0x1f, 0xff, 0xf0, 0x07, 0xff, 0xf0,
    0x30, 0xc0, 0x19, 0x80, 0x0f, 0x00, 0x06, 0x00, 0x00, 0x00, 0xff, 0xf0, 0xff, 0xf0, 0x00, 0xe0,
    0x00, 0xc0, 0x01, 0xc0, 0x03, 0x80, 0x03, 0x00, 0x07, 0x00, 0x0e, 0x00, 0x0c, 0x00, 0x1c, 0x00,
    0x18, 0x00, 0x30, 0x00, 0x70, 0x00, 0x60, 0x00, 0xff, 0xf0, 0xff, 0xf0, 0x30, 0x30, 0x60, 0x60,
    0x60, 0xe0, 0x70, 0x70, 0x60, 0x60, 0x40, 0xc0, 0x31, 0x33, 0x63, 0x67, 0x66, 0xe6, 0x73, 0x73,
    0x67, 0x66, 0x46, 0xc6, 0x70, 0xf8, 0xf8, 0xf8, 0xf8, 0x70, 0xff, 0xc0, 0xff, 0xc0, 0xff, 0xff,
    0xfc, 0xff, 0xff, 0xfc, 0x71, 0x80, 0xff, 0x00, 0x8f, 0x00, 0xfe, 0xc3, 0x80, 0x10, 0xe3, 0x80,
    0x10, 0xe3, 0x80, 0x10, 0xa7, 0x80, 0x10, 0xb5, 0x80, 0x10, 0x95, 0x80, 0x10, 0x99, 0x80, 0x10,
    0x99, 0x80, 0x61, 0x80, 0x33, 0x00, 0x1e, 0x00, 0x0c, 0x00, 0x00, 0x00, 0x3f, 0x00, 0x7f, 0x80,
    0xe0, 0x80, 0xc0, 0x00, 0xe0, 0x00, 0x78, 0x00, 0x1f, 0x00, 0x07, 0x80, 0x01, 0x80, 0x01, 0x80,
    0x81, 0x80, 0xff, 0x80, 0x7e, 0x00, 0xc0, 0x60, 0x30, 0x38, 0x18, 0x18, 0x30, 0x60, 0xc0, 0x40,
    0x0f, 0x87, 0xc0, 0x3f, 0xcf, 0xe0, 0x70, 0xf8, 0x70, 0x60, 0x70, 0x30, 0xe0, 0x70, 0x30, 0xe0,
    0x3f, 0xf0, 0xe0, 0x3f, 0xf0, 0xe0, 0x30, 0x00, 0xe0, 0x30, 0x00, 0x60, 0x70, 0x00, 0x70, 0xf8,
    0x10, 0x3f, 0xcf, 0xf0, 0x0f, 0x87, 0xe0, 0x61, 0x80, 0x33, 0x00, 0x1e, 0x00, 0x0c, 0x00, 0x00,
    0x00, 0xff, 0x80, 0xff, 0x80, 0x03, 0x80, 0x03, 0x00, 0x06, 0x00, 0x0c, 0x00, 0x1c, 0x00, 0x18,
    0x00, 0x30, 0x00, 0x70, 0x00, 0x60, 0x00, 0xff, 0x80, 0xff, 0x80, 0x0c, 0xc0, 0x0c, 0xc0, 0x00,
    0x00, 0x00, 0x00, 0xe0, 0x1c, 0x60, 0x38, 0x70, 0x30, 0x30, 0x70, 0x38, 0x60, 0x18, 0xe0, 0x0c,
    0xc0, 0x0d, 0x80, 0x07, 0x80, 0x07, 0x00, 0x03, 0x00, 0x03, 0x00, 0x03, 0x00, 0x03, 0x00, 0x03,
    0x00, 0x03, 0x00, 0x03, 0x00, 0xc0, 0xe0, 0xc0, 0x00, 0x00, 0xc0, 0xc0, 0xc0, 0xc0, 0xc0, 0xc0,
    0xc0, 0xc0, 0xc0, 0xc0, 0xc0, 0xc0, 0x04, 0x00, 0x0f, 0x00, 0x3f, 0xc0, 0x70, 0x80, 0x60, 0x00,
    0xe0, 0x00, 0xc0, 0x00, 0xc0, 0x00, 0xc0, 0x00, 0xc0, 0x00, 0xe0, 0x00, 0x60, 0x00, 0x70, 0x40,
    0x3f, 0x80, 0x0f, 0x00, 0x04, 0x00, 0x04, 0x00, 0x0f, 0xc0, 0x1f, 0xe0, 0x18, 0x20, 0x30, 0x00,
    0x30, 0x00, 0x30, 0x00, 0x30, 0x00, 0x30, 0x00, 0xff, 0x80, 0xff, 0x80, 0x30, 0x00, 0x30, 0x00,
    0x30, 0x00, 0x30, 0x00, 0x70, 0x00, 0xff, 0xf0, 0xff, 0xf0, 0x40, 0x20, 0xef, 0x60, 0x7f, 0xc0,
    0x30, 0xc0, 0x60, 0x40, 0x60, 0x60, 0x60, 0x60, 0x60, 0x40, 0x30, 0xc0, 0x7f, 0xe0, 0xee, 0x60,
    0xe0, 0x18, 0x60, 0x38, 0x30, 0x30, 0x30, 0x60, 0x18, 0x60, 0x18, 0xc0, 0x0c, 0xc0, 0x0d, 0x80,
    0x07, 0x80, 0x3f, 0xf0, 0x3f, 0xf0, 0x03, 0x00, 0x3f, 0xf0, 0x3f, 0xf0, 0x03, 0x00, 0x03, 0x00,
    0x03, 0x00, 0x80, 0x80, 0x80, 0x80, 0x80, 0x80, 0x80, 0x80, 0x80, 0x00, 0x00, 0x00, 0x00, 0x00,
    0x00, 0x80, 0x80, 0x80, 0x80, 0x80, 0x80, 0x80, 0x80, 0x80, 0x1f, 0xc0, 0x7f, 0x80, 0x60, 0x80,
    0x60, 0x00, 0x70, 0x00, 0x3c, 0x00, 0x3f, 0x00, 0x61, 0x80, 0x40, 0xc0, 0x60, 0xc0, 0x71, 0x80,
    0x3f, 0x80, 0x07, 0x80, 0x01, 0x80, 0x00, 0xc0, 0x81, 0xc0, 0xff, 0x80, 0x7f, 0x00, 0xcc, 0xcc,
    0x01, 0xe0, 0x00, 0x0f, 0xfc, 0x00, 0x1c, 0x0e, 0x00, 0x30, 0x03, 0x00, 0x61, 0xf1, 0x80, 0x43,
    0xf1, 0x80, 0xc7, 0x00, 0x80, 0xc6, 0x00, 0xc0, 0xc6, 0x00, 0xc0, 0xc4, 0x00, 0xc0, 0xc6, 0x00,
    0xc0, 0xc6, 0x00, 0xc0, 0x47, 0x10, 0x80, 0x63, 0xf1, 0x80, 0x30, 0xe3, 0x00, 0x1c, 0x0e, 0x00,
    0x0f, 0xfc, 0x00, 0x03, 0xf0, 0x00, 0xf8, 0x04, 0x7c, 0xc4, 0x84, 0xcc, 0x74, 0x1c, 0xc0, 0x39,
    0xc0, 0x33, 0x80, 0x63, 0x00, 0xc6, 0x00, 0x67, 0x00, 0x73, 0x00, 0x31, 0x80, 0x1c, 0xc0, 0x08,
    0x80, 0xff, 0xe0, 0xff, 0xe0, 0x00, 0x20, 0x00, 0x20, 0x00, 0x20, 0x00, 0x20, 0xfc, 0xfc, 0x01,
    0xe0, 0x00, 0x0f, 0xfc, 0x00, 0x1c, 0x0e, 0x00, 0x30, 0x03, 0x00, 0x63, 0xe1, 0x80, 0x43, 0xf1,
    0x80, 0xc3, 0x38, 0x80, 0xc3, 0x18, 0xc0, 0xc3, 0x30, 0xc0, 0xc3, 0xf0, 0xc0, 0xc3, 0xe0, 0xc0,
    0xc3, 0x30, 0xc0, 0x43, 0x30, 0x80, 0x63, 0x19, 0x80, 0x30, 0x03, 0x00, 0x1c, 0x0e, 0x00, 0x0f,
    0xfc, 0x00, 0x03, 0xf0, 0x00, 0xff, 0xf0, 0xff, 0xf0, 0x1c, 0x7e, 0x63, 0xc3, 0xc3, 0xc3, 0x7e,
    0x3c, 0x06, 0x00, 0x06, 0x00, 0x06, 0x00, 0x06, 0x00, 0x06, 0x00, 0xff, 0xe0, 0xff, 0xe0, 0x06,
    0x00, 0x06, 0x00, 0x06, 0x00, 0x06, 0x00, 0x06, 0x00, 0xff, 0xf0, 0xff, 0xf0, 0x78, 0xcc, 0x04,
    0x04, 0x0c, 0x18, 0x30, 0x60, 0xc0, 0xfc, 0x7c, 0xe6, 0x02, 0x06, 0x3c, 0x06, 0x03, 0x03, 0xc6,
    0xfe, 0x38, 0x70, 0x60, 0xc0, 0xc0, 0x60, 0xc0, 0x60, 0xc0, 0x60, 0xc0, 0x60, 0xc0, 0x60, 0xc0,
    0x60, 0xc0, 0x60, 0xc0, 0x60, 0xc0, 0x60, 0xc0, 0xe0, 0xe0, 0xe0, 0xff, 0x60, 0xde, 0x60, 0xc0,
    0x00, 0xc0, 0x00, 0xc0, 0x00, 0xc0, 0x00, 0xc0, 0x00, 0xc0, 0x00, 0x1f, 0xf0, 0x3f, 0xf0, 0x7f,
    0x10, 0x7f, 0x10, 0xff, 0x10, 0xff, 0x10, 0xff, 0x10, 0xff, 0x10, 0xff, 0x10, 0x7f, 0x10, 0x7f,
    0x10, 0x3f, 0x10, 0x01, 0x10, 0x01, 0x10, 0x01, 0x10, 0x01, 0x10, 0x01, 0x10, 0x01, 0x10, 0x01,
    0x10, 0x01, 0x10, 0x01, 0x10, 0x01, 0x10, 0xc0, 0xe0, 0xc0, 0x30, 0x70, 0x18, 0x18, 0xf0, 0x38,
    0x78, 0xd8, 0x18, 0x18, 0x18, 0x18, 0x18, 0x18, 0x18, 0x7c, 0xc6, 0x82, 0x82, 0x82, 0x82, 0xc6,
    0x7c, 0xc6, 0x00, 0x67, 0x00, 0x33, 0x80, 0x39, 0x80, 0x18, 0xc0, 0x19, 0xc0, 0x31, 0x80, 0x63,
    0x00, 0xc6, 0x00, 0x42, 0x00, 0x38, 0x0c, 0x00, 0x78, 0x08, 0x00, 0xd8, 0x18, 0x00, 0x98, 0x30,
    0x00, 0x18, 0x30, 0x00, 0x18, 0x60, 0x00, 0x18, 0xc0, 0x00, 0x18, 0xc6, 0x00, 0x19, 0x8e, 0x00,
    0x19, 0x1e, 0x00, 0x03, 0x16, 0x00, 0x06, 0x26, 0x00, 0x06, 0x66, 0x00, 0x0c, 0x7f, 0x80, 0x08,
    0x06, 0x00, 0x18, 0x06, 0x00, 0x30, 0x06, 0x00, 0x30, 0x1c, 0x70, 0x18, 0xd0, 0x30, 0x90, 0x20,
    0x10, 0x60, 0x10, 0xc0, 0x10, 0xc0, 0x11, 0x9e, 0x11, 0x33, 0x13, 0x01, 0x06, 0x01, 0x06, 0x03,
    0x0c, 0x06, 0x18, 0x0c, 0x18, 0x18, 0x30, 0x3f, 0x60, 0x3f, 0x3c, 0x03, 0x00, 0xfe, 0x03, 0x00,
    0x46, 0x06, 0x00, 0x02, 0x04, 0x00, 0x06, 0x0c, 0x00, 0x3c, 0x18, 0x00, 0x3e, 0x18, 0x00, 0x03,
    0x30, 0x00, 0x03, 0x21, 0x80, 0x87, 0x63, 0x80, 0xfe, 0xc7, 0x80, 0x38, 0xc5, 0x80, 0x01, 0x89,
    0x80, 0x01, 0x99, 0x80, 0x03, 0x1f, 0xe0, 0x02, 0x01, 0x80, 0x06, 0x01, 0x80, 0x0c, 0x01, 0x80,
    0x0c, 0x00, 0x0e, 0x00, 0x0c, 0x00, 0x00, 0x00, 0x00, 0x00, 0x0c, 0x00, 0x0c, 0x00, 0x1c, 0x00,
    0x38, 0x00, 0x70, 0x00, 0xe0, 0x00, 0xc0, 0x00, 0xc0, 0x00, 0xc0, 0x00, 0xc0, 0x80, 0xff, 0x80,
    0x3e, 0x00, 0x07, 0x00, 0x03, 0x00, 0x01, 0x80, 0x00, 0xc0, 0x00, 0x00, 0x03, 0x80, 0x03, 0x80,
    0x03, 0xc0, 0x06, 0xc0, 0x06, 0xc0, 0x06, 0x60, 0x0c, 0x60, 0x0c, 0x70, 0x1c, 0x30, 0x18, 0x30,
    0x1f, 0xf8, 0x3f, 0xf8, 0x30, 0x1c, 0x70, 0x0c, 0x60, 0x0c, 0x60, 0x0e, 0xc0, 0x06, 0x00, 0xe0,
    0x01, 0xc0, 0x01, 0x80, 0x03, 0x00, 0x00, 0x00, 0x03, 0x80, 0x03, 0x80, 0x03, 0xc0, 0x06, 0xc0,
    0x06, 0xc0, 0x06, 0x60, 0x0c, 0x60, 0x0c, 0x70, 0x1c, 0x30, 0x18, 0x30, 0x1f, 0xf8, 0x3f, 0xf8,
    0x30, 0x1c, 0x70, 0x0c, 0x60, 0x0c, 0x60, 0x0e, 0xc0, 0x06, 0x01, 0x80, 0x03, 0xc0, 0x06, 0x60,
    0x0c, 0x30, 0x00, 0x00, 0x03, 0x80, 0x03, 0x80, 0x03, 0xc0, 0x06, 0xc0, 0x06, 0xc0, 0x06, 0x60,
    0x0c, 0x60, 0x0c, 0x70, 0x1c, 0x30, 0x18, 0x30, 0x1f, 0xf8, 0x3f, 0xf8, 0x30, 0x1c, 0x70, 0x0c,
    0x60, 0x0c, 0x60, 0x0e, 0xc0, 0x06, 0x0e, 0x30, 0x1f, 0xe0, 0x11, 0xe0, 0x00, 0x00, 0x03, 0x80,
    0x03, 0x80, 0x03, 0xc0, 0x06, 0xc0, 0x06, 0xc0, 0x06, 0x60, 0x0c, 0x60, 0x0c, 0x70, 0x1c, 0x30,
    0x18, 0x30, 0x1f, 0xf8, 0x3f, 0xf8, 0x30, 0x1c, 0x70, 0x0c, 0x60, 0x0c, 0x60, 0x0e, 0xc0, 0x06,
    0x06, 0x60, 0x06, 0x60, 0x00, 0x00, 0x00, 0x00, 0x03, 0x80, 0x03, 0x80, 0x03, 0xc0, 0x06, 0xc0,
    0x06, 0xc0, 0x06, 0x60, 0x0c, 0x60, 0x0c, 0x70, 0x1c, 0x30, 0x18, 0x30, 0x1f, 0xf8, 0x3f, 0xf8,
    0x30, 0x1c, 0x70, 0x0c, 0x60, 0x0c, 0x60, 0x0e, 0xc0, 0x06, 0x03, 0x80, 0x06, 0x40, 0x04, 0x40,
    0x06, 0x40, 0x03, 0x80, 0x03, 0x80, 0x03, 0xc0, 0x06, 0xc0, 0x06, 0xc0, 0x06, 0x60, 0x0c, 0x60,
    0x0c, 0x70, 0x1c, 0x30, 0x18, 0x30, 0x1f, 0xf8, 0x3f, 0xf8, 0x30, 0x1c, 0x70, 0x0c, 0x60, 0x0c,
    0x60, 0x0e, 0xc0, 0x06, 0x00, 0xff, 0xf0, 0x01, 0xff, 0xf0, 0x01, 0x98, 0x00, 0x03, 0x98, 0x00,
    0x03, 0x18, 0x00, 0x07, 0x18, 0x00, 0x06, 0x18, 0x00, 0x06, 0x1f, 0xe0, 0x0c, 0x1f, 0xe0, 0x0c,
    0x18, 0x00, 0x1f, 0xf8, 0x00, 0x1f, 0xf8, 0x00, 0x30, 0x18, 0x00, 0x30, 0x18, 0x00, 0x60, 0x18,
    0x00, 0x60, 0x1f, 0xf0, 0xc0, 0x1f, 0xf0, 0x07, 0xf0, 0x0f, 0xf8, 0x3c, 0x08, 0x30, 0x00, 0x70,
    0x00, 0x60, 0x00, 0x60, 0x00, 0xe0, 0x00, 0xe0, 0x00, 0xe0, 0x00, 0x60, 0x00, 0x60, 0x00, 0x70,
    0x00, 0x30, 0x00, 0x38, 0x00, 0x1f, 0xf8, 0x07, 0xf0, 0x01, 0x00, 0x03, 0x80, 0x00, 0xc0, 0x00,
    0xc0, 0x07, 0x80, 0x38, 0x00, 0x18, 0x00, 0x0c, 0x00, 0x06, 0x00, 0x00, 0x00, 0xff, 0xc0, 0xff,
    0xc0, 0xc0, 0x00, 0xc0, 0x00, 0xc0, 0x00, 0xc0, 0x00, 0xc0, 0x00, 0xff, 0x80, 0xff, 0x80, 0xc0,
    0x00, 0xc0, 0x00, 0xc0, 0x00, 0xc0, 0x00, 0xc0, 0x00, 0xc0, 0x00, 0xff, 0xc0, 0xff, 0xc0, 0x03,
    0x80, 0x07, 0x00, 0x06, 0x00, 0x0c, 0x00, 0x00, 0x00, 0xff, 0xc0, 0xff, 0xc0, 0xc0, 0x00, 0xc0,
    0x00, 0xc0, 0x00, 0xc0, 0x00, 0xc0, 0x00, 0xff, 0x80, 0xff, 0x80, 0xc0, 0x00, 0xc0, 0x00, 0xc0,
    0x00, 0xc0, 0x00, 0xc0, 0x00, 0xc0, 0x00, 0xff, 0xc0, 0xff, 0xc0, 0x0c, 0x00, 0x1e, 0x00, 0x33,
    0x00, 0x61, 0x80, 0x00, 0x00, 0xff, 0xc0, 0xff, 0xc0, 0xc0, 0x00, 0xc0, 0x00, 0xc0, 0x00, 0xc0,
    0x00, 0xc0, 0x00, 0xff, 0x80, 0xff, 0x80, 0xc0, 0x00, 0xc0, 0x00, 0xc0, 0x00, 0xc0, 0x00, 0xc0,
    0x00, 0xc0, 0x00, 0xff, 0xc0, 0xff, 0xc0, 0x33, 0x00, 0x33, 0x00, 0x00, 0x00, 0x00, 0x00, 0xff,
    0xc0, 0xff, 0xc0, 0xc0, 0x00, 0xc0, 0x00, 0xc0, 0x00, 0xc0, 0x00, 0xc0, 0x00, 0xff, 0x80, 0xff,
    0x80, 0xc0, 0x00, 0xc0, 0x00, 0xc0, 0x00, 0xc0, 0x00, 0xc0, 0x00, 0xc0, 0x00, 0xff, 0xc0, 0xff,
    0xc0, 0xe0, 0x60, 0x30, 0x18, 0x00, 0xfc, 0x78, 0x30, 0x30, 0x30, 0x30, 0x30, 0x30, 0x30, 0x30,
    0x30, 0x30, 0x30, 0x30, 0x30, 0x78, 0xfc, 0x0e, 0x1c, 0x18, 0x30, 0x00, 0xfc, 0x78, 0x30, 0x30,
    0x30, 0x30, 0x30, 0x30, 0x30, 0x30, 0x30, 0x30, 0x30, 0x30, 0x30, 0x78, 0xfc, 0x18, 0x3c, 0x66,
    0xc3, 0x00, 0x7e, 0x3c, 0x18, 0x18, 0x18, 0x18, 0x18, 0x18, 0x18, 0x18, 0x18, 0x18, 0x18, 0x18,
    0x18, 0x3c, 0x7e, 0xcc, 0xcc, 0x00, 0x00, 0xfc, 0x78, 0x30, 0x30, 0x30, 0x30, 0x30, 0x30, 0x30,
    0x30, 0x30, 0x30, 0x30, 0x30, 0x30, 0x78, 0xfc, 0x7f, 0xc0, 0x7f, 0xf0, 0x70, 0x38, 0x70, 0x1c,
    0x70, 0x0c, 0x70, 0x0e, 0x70, 0x06, 0x70, 0x06, 0xff, 0x06, 0xff, 0x06, 0x70, 0x06, 0x70, 0x0e,
    0x70, 0x0c, 0x70, 0x1c, 0x70, 0x38, 0x7f, 0xf0, 0x7f, 0xc0, 0x0e, 0x30, 0x1f, 0xe0, 0x11, 0xe0,
    0x00, 0x00, 0xe0, 0x0c, 0xf0, 0x0c, 0xf0, 0x0c, 0xd8, 0x0c, 0xdc, 0x0c, 0xcc, 0x0c, 0xc6, 0x0c,
    0xc7, 0x0c, 0xc3, 0x0c, 0xc1, 0x8c, 0xc1, 0xcc, 0xc0, 0xcc, 0xc0, 0xec, 0xc0, 0x7c, 0xc0, 0x3c,
    0xc0, 0x3c, 0xc0, 0x1c, 0x07, 0x00, 0x03, 0x00, 0x01, 0x80, 0x00, 0xc0, 0x00, 0x00, 0x07, 0xf0,
    0x1f, 0xf8, 0x38, 0x1c, 0x30, 0x06, 0x70, 0x07, 0x60, 0x03, 0x60, 0x03, 0xe0, 0x03, 0xe0, 0x03,
    0xe0, 0x03, 0x60, 0x03, 0x60, 0x03, 0x70, 0x07, 0x30, 0x06, 0x38, 0x1c, 0x1f, 0xf8, 0x07, 0xe0,
    0x00, 0x70, 0x00, 0xe0, 0x00, 0xc0, 0x01, 0x80, 0x00, 0x00, 0x07, 0xf0, 0x1f, 0xf8, 0x38, 0x1c,
    0x30, 0x06, 0x70, 0x07, 0x60, 0x03, 0x60, 0x03, 0xe0, 0x03, 0xe0, 0x03, 0xe0, 0x03, 0x60, 0x03,
    0x60, 0x03, 0x70, 0x07, 0x30, 0x06, 0x38, 0x1c, 0x1f, 0xf8, 0x07, 0xe0, 0x01, 0x80, 0x03, 0xc0,
    0x06, 0x60, 0x0c, 0x30, 0x00, 0x00, 0x07, 0xf0, 0x1f, 0xf8, 0x38, 0x1c, 0x30, 0x06, 0x70, 0x07,
    0x60, 0x03, 0x60, 0x03, 0xe0, 0x03, 0xe0, 0x03, 0xe0, 0x03, 0x60, 0x03, 0x60, 0x03, 0x70, 0x07,
    0x30, 0x06, 0x38, 0x1c, 0x1f, 0xf8, 0x07, 0xe0, 0x07, 0x18, 0x0f, 0xf0, 0x08, 0xf0, 0x00, 0x00,
    0x07, 0xf0, 0x1f, 0xf8, 0x38, 0x1c, 0x30, 0x06, 0x70, 0x07, 0x60, 0x03, 0x60, 0x03, 0xe0, 0x03,
    0xe0, 0x03, 0xe0, 0x03, 0x60, 0x03, 0x60, 0x03, 0x70, 0x07, 0x30, 0x06, 0x38, 0x1c, 0x1f, 0xf8,
    0x07, 0xe0, 0x06, 0x60, 0x06, 0x60, 0x00, 0x00, 0x00, 0x00, 0x07, 0xf0, 0x1f, 0xf8, 0x38, 0x1c,
    0x30, 0x06, 0x70, 0x07, 0x60, 0x03, 0x60, 0x03, 0xe0, 0x03, 0xe0, 0x03, 0xe0, 0x03, 0x60, 0x03,
    0x60, 0x03, 0x70, 0x07, 0x30, 0x06, 0x38, 0x1c, 0x1f, 0xf8, 0x07, 0xe0, 0x80, 0x80, 0xc0, 0xc0,
    0x61, 0x80, 0x33, 0x00, 0x1e, 0x00, 0x0c, 0x00, 0x1e, 0x00, 0x33, 0x00, 0x61, 0x80, 0xc0, 0xc0,
    0x80, 0x80, 0x00, 0x04, 0x07, 0xf6, 0x1f, 0xfe, 0x38, 0x1c, 0x30, 0x1e, 0x70, 0x37, 0x60, 0x73,
    0x60, 0x63, 0xe0, 0xc3, 0xe1, 0x83, 0xe1, 0x83, 0x63, 0x03, 0x66, 0x03, 0x7c, 0x07, 0x3c, 0x06,
    0x38, 0x1c, 0x3f, 0xf8, 0x77, 0xf0, 0x20, 0x00, 0x0e, 0x00, 0x06, 0x00, 0x03, 0x00, 0x01, 0x80,
    0x00, 0x00, 0xc0, 0x18, 0xc0, 0x18, 0xc0, 0x18, 0xc0, 0x18, 0xc0, 0x18, 0xc0, 0x18, 0xc0, 0x18,
    0xc0, 0x18, 0xc0, 0x18, 0xc0, 0x18, 0xc0, 0x18, 0xc0, 0x18, 0xe0, 0x18, 0x60, 0x18, 0x70, 0x30,
    0x3f, 0xe0, 0x0f, 0xc0, 0x00, 0xe0, 0x01, 0xc0, 0x01, 0x80, 0x03, 0x00, 0x00, 0x00, 0xc0, 0x18,
    0xc0, 0x18, 0xc0, 0x18, 0xc0, 0x18, 0xc0, 0x18, 0xc0, 0x18, 0xc0, 0x18, 0xc0, 0x18, 0xc0, 0x18,
    0xc0, 0x18, 0xc0, 0x18, 0xc0, 0x18, 0xe0, 0x18, 0x60, 0x18, 0x70, 0x30, 0x3f, 0xe0, 0x0f, 0xc0,
    0x03, 0x00, 0x07, 0x80, 0x0c, 0xc0, 0x18, 0x60, 0x00, 0x00, 0xc0, 0x18, 0xc0, 0x18, 0xc0, 0x18,
    0xc0, 0x18, 0xc0, 0x18, 0xc0, 0x18, 0xc0, 0x18, 0xc0, 0x18, 0xc0, 0x18, 0xc0, 0x18, 0xc0, 0x18,
    0xc0, 0x18, 0xe0, 0x18, 0x60, 0x18, 0x70, 0x30, 0x3f, 0xe0, 0x0f, 0xc0, 0x0c, 0xc0, 0x0c, 0xc0,
    0x00, 0x00, 0x00, 0x00, 0xc0, 0x18, 0xc0, 0x18, 0xc0, 0x18, 0xc0, 0x18, 0xc0, 0x18, 0xc0, 0x18,
    0xc0, 0x18, 0xc0, 0x18, 0xc0, 0x18, 0xc0, 0x18, 0xc0, 0x18, 0xc0, 0x18, 0xe0, 0x18, 0x60, 0x18,
    0x70, 0x30, 0x3f, 0xe0, 0x0f, 0xc0, 0x00, 0xe0, 0x01, 0xc0, 0x01, 0x80, 0x03, 0x00, 0x00, 0x00,
    0xe0, 0x1c, 0x60, 0x38, 0x70, 0x30, 0x30, 0x70, 0x38, 0x60, 0x18, 0xe0, 0x0c, 0xc0, 0x0d, 0x80,
    0x07, 0x80, 0x07, 0x00, 0x03, 0x00, 0x03, 0x00, 0x03, 0x00, 0x03, 0x00, 0x03, 0x00, 0x03, 0x00,
    0x03, 0x00, 0xc0, 0x00, 0xc0, 0x00, 0xc0, 0x00, 0xff, 0x00, 0xff, 0xc0, 0xc0, 0xe0, 0xc0, 0x60,
    0xc0, 0x60, 0xc0, 0x60, 0xc0, 0x60, 0xc0, 0xe0, 0xff, 0xc0, 0xff, 0x00, 0xc0, 0x00, 0xc0, 0x00,
    0xc0, 0x00, 0xc0, 0x00, 0x3f, 0x00, 0x7f, 0xc0, 0xe0, 0xc0, 0xc0, 0xe0, 0xc0, 0xc0, 0xc1, 0xc0,
    0xc3, 0x80, 0xc6, 0x00, 0xc6, 0x00, 0xc7, 0x00, 0xc3, 0xc0, 0xc0, 0xe0, 0xc0, 0x70, 0xc0, 0x30,
    0xc0, 0x30, 0xc8, 0x30, 0xcf, 0xe0, 0xc7, 0xc0, 0x1c, 0x00, 0x0c, 0x00, 0x06, 0x00, 0x03, 0x00,
    0x00, 0x00, 0x1f, 0x80, 0x3f, 0xc0, 0x20, 0xc0, 0x00, 0xc0, 0x00, 0xe0, 0x0f, 0xe0, 0x7f, 0xe0,
    0xe0, 0xe0, 0xc0, 0xe0, 0xc0, 0xe0, 0xe1, 0xe0, 0x7f, 0x60, 0x3e, 0x60, 0x01, 0xc0, 0x03, 0x80,
    0x03, 0x00, 0x06, 0x00, 0x00, 0x00, 0x1f, 0x80, 0x3f, 0xc0, 0x20, 0xc0, 0x00, 0xc0, 0x00, 0xe0,
    0x0f, 0xe0, 0x7f, 0xe0, 0xe0, 0xe0, 0xc0, 0xe0, 0xc0, 0xe0, 0xe1, 0xe0, 0x7f, 0x60, 0x3e, 0x60,
    0x06, 0x00, 0x0f, 0x00, 0x19, 0x80, 0x30, 0xc0, 0x00, 0x00, 0x1f, 0x80, 0x3f, 0xc0, 0x20, 0xc0,
    0x00, 0xc0, 0x00, 0xe0, 0x0f, 0xe0, 0x7f, 0xe0, 0xe0, 0xe0, 0xc0, 0xe0, 0xc0, 0xe0, 0xe1, 0xe0,
    0x7f, 0x60, 0x3e, 0x60, 0x38, 0xc0, 0x7f, 0x80, 0x47, 0x80, 0x00, 0x00, 0x1f, 0x80, 0x3f, 0xc0,
    0x20, 0xc0, 0x00, 0xc0, 0x00, 0xe0, 0x0f, 0xe0, 0x7f, 0xe0, 0xe0, 0xe0, 0xc0, 0xe0, 0xc0, 0xe0,
    0xe1, 0xe0, 0x7f, 0x60, 0x3e, 0x60, 0x19, 0x80, 0x19, 0x80, 0x00, 0x00, 0x00, 0x00, 0x1f, 0x80,
    0x3f, 0xc0, 0x20, 0xc0, 0x00, 0xc0, 0x00, 0xe0, 0x0f, 0xe0, 0x7f, 0xe0, 0xe0, 0xe0, 0xc0, 0xe0,
    0xc0, 0xe0, 0xe1, 0xe0, 0x7f, 0x60, 0x3e, 0x60, 0x0e, 0x00, 0x19, 0x00, 0x11, 0x00, 0x19, 0x00,
    0x0e, 0x00, 0x00, 0x00, 0x00, 0x00, 0x1f, 0x80, 0x3f, 0xc0, 0x20, 0xc0, 0x00, 0xc0, 0x00, 0xe0,
    0x0f, 0xe0, 0x7f, 0xe0, 0xe0, 0xe0, 0xc0, 0xe0, 0xc0, 0xe0, 0xe1, 0xe0, 0x7f, 0x60, 0x3e, 0x60,
    0x1f, 0x1f, 0x00, 0x7f, 0xbf, 0x80, 0x40, 0xe1, 0xc0, 0x00, 0xe0, 0xc0, 0x00, 0xc0, 0xc0, 0x1f,
    0xff, 0xe0, 0x7f, 0xff, 0xe0, 0xe0, 0xc0, 0x00, 0xc0, 0xc0, 0x00, 0xc0, 0xe0, 0x00, 0xe1, 0xf0,
    0x40, 0x7f, 0x3f, 0xc0, 0x3e, 0x1f, 0x80, 0x0f, 0xc0, 0x3f, 0x80, 0x70, 0x00, 0x60, 0x00, 0xe0,
    0x00, 0xe0, 0x00, 0xe0, 0x00, 0xe0, 0x00, 0xe0, 0x00, 0x60, 0x00, 0x70, 0x00, 0x3f, 0xc0, 0x1f,
    0x80, 0x04, 0x00, 0x0e, 0x00, 0x03, 0x00, 0x03, 0x00, 0x1e, 0x00, 0x1c, 0x00, 0x0c, 0x00, 0x06,
    0x00, 0x03, 0x00, 0x00, 0x00, 0x0f, 0x80, 0x3f, 0xc0, 0x70, 0xe0, 0x60, 0x60, 0x60, 0x60, 0xff,
    0xe0, 0xff, 0xe0, 0xe0, 0x00, 0xe0, 0x00, 0x60, 0x00, 0x70, 0x20, 0x3f, 0xe0, 0x0f, 0xc0, 0x01,
    0xc0, 0x03, 0x80, 0x03, 0x00, 0x06, 0x00, 0x00, 0x00, 0x0f, 0x80, 0x3f, 0xc0, 0x70, 0xe0, 0x60,
    0x60, 0x60, 0x60, 0xff, 0xe0, 0xff, 0xe0, 0xe0, 0x00, 0xe0, 0x00, 0x60, 0x00, 0x70, 0x20, 0x3f,
    0xe0, 0x0f, 0xc0, 0x06, 0x00, 0x0f, 0x00, 0x19, 0x80, 0x30, 0xc0, 0x00, 0x00, 0x0f, 0x80, 0x3f,
    0xc0, 0x70, 0xe0, 0x60, 0x60, 0x60, 0x60, 0xff, 0xe0, 0xff, 0xe0, 0xe0, 0x00, 0xe0, 0x00, 0x60,
    0x00, 0x70, 0x20, 0x3f, 0xe0, 0x0f, 0xc0, 0x19, 0x80, 0x19, 0x80, 0x00, 0x00, 0x00, 0x00, 0x0f,
    0x80, 0x3f, 0xc0, 0x70, 0xe0, 0x60, 0x60, 0x60, 0x60, 0xff, 0xe0, 0xff, 0xe0, 0xe0, 0x00, 0xe0,
    0x00, 0x60, 0x00, 0x70, 0x20, 0x3f, 0xe0, 0x0f, 0xc0, 0xe0, 0x60, 0x30, 0x18, 0x00, 0x30, 0x30,
    0x30, 0x30, 0x30, 0x30, 0x30, 0x30, 0x30, 0x30, 0x30, 0x30, 0x30, 0x38, 0x70, 0x60, 0xc0, 0x00,
    0xc0, 0xc0, 0xc0, 0xc0, 0xc0, 0xc0, 0xc0, 0xc0, 0xc0, 0xc0, 0xc0, 0xc0, 0xc0, 0x18, 0x3c, 0x66,
    0xc3, 0x00, 0x18, 0x18, 0x18, 0x18, 0x18, 0x18, 0x18, 0x18, 0x18, 0x18, 0x18, 0x18, 0x18, 0xcc,
    0xcc, 0x00, 0x00, 0x30, 0x30, 0x30, 0x30, 0x30, 0x30, 0x30, 0x30, 0x30, 0x30, 0x30, 0x30, 0x30,
    0x08, 0x40, 0x1c, 0xe0, 0x07, 0xc0, 0x07, 0x80, 0x1d, 0xc0, 0x10, 0xc0, 0x00, 0x60, 0x0f, 0x60,
    0x3f, 0xf0, 0x70, 0xf0, 0x60, 0x70, 0xe0, 0x30, 0xc0, 0x30, 0xc0, 0x30, 0xe0, 0x30, 0x60, 0x30,
    0x70, 0x60, 0x3f, 0xc0, 0x0f, 0x80, 0x38, 0xc0, 0x7f, 0x80, 0x47, 0x80, 0x00, 0x00, 0xcf, 0x80,
    0xdf, 0xc0, 0xe0, 0xe0, 0xe0, 0x60, 0xc0, 0x60, 0xc0, 0x60, 0xc0, 0x60, 0xc0, 0x60, 0xc0, 0x60,
    0xc0, 0x60, 0xc0, 0x60, 0xc0, 0x60, 0xc0, 0x60, 0x1c, 0x00, 0x0c, 0x00, 0x06, 0x00, 0x03, 0x00,
    0x00, 0x00, 0x0f, 0x80, 0x3f, 0xc0, 0x70, 0x60, 0x60, 0x70, 0xe0, 0x30, 0xe0, 0x30, 0xe0, 0x30,
    0xe0, 0x30, 0x60, 0x30, 0x60, 0x70, 0x70, 0x60, 0x3f, 0xc0, 0x0f, 0x80, 0x01, 0xc0, 0x03, 0x80,
    0x03, 0x00, 0x06, 0x00, 0x00, 0x00, 0x0f, 0x80, 0x3f, 0xc0, 0x70, 0x60, 0x60, 0x70, 0xe0, 0x30,
    0xe0, 0x30, 0xe0, 0x30, 0xe0, 0x30, 0x60, 0x30, 0x60, 0x70, 0x70, 0x60, 0x3f, 0xc0, 0x0f, 0x80,
    0x06, 0x00, 0x0f, 0x00, 0x19, 0x80, 0x30, 0xc0, 0x00, 0x00, 0x0f, 0x80, 0x3f, 0xc0, 0x70, 0x60,
    0x60, 0x70, 0xe0, 0x30, 0xe0, 0x30, 0xe0, 0x30, 0xe0, 0x30, 0x60, 0x30, 0x60, 0x70, 0x70, 0x60,
    0x3f, 0xc0, 0x0f, 0x80, 0x1c, 0x60, 0x3f, 0xc0, 0x23, 0xc0, 0x00, 0x00, 0x0f, 0x80, 0x3f, 0xc0,
    0x70, 0x60, 0x60, 0x70, 0xe0, 0x30, 0xe0, 0x30, 0xe0, 0x30, 0xe0, 0x30, 0x60, 0x30, 0x60, 0x70,
    0x70, 0x60, 0x3f, 0xc0, 0x0f, 0x80, 0x19, 0x80, 0x19, 0x80, 0x00, 0x00, 0x00, 0x00, 0x0f, 0x80,
    0x3f, 0xc0, 0x70, 0x60, 0x60, 0x70, 0xe0, 0x30, 0xe0, 0x30, 0xe0, 0x30, 0xe0, 0x30, 0x60, 0x30,
    0x60, 0x70, 0x70, 0x60, 0x3f, 0xc0, 0x0f, 0x80, 0x06, 0x00, 0x0e, 0x00, 0x06, 0x00, 0x00, 0x00,
    0x00, 0x00, 0xff, 0xf0, 0xff, 0xf0, 0x00, 0x00, 0x06, 0x00, 0x0e, 0x00, 0x06, 0x00, 0x0f, 0xb0,
    0x3f, 0xe0, 0x70, 0xe0, 0x60, 0xf0, 0xe1, 0xb0, 0xe3, 0x30, 0xe6, 0x30, 0xe6, 0x30, 0xec, 0x30,
    0x78, 0x70, 0x70, 0x60, 0x3f, 0xc0, 0x6f, 0x80, 0x20, 0x00, 0x38, 0x00, 0x18, 0x00, 0x0c, 0x00,
    0x06, 0x00, 0x00, 0x00, 0xc0, 0x60, 0xc0, 0x60, 0xc0, 0x60, 0xc0, 0x60, 0xc0, 0x60, 0xc0, 0x60,
    0xc0, 0x60, 0xc0, 0x60, 0xc0, 0xe0, 0xc0, 0xe0, 0xe1, 0xe0, 0x7f, 0x60, 0x3e, 0x60, 0x03, 0x80,
    0x07, 0x00, 0x06, 0x00, 0x0c, 0x00, 0x00, 0x00, 0xc0, 0x60, 0xc0, 0x60, 0xc0, 0x60, 0xc0, 0x60,
    0xc0, 0x60, 0xc0, 0x60, 0xc0, 0x60, 0xc0, 0x60, 0xc0, 0xe0, 0xc0, 0xe0, 0xe1, 0xe0, 0x7f, 0x60,
    0x3e, 0x60, 0x0c, 0x00, 0x1e, 0x00, 0x33, 0x00, 0x61, 0x80, 0x00, 0x00, 0xc0, 0x60, 0xc0, 0x60,
    0xc0, 0x60, 0xc0, 0x60, 0xc0, 0x60, 0xc0, 0x60, 0xc0, 0x60, 0xc0, 0x60, 0xc0, 0xe0, 0xc0, 0xe0,
    0xe1, 0xe0, 0x7f, 0x60, 0x3e, 0x60, 0x33, 0x00, 0x33, 0x00, 0x00, 0x00, 0x00, 0x00, 0xc0, 0x60,
    0xc0, 0x60, 0xc0, 0x60, 0xc0, 0x60, 0xc0, 0x60, 0xc0, 0x60, 0xc0, 0x60, 0xc0, 0x60, 0xc0, 0xe0,
    0xc0, 0xe0, 0xe1, 0xe0, 0x7f, 0x60, 0x3e, 0x60, 0x01, 0xc0, 0x03, 0x80, 0x03, 0x00, 0x06, 0x00,
    0x00, 0x00, 0xc0, 0x30, 0x60, 0x70, 0x60, 0x60, 0x70, 0x60, 0x30, 0xe0, 0x30, 0xc0, 0x18, 0xc0,
    0x19, 0x80, 0x19, 0x80, 0x0d, 0x80, 0x0f, 0x00, 0x07, 0x00, 0x07, 0x00, 0x06, 0x00, 0x06, 0x00,
    0x0c, 0x00, 0x0c, 0x00, 0xf8, 0x00, 0xf0, 0x00, 0xc0, 0x00, 0xc0, 0x00, 0xc0, 0x00, 0xc0, 0x00,
    0xc0, 0x00, 0xcf, 0x80, 0xdf, 0xc0, 0xe0, 0xe0, 0xe0, 0x60, 0xc0, 0x60, 0xc0, 0x60, 0xc0, 0x60,
    0xc0, 0x60, 0xc0, 0x60, 0xe0, 0x60, 0xe0, 0xe0, 0xff, 0xc0, 0xcf, 0x00, 0xc0, 0x00, 0xc0, 0x00,
    0xc0, 0x00, 0xc0, 0x00, 0xc0, 0x00, 0xc0, 0x00, 0x19, 0x80, 0x19, 0x80, 0x00, 0x00, 0x00, 0x00,
    0xc0, 0x30, 0x60, 0x70, 0x60, 0x60, 0x70, 0x60, 0x30, 0xe0, 0x30, 0xc0, 0x18, 0xc0, 0x19, 0x80,
    0x19, 0x80, 0x0d, 0x80, 0x0f, 0x00, 0x07, 0x00, 0x07, 0x00, 0x06, 0x00, 0x06, 0x00, 0x0c, 0x00,
    0x0c, 0x00, 0xf8, 0x00, 0xf0, 0x00,
};
static const recipe_glyph_t glyphs_regular_24[] = {
    {6, 0, 0, 0, 0, 0},  // 0x20
    {6, 2, 17, 3, 17, 0},  // 0x21
    {10, 2, 17, 6, 6, 17},  // 0x22
    {16, 1, 17, 14, 17, 23},  // 0x23
    {14, 1, 18, 11, 19, 57},  // 0x24
    {20, 1, 17, 18, 17, 95},  // 0x25
    {18, 1, 17, 17, 17, 146},  // 0x26
    {5, 2, 17, 2, 6, 197},  // 0x27
    {7, 1, 17, 5, 20, 203},  // 0x28
    {7, 1, 17, 5, 20, 223},  // 0x29
    {13, 1, 18, 11, 11, 243},  // 0x2A
    {14, 1, 15, 11, 12, 265},  // 0x2B
    {6, 1, 3, 4, 6, 289},  // 0x2C
    {8, 1, 7, 6, 2, 295},  // 0x2D
    {6, 2, 3, 3, 3, 297},  // 0x2E
    {9, 0, 17, 9, 17, 300},  // 0x2F
    {14, 1, 17, 12, 17, 334},  // 0x30
    {14, 2, 17, 7, 17, 368},  // 0x31
    {14, 1, 17, 11, 17, 385},  // 0x32
    {14, 1, 17, 11, 17, 419},  // 0x33
    {14, 0, 17, 13, 17, 453},  // 0x34
    {14, 2, 17, 10, 17, 487},  // 0x35
    {14, 1, 17, 12, 17, 521},  // 0x36
    {14, 1, 17, 12, 17, 555},  // 0x37
    {14, 1, 17, 12, 17, 589},  // 0x38
    {14, 1, 17, 11, 17, 623},  // 0x39
    {6, 2, 13, 3, 13, 657},  // 0x3A
    {6, 1, 13, 4, 16, 670},  // 0x3B
    {14, 1, 15, 12, 12, 686},  // 0x3C
    {14, 1, 12, 11, 7, 710},  // 0x3D
    {14, 1, 15, 12, 12, 724},  // 0x3E
    {10, 0, 17, 10, 17, 748},  // 0x3F
    {22, 1, 17, 19, 19, 782},  // 0x40
    {15, 0, 17, 15, 17, 839},  // 0x41
    {16, 2, 17, 12, 17, 873},  // 0x42
    {15, 1, 17, 13, 17, 907},  // 0x43
    {18, 2, 17, 14, 17, 941},  // 0x44
    {13, 2, 17, 10, 17, 975},  // 0x45
    {12, 2, 17, 10, 17, 1009},  // 0x46
    {17, 1, 17, 15, 17, 1043},  // 0x47
    {18, 2, 17, 13, 17, 1077},  // 0x48
    {8, 1, 17, 6, 17, 1111},  // 0x49
    {7, -2, 17, 6, 22, 1128},  // 0x4A
    {15, 2, 17, 13, 17, 1150},  // 0x4B
    {13, 2, 17, 10, 17, 1184},  // 0x4C
    {22, 2, 17, 17, 17, 1218},  // 0x4D
    {18, 2, 17, 14, 17, 1269},  // 0x4E
    {19, 1, 17, 16, 17, 1303},  // 0x4F
    {15, 2, 17, 11, 17, 1337},  // 0x50
    {19, 1, 17, 16, 21, 1371},  // 0x51
    {15, 2, 17, 13, 17, 1413},  // 0x52
    {13, 1, 17, 11, 17, 1447},  // 0x53
    {13, 0, 17, 13, 17, 1481},  // 0x54
    {18, 2, 17, 13, 17, 1515},  // 0x55
    {14, 0, 17, 14, 17, 1549},  // 0x56
    {22, 0, 17, 22, 17, 1583},  // 0x57
    {14, 0, 17, 14, 17, 1634},  // 0x58
    {14, 0, 17, 14, 17, 1668},  // 0x59
    {14, 1, 17, 12, 17, 1702},  // 0x5A
    {8, 2, 17, 5, 21, 1736},  // 0x5B
    {9, 0, 17, 9, 17, 1757},  // 0x5C
    {8, 1, 17, 5, 21, 1791},  // 0x5D
    {14, 1, 17, 12, 11, 1812},  // 0x5E
    {11, -1, -2, 11, 2, 1834},  // 0x5F
    {7, 1, 18, 5, 4, 1838},  // 0x60
    {13, 1, 13, 11, 13, 1842},  // 0x61
    {15, 2, 18, 11, 18, 1868},  // 0x62
    {12, 1, 13, 10, 13, 1904},  // 0x63
    {15, 1, 18, 12, 18, 1930},  // 0x64
    {14, 1, 13, 11, 13, 1966},  // 0x65
    {8, 0, 18, 9, 18, 1992},  // 0x66
    {15, 1, 13, 12, 19, 2028},  // 0x67
    {15, 2, 18, 11, 18, 2066},  // 0x68
    {6, 2, 18, 2, 18, 2102},  // 0x69
    {6, -2, 18, 5, 24, 2120},  // 0x6A
    {13, 2, 18, 11, 18, 2144},  // 0x6B
    {6, 2, 18, 2, 18, 2180},  // 0x6C
    {22, 2, 13, 19, 13, 2198},  // 0x6D
    {15, 2, 13, 11, 13, 2237},  // 0x6E
    {15, 1, 13, 12, 13, 2263},  // 0x6F
    {15, 2, 13, 11, 19, 2289},  // 0x70
    {15, 1, 13, 12, 19, 2327},  // 0x71
    {10, 2, 13, 8, 13, 2365},  // 0x72
    {12, 1, 13, 9, 13, 2378},  // 0x73
    {9, 0, 16, 8, 16, 2404},  // 0x74
    {15, 2, 13, 11, 13, 2420},  // 0x75
    {12, 0, 13, 12, 13, 2446},  // 0x76
    {19, 0, 13, 19, 13, 2472},  // 0x77
    {13, 0, 13, 12, 13, 2511},  // 0x78
    {12, 0, 13, 12, 19, 2537},  // 0x79
    {11, 1, 13, 9, 13, 2575},  // 0x7A
    {9, 1, 17, 7, 21, 2601},  // 0x7B
    {13, 6, 18, 1, 24, 2622},  // 0x7C
    {9, 1, 17, 7, 21, 2646},  // 0x7D
    {14, 1, 10, 12, 3, 2667},  // 0x7E
    {14, 2, 17, 10, 17, 2673},  // 0x7F
    {14, 1, 17, 12, 17, 2707},  // 0x80
    {0, 0, 0, 0, 0, 0},  // 0x81
    {6, 0, 3, 4, 6, 2741},  // 0x82
    {10, -1, 18, 11, 24, 2747},  // 0x83
    {10, 0, 3, 8, 6, 2795},  // 0x84
    {19, 2, 3, 16, 3, 2801},  // 0x85
    {12, 2, 18, 9, 18, 2807},  // 0x86
    {12, 1, 18, 10, 18, 2843},  // 0x87
    {10, 1, 18, 8, 4, 2879},  // 0x88
    {28, 1, 17, 26, 17, 2883},  // 0x89
    {13, 1, 22, 11, 22, 2951},  // 0x8A
    {7, 1, 12, 6, 10, 2995},  // 0x8B
    {22, 1, 17, 20, 17, 3005},  // 0x8C
    {0, 0, 0, 0, 0, 0},  // 0x8D
    {14, 1, 22, 12, 22, 3056},  // 0x8E
    {0, 0, 0, 0, 0, 0},  // 0x8F
    {0, 0, 0, 0, 0, 0},  // 0x90
    {4, 0, 17, 4, 6, 3100},  // 0x91
    {4, 0, 17, 4, 6, 3106},  // 0x92
    {9, 0, 17, 8, 6, 3112},  // 0x93
    {9, 0, 17, 8, 6, 3118},  // 0x94
    {9, 2, 12, 5, 6, 3124},  // 0x95
    {12, 1, 7, 10, 2, 3130},  // 0x96
    {24, 1, 7, 22, 2, 3134},  // 0x97
    {11, 1, 17, 9, 3, 3140},  // 0x98
    {19, 0, 17, 17, 8, 3146},  // 0x99
    {12, 1, 18, 9, 18, 3170},  // 0x9A
    {7, 1, 12, 5, 10, 3206},  // 0x9B
    {23, 1, 13, 20, 13, 3216},  // 0x9C
    {0, 0, 0, 0, 0, 0},  // 0x9D
    {11, 1, 18, 9, 18, 3255},  // 0x9E
    {14, 0, 21, 14, 21, 3291},  // 0x9F
    {6, 0, 0, 0, 0, 3333},  // 0xA0
    {6, 2, 13, 3, 17, 3333},  // 0xA1
    {14, 2, 17, 10, 17, 3350},  // 0xA2
    {14, 1, 17, 12, 17, 3384},  // 0xA3
    {14, 1, 14, 11, 11, 3418},  // 0xA4
    {14, 0, 17, 13, 17, 3440},  // 0xA5
    {13, 6, 18, 1, 24, 3474},  // 0xA6
    {12, 1, 18, 10, 18, 3498},  // 0xA7
    {14, 4, 17, 6, 2, 3534},  // 0xA8
    {20, 1, 18, 18, 18, 3536},  // 0xA9
    {9, 1, 17, 6, 7, 3590},  // 0xAA
    {12, 1, 12, 10, 10, 3597},  // 0xAB
    {14, 1, 10, 11, 6, 3617},  // 0xAC
    {8, 1, 7, 6, 2, 3629},  // 0xAD
    {20, 1, 18, 18, 18, 3631},  // 0xAE
    {12, -1, 20, 12, 2, 3685},  // 0xAF
    {10, 1, 18, 8, 8, 3689},  // 0xB0
    {14, 1, 14, 12, 14, 3697},  // 0xB1
    {8, 1, 21, 6, 10, 3725},  // 0xB2
    {8, 0, 21, 8, 10, 3735},  // 0xB3
    {7, 1, 18, 5, 4, 3745},  // 0xB4
    {15, 2, 13, 11, 19, 3749},  // 0xB5
    {16, 1, 18, 12, 22, 3787},  // 0xB6
    {6, 2, 10, 3, 3, 3831},  // 0xB7
    {5, 0, 1, 5, 5, 3834},  // 0xB8
    {8, 1, 20, 5, 10, 3839},  // 0xB9
    {9, 1, 17, 7, 8, 3849},  // 0xBA
    {12, 1, 12, 10, 10, 3857},  // 0xBB
    {18, 1, 17, 17, 17, 3877},  // 0xBC
    {19, 1, 17, 16, 17, 3928},  // 0xBD
    {19, 0, 18, 19, 18, 3962},  // 0xBE
    {10, 1, 13, 9, 17, 4016},  // 0xBF
    {15, 0, 22, 15, 22, 4050},  // 0xC0
    {15, 0, 22, 15, 22, 4094},  // 0xC1
    {15, 0, 22, 15, 22, 4138},  // 0xC2
    {15, 0, 21, 15, 21, 4182},  // 0xC3
    {15, 0, 21, 15, 21, 4224},  // 0xC4
    {15, 0, 21, 15, 21, 4266},  // 0xC5
    {21, -1, 17, 20, 17, 4308},  // 0xC6
    {15, 1, 17, 13, 22, 4359},  // 0xC7
    {13, 2, 22, 10, 22, 4403},  // 0xC8
    {13, 2, 22, 10, 22, 4447},  // 0xC9
    {13, 2, 22, 10, 22, 4491},  // 0xCA
    {13, 2, 21, 10, 21, 4535},  // 0xCB
    {8, 1, 22, 6, 22, 4577},  // 0xCC
    {8, 1, 22, 7, 22, 4599},  // 0xCD
    {8, -1, 22, 8, 22, 4621},  // 0xCE
    {8, 1, 21, 6, 21, 4643},  // 0xCF
    {18, 1, 17, 15, 17, 4664},  // 0xD0
    {18, 2, 21, 14, 21, 4698},  // 0xD1
    {19, 1, 22, 16, 22, 4740},  // 0xD2
    {19, 1, 22, 16, 22, 4784},  // 0xD3
    {19, 1, 22, 16, 22, 4828},  // 0xD4
    {19, 1, 21, 16, 21, 4872},  // 0xD5
    {19, 1, 21, 16, 21, 4914},  // 0xD6
    {14, 2, 14, 10, 11, 4956},  // 0xD7
    {19, 1, 18, 16, 19, 4978},  // 0xD8
    {18, 2, 22, 13, 22, 5016},  // 0xD9
    {18, 2, 22, 13, 22, 5060},  // 0xDA
    {18, 2, 22, 13, 22, 5104},  // 0xDB
    {18, 2, 21, 13, 21, 5148},  // 0xDC
    {14, 0, 22, 14, 22, 5190},  // 0xDD
    {15, 2, 17, 11, 17, 5234},  // 0xDE
    {15, 2, 18, 12, 18, 5268},  // 0xDF
    {13, 1, 18, 11, 18, 5304},  // 0xE0
    {13, 1, 18, 11, 18, 5340},  // 0xE1
    {13, 1, 18, 11, 18, 5376},  // 0xE2
    {13, 1, 17, 11, 17, 5412},  // 0xE3
    {13, 1, 17, 11, 17, 5446},  // 0xE4
    {13, 1, 20, 11, 20, 5480},  // 0xE5
    {21, 1, 13, 19, 13, 5520},  // 0xE6
    {12, 1, 13, 10, 18, 5559},  // 0xE7
    {14, 1, 18, 11, 18, 5595},  // 0xE8
    {14, 1, 18, 11, 18, 5631},  // 0xE9
    {14, 1, 18, 11, 18, 5667},  // 0xEA
    {14, 1, 17, 11, 17, 5703},  // 0xEB
    {6, -1, 18, 5, 18, 5737},  // 0xEC
    {6, 2, 18, 5, 18, 5755},  // 0xED
    {6, -2, 18, 8, 18, 5773},  // 0xEE
    {6, -1, 17, 6, 17, 5791},  // 0xEF
    {15, 1, 19, 12, 19, 5808},  // 0xF0
    {15, 2, 17, 11, 17, 5846},  // 0xF1
    {15, 1, 18, 12, 18, 5880},  // 0xF2
    {15, 1, 18, 12, 18, 5916},  // 0xF3
    {15, 1, 18, 12, 18, 5952},  // 0xF4
    {15, 1, 17, 12, 17, 5988},  // 0xF5
    {15, 1, 17, 12, 17, 6022},  // 0xF6
    {14, 1, 14, 12, 11, 6056},  // 0xF7
    {15, 1, 14, 12, 14, 6078},  // 0xF8
    {15, 2, 18, 11, 18, 6106},  // 0xF9
    {15, 2, 18, 11, 18, 6142},  // 0xFA
    {15, 2, 18, 11, 18, 6178},  // 0xFB
    {15, 2, 17, 11, 17, 6214},  // 0xFC
    {12, 0, 18, 12, 24, 6248},  // 0xFD
    {15, 2, 18, 11, 24, 6296},  // 0xFE
    {12, 0, 17, 12, 23, 6344},  // 0xFF
};
static const uint8_t bits_regular_30[] = {
    0xf0, 0x70, 0x70, 0x60, 0x60, 0x60, 0x60, 0x60, 0x60, 0x60, 0x60, 0x60, 0x60, 0x60, 0x60, 0x60,
    0x00, 0x00, 0x60, 0xf0, 0xf0, 0x60, 0xe7, 0xe3, 0xe3, 0xe3, 0xc3, 0xc3, 0xc3, 0x43, 0x03, 0x86,
    0x00, 0x03, 0x06, 0x00, 0x03, 0x0e, 0x00, 0x03, 0x0c, 0x00, 0x03, 0x0c, 0x00, 0x07, 0x0c, 0x00,
    0x7f, 0xff, 0xc0, 0x7f, 0xff, 0xc0, 0x06, 0x18, 0x00, 0x06, 0x18, 0x00, 0x0e, 0x18, 0x00, 0x0c,
    0x18, 0x00, 0x0c, 0x38, 0x00, 0xff, 0xff, 0x80, 0xff, 0xff, 0x80, 0x1c, 0x30, 0x00, 0x18, 0x30,
    0x00, 0x18, 0x30, 0x00, 0x18, 0x70, 0x00, 0x18, 0x60, 0x00, 0x18, 0x60, 0x00, 0x38, 0x60, 0x00,
    0x03, 0x00, 0x03, 0x00, 0x03, 0x00, 0x3f, 0xf0, 0x7f, 0xf8, 0xf3, 0x70, 0xe3, 0x00, 0xc3, 0x00,
    0xe3, 0x00, 0xe3, 0x00, 0x7b, 0x00, 0x7f, 0x00, 0x1f, 0xe0, 0x03, 0xf0, 0x03, 0x78, 0x03, 0x38,
    0x03, 0x18, 0x03, 0x18, 0x83, 0x38, 0xf3, 0xf8, 0xff, 0xf0, 0x7f, 0x80, 0x03, 0x00, 0x03, 0x00,
    0x03, 0x00, 0x1e, 0x00, 0xe0, 0x3f, 0x01, 0xc0, 0x73, 0x81, 0x80, 0x61, 0x83, 0x80, 0x61, 0x83,
    0x00, 0xe1, 0x87, 0x00, 0xe1, 0x86, 0x00, 0xe1, 0x8e, 0x00, 0x61, 0x8c, 0xf0, 0x61, 0x99, 0xf8,
    0x73, 0x9b, 0x9c, 0x3f, 0x33, 0x0c, 0x3e, 0x73, 0x0c, 0x00, 0x63, 0x0c, 0x00, 0xe3, 0x0c, 0x00,
    0xc3, 0x0c, 0x01, 0xc3, 0x0c, 0x01, 0x83, 0x0c, 0x03, 0x83, 0x0c, 0x03, 0x03, 0x9c, 0x07, 0x01,
    0xf8, 0x0e, 0x00, 0xf0, 0x0f, 0xc0, 0x00, 0x1f, 0xe0, 0x00, 0x3c, 0xf0, 0x00, 0x30, 0x70, 0x00,
    0x30, 0x30, 0x00, 0x30, 0x30, 0x00, 0x38, 0x70, 0x00, 0x38, 0xe0, 0x00, 0x1d, 0xc0, 0x00, 0x0f,
    0x80, 0x00, 0x1f, 0x00, 0x00, 0x3f, 0x80, 0xe0, 0x71, 0xc1, 0xc0, 0xe0, 0xe1, 0xc0, 0xe0, 0x71,
    0x80, 0xc0, 0x3f, 0x80, 0xc0, 0x1f, 0x00, 0xe0, 0x0f, 0x00, 0xe0, 0x1f, 0x80, 0x78, 0x7b, 0x80,
    0x7f, 0xf1, 0xc0, 0x1f, 0xc0, 0xf0, 0xe0, 0xe0, 0xe0, 0xe0, 0xc0, 0xc0, 0xc0, 0x40, 0x0e, 0x1c,
    0x1c, 0x38, 0x38, 0x30, 0x70, 0x70, 0x60, 0x60, 0xe0, 0xe0, 0xe0, 0xe0, 0xe0, 0xe0, 0xe0, 0xe0,
    0x60, 0x70, 0x70, 0x70, 0x38, 0x38, 0x1c, 0x1c, 0x0e, 0xe0, 0x70, 0x70, 0x38, 0x38, 0x18, 0x1c,
    0x1c, 0x0c, 0x0c, 0x0e, 0x0e, 0x0e, 0x0e, 0x0e, 0x0e, 0x0e, 0x0c, 0x0c, 0x1c, 0x1c, 0x18, 0x38,
    0x38, 0x70, 0x70, 0xe0, 0x03, 0x80, 0x03, 0x80, 0x03, 0x00, 0x03, 0x00, 0x83, 0x04, 0xfb, 0x3c,
    0xff, 0xfc, 0x0f, 0xc0, 0x07, 0x80, 0x0e, 0xc0, 0x0c, 0xe0, 0x1c, 0x70, 0x3c, 0x70, 0x08, 0x60,
    0x03, 0x80, 0x03, 0x80, 0x03, 0x80, 0x03, 0x80, 0x03, 0x80, 0x03, 0x80, 0xff, 0xfe, 0xff, 0xfe,
    0x03, 0x80, 0x03, 0x80, 0x03, 0x80, 0x03, 0x80, 0x03, 0x80, 0x03, 0x80, 0x03, 0x80, 0x38, 0x38,
    0x70, 0x70, 0x70, 0x60, 0x60, 0xc0, 0xfe, 0xfe, 0x60, 0xf0, 0xf0, 0x60, 0x00, 0xe0, 0x00, 0xc0,
    0x01, 0xc0, 0x01, 0xc0, 0x01, 0x80, 0x03, 0x80, 0x03, 0x80, 0x03, 0x00, 0x07, 0x00, 0x06, 0x00,
    0x0e, 0x00, 0x0e, 0x00, 0x0c, 0x00, 0x1c, 0x00, 0x1c, 0x00, 0x18, 0x00, 0x38, 0x00, 0x38, 0x00,
    0x30, 0x00, 0x70, 0x00, 0x60, 0x00, 0xe0, 0x00, 0x07, 0xc0, 0x1f, 0xf0, 0x3c, 0x78, 0x38, 0x38,
    0x70, 0x1c, 0x70, 0x1c, 0x60, 0x0c, 0x60, 0x0c, 0x60, 0x0e, 0xe0, 0x0e, 0xe0, 0x0e, 0xe0, 0x0e,
    0xe0, 0x0e, 0x60, 0x0e, 0x60, 0x0c, 0x60, 0x0c, 0x70, 0x1c, 0x70, 0x1c, 0x38, 0x38, 0x3c, 0x78,
    0x1f, 0xf0, 0x07, 0xc0, 0x07, 0x0f, 0x3f, 0x7f, 0xe7, 0xc7, 0x47, 0x07, 0x07, 0x07, 0x07, 0x07,
    0x07, 0x07, 0x07, 0x07, 0x07, 0x07, 0x07, 0x07, 0x07, 0x07, 0x0f, 0xc0, 0x3f, 0xf0, 0x78, 0x78,
    0x60, 0x38, 0x00, 0x1c, 0x00, 0x1c, 0x00, 0x1c, 0x00, 0x1c, 0x00, 0x18, 0x00, 0x38, 0x00, 0x70,
    0x00, 0x70, 0x00, 0xe0, 0x01, 0xc0, 0x03, 0x80, 0x07, 0x00, 0x0e, 0x00, 0x1c, 0x00, 0x38, 0x00,
    0x70, 0x00, 0xff, 0xfe, 0xff, 0xfe, 0x0f, 0xe0, 0x3f, 0xf0, 0xf8, 0x78, 0x60, 0x3c, 0x00, 0x1c,
    0x00, 0x1c, 0x00, 0x1c, 0x00, 0x38, 0x00, 0x70, 0x0f, 0xe0, 0x0f, 0xe0, 0x00, 0xf8, 0x00, 0x3c,
    0x00, 0x1c, 0x00, 0x0c, 0x00, 0x0c, 0x00, 0x0c, 0x00, 0x1c, 0x80, 0x3c, 0xf0, 0xf8, 0xff, 0xf0,
    0x3f, 0xc0, 0x00, 0x70, 0x00, 0x70, 0x00, 0xf0, 0x01, 0xf0, 0x01, 0xb0, 0x03, 0xb0, 0x07, 0x30,
    0x06, 0x30, 0x0c, 0x30, 0x1c, 0x30, 0x38, 0x30, 0x30, 0x30, 0x70, 0x30, 0xe0, 0x30, 0xc0, 0x30,
    0xff, 0xff, 0xff, 0xff, 0x00, 0x30, 0x00, 0x30, 0x00, 0x30, 0x00, 0x30, 0x00, 0x30, 0x7f, 0xf0,
    0x7f, 0xf0, 0x60, 0x00, 0x60, 0x00, 0x60, 0x00, 0x60, 0x00, 0x60, 0x00, 0x60, 0x00, 0x7f, 0x80,
    0xff, 0xe0, 0x61, 0xf0, 0x00, 0x78, 0x00, 0x38, 0x00, 0x18, 0x00, 0x18, 0x00, 0x18, 0x00, 0x18,
    0x00, 0x38, 0x80, 0x70, 0xe1, 0xf0, 0xff, 0xe0, 0x7f, 0x80, 0x03, 0xf0, 0x0f, 0xf0, 0x1e, 0x10,
    0x38, 0x00, 0x70, 0x00, 0x60, 0x00, 0xe0, 0x00, 0xe0, 0x00, 0xcf, 0xe0, 0xdf, 0xf0, 0xf8, 0x78,
    0xe0, 0x38, 0xe0, 0x1c, 0xc0, 0x1c, 0xc0, 0x1c, 0xc0, 0x1c, 0xe0, 0x1c, 0xe0, 0x18, 0x70, 0x38,
    0x38, 0xf0, 0x1f, 0xe0, 0x0f, 0xc0, 0xff, 0xfe, 0xff, 0xfe, 0x00, 0x0c, 0x00, 0x1c, 0x00, 0x1c,
    0x00, 0x38, 0x00, 0x38, 0x00, 0x30, 0x00, 0x70, 0x00, 0x60, 0x00, 0xe0, 0x00, 0xe0, 0x01, 0xc0,
    0x01, 0xc0, 0x03, 0x80, 0x03, 0x80, 0x03, 0x00, 0x07, 0x00, 0x07, 0x00, 0x0e, 0x00, 0x0e, 0x00,
    0x1c, 0x00, 0x07, 0xe0, 0x1f, 0xf0, 0x3c, 0x78, 0x70, 0x1c, 0x70, 0x1c, 0x70, 0x1c, 0x70, 0x1c,
    0x38, 0x18, 0x3c, 0x78, 0x1f, 0xe0, 0x07, 0xc0, 0x1f, 0xf0, 0x38, 0x78, 0x70, 0x1c, 0x60, 0x0c,
    0x60, 0x0e, 0xe0, 0x0e, 0x60, 0x0e, 0x70, 0x1c, 0x7c, 0x7c, 0x3f, 0xf8, 0x0f, 0xe0, 0x0f, 0xc0,
    0x1f, 0xf0, 0x3c, 0x78, 0x70, 0x38, 0x70, 0x1c, 0x60, 0x0c, 0xe0, 0x0c, 0xe0, 0x0c, 0x60, 0x0e,
    0x70, 0x1e, 0x78, 0x3e, 0x3f, 0xec, 0x1f, 0xcc, 0x00, 0x0c, 0x00, 0x1c, 0x00, 0x1c, 0x00, 0x18,
    0x00, 0x38, 0x00, 0x70, 0x21, 0xf0, 0x3f, 0xc0, 0x3f, 0x80, 0x60, 0xf0, 0xf0, 0x60, 0x00, 0x00,
    0x00, 0x00, 0x00, 0x00, 0x00, 0x00, 0x00, 0x60, 0xf0, 0xf0, 0x60, 0x30, 0x78, 0x78, 0x30, 0x00,
    0x00, 0x00, 0x00, 0x00, 0x00, 0x00, 0x00, 0x00, 0x70, 0x70, 0x70, 0x70, 0x60, 0xe0, 0xc0, 0xc0,
    0x00, 0x06, 0x00, 0x1e, 0x00, 0x7c, 0x01, 0xf0, 0x07, 0xc0, 0x1e, 0x00, 0x78, 0x00, 0xe0, 0x00,
    0x7c, 0x00, 0x1f, 0x00, 0x07, 0xe0, 0x00, 0xf8, 0x00, 0x3e, 0x00, 0x0e, 0x00, 0x02, 0xff, 0xf8,
    0xff, 0xf8, 0x00, 0x00, 0x00, 0x00, 0x00, 0x00, 0x00, 0x00, 0xff, 0xf8, 0xff, 0xf8, 0xc0, 0x00,
    0xf0, 0x00, 0x7c, 0x00, 0x1f, 0x00, 0x03, 0xc0, 0x00, 0xf0, 0x00, 0x3c, 0x00, 0x0e, 0x00, 0x7c,
    0x01, 0xf0, 0x07, 0xc0, 0x3e, 0x00, 0xf8, 0x00, 0xe0, 0x00, 0x80, 0x00, 0x1f, 0x80, 0xff, 0xe0,
    0x70, 0xf0, 0x40, 0x70, 0x00, 0x30, 0x00, 0x30, 0x00, 0x30, 0x00, 0x70, 0x00, 0xe0, 0x01, 0xc0,
    0x03, 0x80, 0x07, 0x00, 0x06, 0x00, 0x0e, 0x00, 0x0c, 0x00, 0x0c, 0x00, 0x00, 0x00, 0x00, 0x00,
    0x0e, 0x00, 0x0e, 0x00, 0x0e, 0x00, 0x0e, 0x00, 0x00, 0x7f, 0x00, 0x03, 0xff, 0xc0, 0x07, 0xc1,
    0xf0, 0x1e, 0x00, 0x78, 0x1c, 0x00, 0x18, 0x38, 0x00, 0x1c, 0x70, 0x3f, 0x0c, 0x60, 0xff, 0x8e,
    0x61, 0xe3, 0x86, 0xc1, 0x83, 0x86, 0xc3, 0x83, 0x86, 0xc3, 0x03, 0x06, 0xc3, 0x03, 0x06, 0xc3,
    0x03, 0x06, 0xc3, 0x03, 0x06, 0xc3, 0x07, 0x0e, 0xc3, 0x87, 0x8c, 0xc1, 0xfd, 0xf8, 0xe0, 0xf8,
    0xf0, 0x60, 0x00, 0x00, 0x70, 0x00, 0x00, 0x38, 0x00, 0x00, 0x1e, 0x01, 0x80, 0x0f, 0xff, 0x80,
    0x03, 0xff, 0x00, 0x00, 0xe0, 0x00, 0x00, 0xe0, 0x00, 0x01, 0xf0, 0x00, 0x01, 0xb0, 0x00, 0x01,
    0xb8, 0x00, 0x03, 0xb8, 0x00, 0x03, 0x18, 0x00, 0x03, 0x1c, 0x00, 0x07, 0x1c, 0x00, 0x06, 0x0c,
    0x00, 0x0e, 0x0e, 0x00, 0x0e, 0x06, 0x00, 0x0f, 0xff, 0x00, 0x1f, 0xff, 0x00, 0x1f, 0xff, 0x00,
    0x38, 0x03, 0x80, 0x38, 0x03, 0x80, 0x30, 0x01, 0x80, 0x70, 0x01, 0xc0, 0x70, 0x01, 0xc0, 0x60,
    0x00, 0xe0, 0xe0, 0x00, 0xe0, 0xff, 0xc0, 0xff, 0xf8, 0xe0, 0x78, 0xe0, 0x1c, 0xe0, 0x1c, 0xe0,
    0x1c, 0xe0, 0x1c, 0xe0, 0x1c, 0xe0, 0x38, 0xff, 0xf0, 0xff, 0xf0, 0xe0, 0x78, 0xe0, 0x1c, 0xe0,
    0x0e, 0xe0, 0x0e, 0xe0, 0x0e, 0xe0, 0x0e, 0xe0, 0x0e, 0xe0, 0x1c, 0xe0, 0x7c, 0xff, 0xf8, 0xff,
    0xe0, 0x01, 0xfc, 0x0f, 0xff, 0x1f, 0x0e, 0x3c, 0x02, 0x78, 0x00, 0x70, 0x00, 0x60, 0x00, 0xe0,
    0x00, 0xe0, 0x00, 0xe0, 0x00, 0xe0, 0x00, 0xe0, 0x00, 0xe0, 0x00, 0xe0, 0x00, 0xe0, 0x00, 0xe0,
    0x00, 0x70, 0x00, 0x78, 0x00, 0x3c, 0x00, 0x1f, 0x06, 0x0f, 0xfe, 0x03, 0xfc, 0xff, 0xc0, 0x00,
    0xff, 0xf8, 0x00, 0xe0, 0xfc, 0x00, 0xe0, 0x1e, 0x00, 0xe0, 0x0f, 0x00, 0xe0, 0x07, 0x00, 0xe0,
    0x07, 0x00, 0xe0, 0x03, 0x80, 0xe0, 0x03, 0x80, 0xe0, 0x03, 0x80, 0xe0, 0x03, 0x80, 0xe0, 0x03,
    0x80, 0xe0, 0x03, 0x80, 0xe0, 0x03, 0x80, 0xe0, 0x03, 0x80, 0xe0, 0x07, 0x00, 0xe0, 0x07, 0x00,
    0xe0, 0x0e, 0x00, 0xe0, 0x1e, 0x00, 0xe0, 0xfc, 0x00, 0xff, 0xf0, 0x00, 0xff, 0xc0, 0x00, 0xff,
    0xf0, 0xff, 0xf0, 0xe0, 0x00, 0xe0, 0x00, 0xe0, 0x00, 0xe0, 0x00, 0xe0, 0x00, 0xe0, 0x00, 0xe0,
    0x00, 0xff, 0xe0, 0xff, 0xe0, 0xe0, 0x00, 0xe0, 0x00, 0xe0, 0x00, 0xe0, 0x00, 0xe0, 0x00, 0xe0,
    0x00, 0xe0, 0x00, 0xe0, 0x00, 0xe0, 0x00, 0xff, 0xf0, 0xff, 0xf0, 0xff, 0xf0, 0xff, 0xf0, 0xe0,
    0x00, 0xe0, 0x00, 0xe0, 0x00, 0xe0, 0x00, 0xe0, 0x00, 0xe0, 0x00, 0xe0, 0x00, 0xe0, 0x00, 0xff,
    0xe0, 0xff, 0xe0, 0xe0, 0x00, 0xe0, 0x00, 0xe0, 0x00, 0xe0, 0x00, 0xe0, 0x00, 0xe0, 0x00, 0xe0,
    0x00, 0xe0, 0x00, 0xe0, 0x00, 0xe0, 0x00, 0x01, 0xfe, 0x00, 0x07, 0xff, 0x80, 0x1f, 0x07, 0x80,
    0x3c, 0x00, 0x00, 0x38, 0x00, 0x00, 0x70, 0x00, 0x00, 0x70, 0x00, 0x00, 0xe0, 0x00, 0x00, 0xe0,
    0x00, 0x00, 0xe0, 0x00, 0x00, 0xe0, 0x3f, 0xc0, 0xe0, 0x3f, 0xc0, 0xe0, 0x01, 0xc0, 0xe0, 0x01,
    0xc0, 0xe0, 0x01, 0xc0, 0xe0, 0x01, 0xc0, 0x70, 0x01, 0xc0, 0x78, 0x01, 0xc0, 0x3c, 0x01, 0xc0,
    0x1f, 0x07, 0xc0, 0x0f, 0xff, 0xc0, 0x03, 0xfe, 0x00, 0xe0, 0x03, 0xe0, 0x03, 0xe0, 0x03, 0xe0,
    0x03, 0xe0, 0x03, 0xe0, 0x03, 0xe0, 0x03, 0xe0, 0x03, 0xe0, 0x03, 0xff, 0xff, 0xff, 0xff, 0xe0,
    0x03, 0xe0, 0x03, 0xe0, 0x03, 0xe0, 0x03, 0xe0, 0x03, 0xe0, 0x03, 0xe0, 0x03, 0xe0, 0x03, 0xe0,
    0x03, 0xe0, 0x03, 0xe0, 0x03, 0xff, 0xff, 0x18, 0x18, 0x18, 0x18, 0x18, 0x18, 0x18, 0x18, 0x18,
    0x18, 0x18, 0x18, 0x18, 0x18, 0x18, 0x18, 0x18, 0x18, 0xff, 0xff, 0x06, 0x06, 0x06, 0x06, 0x06,
    0x06, 0x06, 0x06, 0x06, 0x06, 0x06, 0x06, 0x06, 0x06, 0x06, 0x06, 0x06, 0x06, 0x06, 0x06, 0x06,
    0x06, 0x06, 0x06, 0x0e, 0x9e, 0xfc, 0xf8, 0xe0, 0x0e, 0xe0, 0x1c, 0xe0, 0x38, 0xe0, 0x70, 0xe0,
    0xe0, 0xe1, 0xc0, 0xe3, 0xc0, 0xe3, 0x80, 0xe7, 0x00, 0xee, 0x00, 0xfe, 0x00, 0xff, 0x00, 0xf7,
    0x80, 0xe3, 0xc0, 0xe1, 0xc0, 0xe0, 0xe0, 0xe0, 0xf0, 0xe0, 0x70, 0xe0, 0x38, 0xe0, 0x1c, 0xe0,
    0x1e, 0xe0, 0x0f, 0xe0, 0x00, 0xe0, 0x00, 0xe0, 0x00, 0xe0, 0x00, 0xe0, 0x00, 0xe0, 0x00, 0xe0,
    0x00, 0xe0, 0x00, 0xe0, 0x00, 0xe0, 0x00, 0xe0, 0x00, 0xe0, 0x00, 0xe0, 0x00, 0xe0, 0x00, 0xe0,
    0x00, 0xe0, 0x00, 0xe0, 0x00, 0xe0, 0x00, 0xe0, 0x00, 0xe0, 0x00, 0xff, 0xf0, 0xff, 0xf0, 0xf0,
    0x00, 0x78, 0xf0, 0x00, 0x78, 0xf8, 0x00, 0xf8, 0xd8, 0x00, 0xd8, 0xdc, 0x00, 0xd8, 0xdc, 0x01,
    0xd8, 0xcc, 0x01, 0x98, 0xce, 0x01, 0x98, 0xce, 0x03, 0x98, 0xc6, 0x03, 0x18, 0xc7, 0x07, 0x18,
    0xc7, 0x07, 0x18, 0xc3, 0x06, 0x18, 0xc3, 0x8e, 0x18, 0xc1, 0x8c, 0x18, 0xc1, 0xcc, 0x18, 0xc1,
    0xdc, 0x18, 0xc0, 0xd8, 0x18, 0xc0, 0xf8, 0x18, 0xc0, 0xf8, 0x18, 0xc0, 0x70, 0x18, 0xc0, 0x70,
    0x18, 0xe0, 0x03, 0x80, 0xf0, 0x03, 0x80, 0xf8, 0x03, 0x80, 0xf8, 0x03, 0x80, 0xdc, 0x03, 0x80,
    0xde, 0x03, 0x80, 0xce, 0x03, 0x80, 0xc7, 0x03, 0x80, 0xc7, 0x83, 0x80, 0xc3, 0x83, 0x80, 0xc3,
    0xc3, 0x80, 0xc1, 0xc3, 0x80, 0xc0, 0xe3, 0x80, 0xc0, 0xf3, 0x80, 0xc0, 0x73, 0x80, 0xc0, 0x3b,
    0x80, 0xc0, 0x3f, 0x80, 0xc0, 0x1d, 0x80, 0xc0, 0x0f, 0x80, 0xc0, 0x0f, 0x80, 0xc0, 0x07, 0x80,
    0xc0, 0x07, 0x80, 0x03, 0xf8, 0x00, 0x0f, 0xfe, 0x00, 0x1f, 0x0f, 0x80, 0x38, 0x03, 0x80, 0x70,
    0x01, 0xc0, 0x70, 0x00, 0xe0, 0xe0, 0x00, 0xe0, 0xe0, 0x00, 0xe0, 0xe0, 0x00, 0x60, 0xe0, 0x00,
    0x70, 0xe0, 0x00, 0x70, 0xe0, 0x00, 0x70, 0xe0, 0x00, 0x70, 0xe0, 0x00, 0x60, 0xe0, 0x00, 0xe0,
    0xe0, 0x00, 0xe0, 0x70, 0x00, 0xe0, 0x70, 0x01, 0xc0, 0x38, 0x03, 0x80, 0x1f, 0x0f, 0x80, 0x0f,
    0xfe, 0x00, 0x03, 0xf8, 0x00, 0xff, 0xc0, 0xff, 0xf0, 0xe0, 0xf0, 0xe0, 0x38, 0xe0, 0x38, 0xe0,
    0x1c, 0xe0, 0x1c, 0xe0, 0x1c, 0xe0, 0x38, 0xe0, 0x38, 0xe0, 0xf0, 0xff, 0xe0, 0xff, 0xc0, 0xe0,
    0x00, 0xe0, 0x00, 0xe0, 0x00, 0xe0, 0x00, 0xe0, 0x00, 0xe0, 0x00, 0xe0, 0x00, 0xe0, 0x00, 0xe0,
    0x00, 0x03, 0xf8, 0x00, 0x0f, 0xfe, 0x00, 0x1f, 0x0f, 0x80, 0x38, 0x03, 0x80, 0x70, 0x01, 0xc0,
    0x70, 0x00, 0xe0, 0xe0, 0x00, 0xe0, 0xe0, 0x00, 0xe0, 0xe0, 0x00, 0x60, 0xe0, 0x00, 0x70, 0xe0,
    0x00, 0x70, 0xe0, 0x00, 0x70, 0xe0, 0x00, 0x70, 0xe0, 0x00, 0x60, 0xe0, 0x00, 0xe0, 0xe0, 0x00,
    0xe0, 0x70, 0x00, 0xe0, 0x70, 0x01, 0xc0, 0x38, 0x03, 0x80, 0x1f, 0x0f, 0x80, 0x0f, 0xff, 0x00,
    0x03, 0xf8, 0x00, 0x00, 0x1c, 0x00, 0x00, 0x0e, 0x00, 0x00, 0x07, 0x00, 0x00, 0x07, 0x80, 0x00,
    0x03, 0xc0, 0xff, 0xc0, 0xff, 0xf0, 0xe0, 0xf8, 0xe0, 0x38, 0xe0, 0x38, 0xe0, 0x1c, 0xe0, 0x1c,
    0xe0, 0x1c, 0xe0, 0x38, 0xe0, 0x38, 0xe0, 0xf0, 0xff, 0xe0, 0xff, 0x80, 0xe1, 0xc0, 0xe0, 0xe0,
    0xe0, 0xe0, 0xe0, 0x70, 0xe0, 0x78, 0xe0, 0x38, 0xe0, 0x1c, 0xe0, 0x1c, 0xe0, 0x0e, 0x0f, 0xe0,
    0x3f, 0xf8, 0x78, 0x70, 0xe0, 0x00, 0xe0, 0x00, 0xe0, 0x00, 0xe0, 0x00, 0xe0, 0x00, 0xf0, 0x00,
    0x7e, 0x00, 0x3f, 0x80, 0x0f, 0xe0, 0x01, 0xf0, 0x00, 0x78, 0x00, 0x38, 0x00, 0x38, 0x00, 0x38,
    0x00, 0x38, 0x80, 0x78, 0xe0, 0xf0, 0xff, 0xe0, 0x7f, 0x80, 0xff, 0xff, 0xff, 0xff, 0x01, 0xc0,
    0x01, 0xc0, 0x01, 0xc0, 0x01, 0xc0, 0x01, 0xc0, 0x01, 0xc0, 0x01, 0xc0, 0x01, 0xc0, 0x01, 0xc0,
    0x01, 0xc0, 0x01, 0xc0, 0x01, 0xc0, 0x01, 0xc0, 0x01, 0xc0, 0x01, 0xc0, 0x01, 0xc0, 0x01, 0xc0,
    0x01, 0xc0, 0x01, 0xc0, 0x01, 0xc0, 0xc0, 0x03, 0xc0, 0x03, 0xc0, 0x03, 0xc0, 0x03, 0xc0, 0x03,
    0xc0, 0x03, 0xc0, 0x03, 0xc0, 0x03, 0xc0, 0x03, 0xc0, 0x03, 0xc0, 0x03, 0xc0, 0x03, 0xc0, 0x03,
    0xc0, 0x03, 0xc0, 0x03, 0xe0, 0x07, 0xe0, 0x07, 0xe0, 0x07, 0x70, 0x0e, 0x7c, 0x3c, 0x1f, 0xf8,
    0x0f, 0xe0, 0xe0, 0x01, 0xc0, 0x60, 0x01, 0x80, 0x70, 0x03, 0x80, 0x70, 0x03, 0x80, 0x30, 0x03,
    0x00, 0x38, 0x07, 0x00, 0x38, 0x07, 0x00, 0x18, 0x06, 0x00, 0x1c, 0x0e, 0x00, 0x1c, 0x0e, 0x00,
    0x0c, 0x0c, 0x00, 0x0e, 0x1c, 0x00, 0x0e, 0x1c, 0x00, 0x06, 0x18, 0x00, 0x07, 0x38, 0x00, 0x07,
    0x38, 0x00, 0x03, 0x30, 0x00, 0x03, 0xf0, 0x00, 0x03, 0xf0, 0x00, 0x01, 0xe0, 0x00, 0x01, 0xe0,
    0x00, 0x01, 0xe0, 0x00, 0xe0, 0x0e, 0x00, 0x70, 0x70, 0x0f, 0x00, 0xe0, 0x70, 0x0f, 0x00, 0xe0,
    0x70, 0x1f, 0x00, 0xe0, 0x30, 0x1f, 0x80, 0xc0, 0x38, 0x1b, 0x81, 0xc0, 0x38, 0x19, 0x81, 0xc0,
    0x38, 0x39, 0x81, 0xc0, 0x18, 0x39, 0xc1, 0x80, 0x1c, 0x31, 0xc3, 0x80, 0x1c, 0x70, 0xc3, 0x80,
    0x1c, 0x70, 0xe3, 0x80, 0x0c, 0x60, 0xe3, 0x00, 0x0e, 0x60, 0x67, 0x00, 0x0e, 0xe0, 0x67, 0x00,
    0x0e, 0xe0, 0x77, 0x00, 0x06, 0xc0, 0x76, 0x00, 0x06, 0xc0, 0x36, 0x00, 0x07, 0xc0, 0x3e, 0x00,
    0x07, 0x80, 0x3c, 0x00, 0x03, 0x80, 0x1c, 0x00, 0x03, 0x80, 0x1c, 0x00, 0x70, 0x03, 0x80, 0x70,
    0x07, 0x00, 0x38, 0x06, 0x00, 0x1c, 0x0e, 0x00, 0x1c, 0x1c, 0x00, 0x0e, 0x1c, 0x00, 0x06, 0x38,
    0x00, 0x07, 0x30, 0x00, 0x03, 0xf0, 0x00, 0x01, 0xe0, 0x00, 0x01, 0xc0, 0x00, 0x01, 0xe0, 0x00,
    0x03, 0xf0, 0x00, 0x07, 0x70, 0x00, 0x07, 0x38, 0x00, 0x0e, 0x18, 0x00, 0x0c, 0x1c, 0x00, 0x1c,
    0x0e, 0x00, 0x38, 0x0e, 0x00, 0x38, 0x07, 0x00, 0x70, 0x07, 0x80, 0xe0, 0x03, 0x80, 0xe0, 0x03,
    0x80, 0x70, 0x07, 0x00, 0x70, 0x07, 0x00, 0x38, 0x0e, 0x00, 0x38, 0x0e, 0x00, 0x1c, 0x1c, 0x00,
    0x1c, 0x1c, 0x00, 0x0e, 0x38, 0x00, 0x0e, 0x38, 0x00, 0x07, 0x70, 0x00, 0x07, 0xe0, 0x00, 0x03,
    0xe0, 0x00, 0x01, 0xc0, 0x00, 0x01, 0xc0, 0x00, 0x01, 0xc0, 0x00, 0x01, 0xc0, 0x00, 0x01, 0xc0,
    0x00, 0x01, 0xc0, 0x00, 0x01, 0xc0, 0x00, 0x01, 0xc0, 0x00, 0x01, 0xc0, 0x00, 0x01, 0xc0, 0x00,
    0xff, 0xfe, 0xff, 0xfe, 0x00, 0x1c, 0x00, 0x1c, 0x00, 0x38, 0x00, 0x70, 0x00, 0x70, 0x00, 0xe0,
    0x01, 0xe0, 0x01, 0xc0, 0x03, 0x80, 0x03, 0x80, 0x07, 0x00, 0x0e, 0x00, 0x0e, 0x00, 0x1c, 0x00,
    0x38, 0x00, 0x38, 0x00, 0x70, 0x00, 0x70, 0x00, 0xff, 0xfe, 0xff, 0xfe, 0xfe, 0xfe, 0xe0, 0xe0,
    0xe0, 0xe0, 0xe0, 0xe0, 0xe0, 0xe0, 0xe0, 0xe0, 0xe0, 0xe0, 0xe0, 0xe0, 0xe0, 0xe0, 0xe0, 0xe0,
    0xe0, 0xe0, 0xe0, 0xe0, 0xe0, 0xfe, 0xfe, 0xe0, 0x00, 0x60, 0x00, 0x70, 0x00, 0x30, 0x00, 0x38,
    0x00, 0x38, 0x00, 0x18, 0x00, 0x1c, 0x00, 0x1c, 0x00, 0x0c, 0x00, 0x0e, 0x00, 0x0e, 0x00, 0x06,
    0x00, 0x07, 0x00, 0x03, 0x00, 0x03, 0x80, 0x03, 0x80, 0x01, 0x80, 0x01, 0xc0, 0x01, 0xc0, 0x00,
    0xc0, 0x00, 0xe0, 0xfc, 0xfc, 0x0c, 0x0c, 0x0c, 0x0c, 0x0c, 0x0c, 0x0c, 0x0c, 0x0c, 0x0c, 0x0c,
    0x0c, 0x0c, 0x0c, 0x0c, 0x0c, 0x0c, 0x0c, 0x0c, 0x0c, 0x0c, 0x0c, 0x0c, 0xfc, 0xfc, 0x03, 0x00,
    0x03, 0x80, 0x07, 0x80, 0x06, 0xc0, 0x0e, 0xc0, 0x0c, 0x60, 0x0c, 0x60, 0x18, 0x70, 0x18, 0x30,
    0x30, 0x38, 0x30, 0x18, 0x70, 0x1c, 0x60, 0x0c, 0xe0, 0x0e, 0xff, 0xf8, 0xff, 0xf8, 0xf0, 0x70,
    0x38, 0x18, 0x0c, 0x0f, 0xe0, 0x3f, 0xf0, 0x1c, 0x78, 0x00, 0x38, 0x00, 0x18, 0x00, 0x18, 0x00,
    0x18, 0x1f, 0xf8, 0x3f, 0xf8, 0x78, 0x18, 0x70, 0x18, 0xe0, 0x18, 0xe0, 0x38, 0xe0, 0x38, 0x78,
    0xf8, 0x7f, 0xd8, 0x1f, 0x18, 0xc0, 0x00, 0xc0, 0x00, 0xc0, 0x00, 0xc0, 0x00, 0xc0, 0x00, 0xc0,
    0x00, 0xc7, 0xc0, 0xdf, 0xe0, 0xf8, 0xf0, 0xe0, 0x38, 0xe0, 0x38, 0xc0, 0x1c, 0xc0, 0x1c, 0xc0,
    0x1c, 0xc0, 0x1c, 0xc0, 0x1c, 0xc0, 0x1c, 0xe0, 0x18, 0xe0, 0x38, 0xe0, 0x38, 0xf8, 0xf0, 0xdf,
    0xe0, 0xcf, 0xc0, 0x0f, 0xe0, 0x3f, 0xe0, 0x78, 0x60, 0x70, 0x00, 0xe0, 0x00, 0xe0, 0x00, 0xe0,
    0x00, 0xc0, 0x00, 0xc0, 0x00, 0xc0, 0x00, 0xe0, 0x00, 0xe0, 0x00, 0xe0, 0x00, 0x70, 0x00, 0x78,
    0x60, 0x3f, 0xe0, 0x0f, 0xc0, 0x00, 0x1c, 0x00, 0x1c, 0x00, 0x1c, 0x00, 0x1c, 0x00, 0x1c, 0x00,
    0x1c, 0x0f, 0x9c, 0x3f, 0xdc, 0x78, 0xfc, 0x70, 0x3c, 0xe0, 0x1c, 0xe0, 0x1c, 0xe0, 0x1c, 0xc0,
    0x1c, 0xc0, 0x1c, 0xc0, 0x1c, 0xe0, 0x1c, 0xe0, 0x1c, 0xe0, 0x1c, 0x70, 0x3c, 0x78, 0xfc, 0x3f,
    0xcc, 0x0f, 0x8c, 0x0f, 0xc0, 0x3f, 0xe0, 0x78, 0xf0, 0x70, 0x38, 0xe0, 0x38, 0xe0, 0x38, 0xc0,
    0x18, 0xff, 0xf8, 0xff, 0xf8, 0xc0, 0x00, 0xe0, 0x00, 0xe0, 0x00, 0xe0, 0x00, 0x70, 0x00, 0x7c,
    0x38, 0x3f, 0xf8, 0x0f, 0xe0, 0x03, 0xf0, 0x07, 0xe0, 0x0e, 0x20, 0x0c, 0x00, 0x1c, 0x00, 0x1c,
    0x00, 0x1c, 0x00, 0x3f, 0xc0, 0xff, 0xc0, 0x1c, 0x00, 0x1c, 0x00, 0x1c, 0x00, 0x1c, 0x00, 0x1c,
    0x00, 0x1c, 0x00, 0x1c, 0x00, 0x1c, 0x00, 0x1c, 0x00, 0x1c, 0x00, 0x1c, 0x00, 0x1c, 0x00, 0x1c,
    0x00, 0x1c, 0x00, 0x1c, 0x00, 0x0f, 0x8c, 0x3f, 0xcc, 0x78, 0xfc, 0x70, 0x3c, 0xe0, 0x1c, 0xe0,
    0x1c, 0xe0, 0x1c, 0xc0, 0x1c, 0xc0, 0x1c, 0xc0, 0x1c, 0xe0, 0x1c, 0xe0, 0x1c, 0xe0, 0x1c, 0x70,
    0x3c, 0x78, 0xfc, 0x3f, 0xdc, 0x0f, 0x9c, 0x00, 0x1c, 0x00, 0x1c, 0x00, 0x1c, 0x80, 0x38, 0x70,
    0xf8, 0x7f, 0xf0, 0x3f, 0xc0, 0xc0, 0x00, 0xc0, 0x00, 0xc0, 0x00, 0xc0, 0x00, 0xc0, 0x00, 0xc0,
    0x00, 0xc7, 0xc0, 0xdf, 0xf0, 0xf8, 0xf0, 0xe0, 0x38, 0xe0, 0x38, 0xc0, 0x38, 0xc0, 0x38, 0xc0,
    0x38, 0xc0, 0x38, 0xc0, 0x38, 0xc0, 0x38, 0xc0, 0x38, 0xc0, 0x38, 0xc0, 0x38, 0xc0, 0x38, 0xc0,
    0x38, 0xc0, 0x38, 0x60, 0xe0, 0xe0, 0x60, 0x00, 0x00, 0x60, 0x60, 0x60, 0x60, 0x60, 0x60, 0x60,
    0x60, 0x60, 0x60, 0x60, 0x60, 0x60, 0x60, 0x60, 0x60, 0x60, 0x06, 0x0e, 0x0e, 0x06, 0x00, 0x00,
    0x06, 0x06, 0x06, 0x06, 0x06, 0x06, 0x06, 0x06, 0x06, 0x06, 0x06, 0x06, 0x06, 0x06, 0x06, 0x06,
    0x06, 0x06, 0x06, 0x06, 0x0e, 0x9e, 0xfc, 0xf8, 0xc0, 0x00, 0xc0, 0x00, 0xc0, 0x00, 0xc0, 0x00,
    0xc0, 0x00, 0xc0, 0x00, 0xc0, 0x70, 0xc0, 0xe0, 0xc1, 0xc0, 0xc3, 0x80, 0xc7, 0x00, 0xce, 0x00,
    0xde, 0x00, 0xdc, 0x00, 0xfe, 0x00, 0xfe, 0x00, 0xc7, 0x00, 0xc3, 0x80, 0xc3, 0xc0, 0xc1, 0xc0,
    0xc0, 0xe0, 0xc0, 0xf0, 0xc0, 0x78, 0xc0, 0xc0, 0xc0, 0xc0, 0xc0, 0xc0, 0xc0, 0xc0, 0xc0, 0xc0,
    0xc0, 0xc0, 0xc0, 0xc0, 0xc0, 0xc0, 0xc0, 0xc0, 0xc0, 0xc0, 0xc0, 0xc0, 0xc0, 0xc7, 0xc1, 0xf0,
    0xdf, 0xe7, 0xf8, 0xf8, 0xfe, 0x3c, 0xe0, 0x7c, 0x1c, 0xe0, 0x38, 0x0e, 0xc0, 0x38, 0x0e, 0xc0,
    0x30, 0x0e, 0xc0, 0x30, 0x0e, 0xc0, 0x30, 0x0e, 0xc0, 0x30, 0x0e, 0xc0, 0x30, 0x0e, 0xc0, 0x30,
    0x0e, 0xc0, 0x30, 0x0e, 0xc0, 0x30, 0x0e, 0xc0, 0x30, 0x0e, 0xc0, 0x30, 0x0e, 0xc0, 0x30, 0x0e,
    0xc7, 0xc0, 0xdf, 0xf0, 0xf8, 0xf0, 0xe0, 0x38, 0xe0, 0x38, 0xc0, 0x38, 0xc0, 0x38, 0xc0, 0x38,
    0xc0, 0x38, 0xc0, 0x38, 0xc0, 0x38, 0xc0, 0x38, 0xc0, 0x38, 0xc0, 0x38, 0xc0, 0x38, 0xc0, 0x38,
    0xc0, 0x38, 0x0f, 0xc0, 0x3f, 0xf0, 0x7c, 0x78, 0x70, 0x38, 0xe0, 0x1c, 0xe0, 0x1c, 0xe0, 0x0c,
    0xc0, 0x0e, 0xc0, 0x0e, 0xc0, 0x0c, 0xe0, 0x0c, 0xe0, 0x1c, 0xe0, 0x1c, 0x70, 0x38, 0x78, 0x78,
    0x3f, 0xf0, 0x0f, 0xc0, 0xc7, 0xc0, 0xdf, 0xe0, 0xf8, 0xf0, 0xe0, 0x38, 0xe0, 0x38, 0xc0, 0x1c,
    0xc0, 0x1c, 0xc0, 0x1c, 0xc0, 0x1c, 0xc0, 0x1c, 0xc0, 0x1c, 0xe0, 0x18, 0xe0, 0x38, 0xe0, 0x38,
    0xf8, 0xf0, 0xdf, 0xe0, 0xcf, 0xc0, 0xc0, 0x00, 0xc0, 0x00, 0xc0, 0x00, 0xc0, 0x00, 0xc0, 0x00,
    0xc0, 0x00, 0xc0, 0x00, 0x0f, 0x8c, 0x3f, 0xcc, 0x78, 0xfc, 0x70, 0x3c, 0xe0, 0x1c, 0xe0, 0x1c,
    0xe0, 0x1c, 0xc0, 0x1c, 0xc0, 0x1c, 0xc0, 0x1c, 0xe0, 0x1c, 0xe0, 0x1c, 0xe0, 0x1c, 0x70, 0x3c,
    0x78, 0xfc, 0x3f, 0xdc, 0x0f, 0x9c, 0x00, 0x1c, 0x00, 0x1c, 0x00, 0x1c, 0x00, 0x1c, 0x00, 0x1c,
    0x00, 0x1c, 0x00, 0x1c, 0xc7, 0x80, 0xcf, 0x80, 0xd8, 0x80, 0xf0, 0x00, 0xe0, 0x00, 0xe0, 0x00,
    0xc0, 0x00, 0xc0, 0x00, 0xc0, 0x00, 0xc0, 0x00, 0xc0, 0x00, 0xc0, 0x00, 0xc0, 0x00, 0xc0, 0x00,
    0xc0, 0x00, 0xc0, 0x00, 0xc0, 0x00, 0x3f, 0x80, 0x7f, 0xe0, 0xf1, 0xc0, 0xc0, 0x00, 0xc0, 0x00,
    0xe0, 0x00, 0xf0, 0x00, 0x7e, 0x00, 0x1f, 0x80, 0x07, 0xc0, 0x01, 0xe0, 0x00, 0xe0, 0x00, 0xe0,
    0x80, 0xe0, 0xe1, 0xc0, 0xff, 0xc0, 0x7f, 0x00, 0x08, 0x00, 0x18, 0x00, 0x18, 0x00, 0x18, 0x00,
    0x7f, 0xc0, 0xff, 0xc0, 0x18, 0x00, 0x18, 0x00, 0x18, 0x00, 0x18, 0x00, 0x18, 0x00, 0x18, 0x00,
    0x18, 0x00, 0x18, 0x00, 0x18, 0x00, 0x18, 0x00, 0x18, 0x00, 0x1c, 0x00, 0x1e, 0x40, 0x0f, 0xc0,
    0x07, 0xc0, 0xe0, 0x1c, 0xe0, 0x1c, 0xe0, 0x1c, 0xe0, 0x1c, 0xe0, 0x1c, 0xe0, 0x1c, 0xe0, 0x1c,
    0xe0, 0x1c, 0xe0, 0x1c, 0xe0, 0x1c, 0xe0, 0x1c, 0xe0, 0x1c, 0xe0, 0x1c, 0x70, 0x3c, 0x78, 0xfc,
    0x3f, 0xcc, 0x1f, 0x8c, 0xe0, 0x0e, 0x60, 0x0e, 0x70, 0x0c, 0x70, 0x1c, 0x30, 0x1c, 0x38, 0x18,
    0x38, 0x38, 0x18, 0x38, 0x1c, 0x30, 0x1c, 0x70, 0x0c, 0x60, 0x0e, 0x60, 0x0e, 0xe0, 0x06, 0xc0,
    0x07, 0xc0, 0x03, 0xc0, 0x03, 0x80, 0xe0, 0x38, 0x0e, 0x60, 0x3c, 0x0e, 0x70, 0x3c, 0x0e, 0x70,
    0x7c, 0x0c, 0x70, 0x6e, 0x1c, 0x30, 0x6e, 0x1c, 0x38, 0xe6, 0x1c, 0x38, 0xe6, 0x18, 0x18, 0xc7,
    0x38, 0x18, 0xc3, 0x38, 0x1d, 0xc3, 0x38, 0x1d, 0x83, 0xb0, 0x0d, 0x83, 0xf0, 0x0d, 0x81, 0xf0,
    0x0f, 0x81, 0xe0, 0x0f, 0x01, 0xe0, 0x07, 0x00, 0xe0, 0xe0, 0x1c, 0x70, 0x38, 0x70, 0x70, 0x38,
    0x70, 0x1c, 0xe0, 0x1c, 0xc0, 0x0f, 0xc0, 0x07, 0x80, 0x07, 0x80, 0x07, 0x80, 0x0f, 0xc0, 0x1c,
    0xe0, 0x18, 0xe0, 0x38, 0x70, 0x70, 0x38, 0x70, 0x38, 0xe0, 0x1c, 0xe0, 0x0e, 0x60, 0x0e, 0x70,
    0x0c, 0x70, 0x1c, 0x38, 0x1c, 0x38, 0x18, 0x18, 0x38, 0x1c, 0x38, 0x1c, 0x70, 0x0c, 0x70, 0x0e,
    0x60, 0x06, 0x60, 0x06, 0xe0, 0x07, 0xc0, 0x03, 0xc0, 0x03, 0xc0, 0x03, 0x80, 0x03, 0x80, 0x03,
    0x80, 0x07, 0x00, 0x07, 0x00, 0x1e, 0x00, 0xfc, 0x00, 0xf8, 0x00, 0x7f, 0xf0, 0x7f, 0xf0, 0x00,
    0x70, 0x00, 0xe0, 0x01, 0xc0, 0x01, 0xc0, 0x03, 0x80, 0x07, 0x00, 0x06, 0x00, 0x0e, 0x00, 0x1c,
    0x00, 0x18, 0x00, 0x38, 0x00, 0x70, 0x00, 0x60, 0x00, 0xff, 0xf0, 0xff, 0xf0, 0x03, 0x80, 0x07,
    0x80, 0x0f, 0x00, 0x0e, 0x00, 0x0c, 0x00, 0x1c, 0x00, 0x1c, 0x00, 0x1c, 0x00, 0x1c, 0x00, 0x1c,
    0x00, 0x1c, 0x00, 0x1c, 0x00, 0x38, 0x00, 0xf0, 0x00, 0xf0, 0x00, 0x3c, 0x00, 0x1c, 0x00, 0x1c,
    0x00, 0x1c, 0x00, 0x1c, 0x00, 0x1c, 0x00, 0x1c, 0x00, 0x1c, 0x00, 0x0c, 0x00, 0x0e, 0x00, 0x0f,
    0x80, 0x03, 0x80, 0xc0, 0xc0, 0xc0, 0xc0, 0xc0, 0xc0, 0xc0, 0xc0, 0xc0, 0xc0, 0xc0, 0xc0, 0xc0,
    0xc0, 0xc0, 0xc0, 0xc0, 0xc0, 0xc0, 0xc0, 0xc0, 0xc0, 0xc0, 0xc0, 0xc0, 0xc0, 0xc0, 0xc0, 0xc0,
    0xc0, 0xe0, 0x00, 0xf8, 0x00, 0x38, 0x00, 0x1c, 0x00, 0x1c, 0x00, 0x1c, 0x00, 0x1c, 0x00, 0x1c,
    0x00, 0x1c, 0x00, 0x1c, 0x00, 0x1c, 0x00, 0x0c, 0x00, 0x0f, 0x00, 0x03, 0xc0, 0x07, 0xc0, 0x0e,
    0x00, 0x1c, 0x00, 0x1c, 0x00, 0x1c, 0x00, 0x1c, 0x00, 0x1c, 0x00, 0x1c, 0x00, 0x1c, 0x00, 0x1c,
    0x00, 0x38, 0x00, 0xf8, 0x00, 0xf0, 0x00, 0x3e, 0x02, 0x7f, 0xce, 0xe7, 0xfe, 0x80, 0xf8, 0xff,
    0xf0, 0x80, 0x10, 0x80, 0x10, 0x80, 0x10, 0x80, 0x10, 0x80, 0x10, 0x80, 0x10, 0x80, 0x10, 0x80,
    0x10, 0x80, 0x10, 0x80, 0x10, 0x80, 0x10, 0x80, 0x10, 0x80, 0x10, 0x80, 0x10, 0x80, 0x10, 0x80,
    0x10, 0x80, 0x10, 0x80, 0x10, 0x80, 0x10, 0xff, 0xf0, 0x01, 0xfc, 0x07, 0xff, 0x0f, 0x8e, 0x0e,
    0x02, 0x1c, 0x00, 0x18, 0x00, 0x38, 0x00, 0x38, 0x00, 0xff, 0xf0, 0xff, 0xf0, 0x30, 0x00, 0x30,
    0x00, 0xff, 0xe0, 0xff, 0xe0, 0x38, 0x00, 0x38, 0x00, 0x1c, 0x00, 0x1c, 0x00, 0x0e, 0x00, 0x0f,
    0x86, 0x07, 0xfe, 0x01, 0xfc, 0x38, 0x38, 0x70, 0x70, 0x70, 0x60, 0x60, 0xe0, 0x00, 0xfc, 0x03,
    0xf8, 0x03, 0x88, 0x03, 0x00, 0x07, 0x00, 0x07, 0x00, 0x07, 0x00, 0x0f, 0xf0, 0x1f, 0xf0, 0x07,
    0x00, 0x07, 0x00, 0x07, 0x00, 0x07, 0x00, 0x07, 0x00, 0x07, 0x00, 0x07, 0x00, 0x07, 0x00, 0x07,
    0x00, 0x07, 0x00, 0x07, 0x00, 0x07, 0x00, 0x07, 0x00, 0x07, 0x00, 0x07, 0x00, 0x07, 0x00, 0x07,
    0x00, 0xc7, 0x00, 0xc7, 0x00, 0xef, 0x00, 0xfe, 0x00, 0x3c, 0x00, 0x39, 0xc0, 0x39, 0xc0, 0x71,
    0xc0, 0x71, 0x80, 0x71, 0x80, 0x63, 0x80, 0x63, 0x00, 0xc3, 0x00, 0x60, 0x60, 0x60, 0xf0, 0xf0,
    0xf0, 0xf0, 0xf0, 0xf0, 0x60, 0x60, 0x60, 0x0e, 0x00, 0x0e, 0x00, 0x0e, 0x00, 0x0e, 0x00, 0x06,
    0x00, 0x04, 0x00, 0xff, 0xe0, 0xff, 0xe0, 0x04, 0x00, 0x04, 0x00, 0x04, 0x00, 0x04, 0x00, 0x06,
    0x00, 0x06, 0x00, 0x0e, 0x00, 0x0e, 0x00, 0x0e, 0x00, 0x0e, 0x00, 0x0e, 0x00, 0x0e, 0x00, 0x0e,
    0x00, 0x0e, 0x00, 0x0e, 0x00, 0x0e, 0x00, 0x0e, 0x00, 0x0e, 0x00, 0x06, 0x00, 0x06, 0x00, 0xe4,
    0x70, 0xff, 0xf0, 0xe4, 0xf0, 0x06, 0x00, 0x0e, 0x00, 0x0e, 0x00, 0x0e, 0x00, 0x0e, 0x00, 0x06,
    0x00, 0x06, 0x00, 0xc4, 0x70, 0xff, 0xf0, 0xf5, 0xf0, 0x06, 0x00, 0x06, 0x00, 0x0e, 0x00, 0x0e,
    0x00, 0x0e, 0x00, 0x0e, 0x00, 0x1f, 0x00, 0x3f, 0x00, 0x71, 0x80, 0xe0, 0xc0, 0x1e, 0x00, 0xe0,
    0x00, 0x00, 0x3f, 0x01, 0xc0, 0x00, 0x00, 0x73, 0x81, 0x80, 0x00, 0x00, 0x61, 0x83, 0x80, 0x00,
    0x00, 0x61, 0x83, 0x00, 0x00, 0x00, 0xe1, 0x87, 0x00, 0x00, 0x00, 0xe1, 0x86, 0x00, 0x00, 0x00,
    0xe1, 0x8e, 0x00, 0x00, 0x00, 0x61, 0x8c, 0xf0, 0x3c, 0x00, 0x61, 0x99, 0xf8, 0x7e, 0x00, 0x73,
    0x9b, 0x9c, 0x77, 0x00, 0x3f, 0x33, 0x0c, 0xe3, 0x00, 0x3e, 0x73, 0x0c, 0xc3, 0x80, 0x00, 0x63,
    0x0c, 0xc1, 0x80, 0x00, 0xe3, 0x0c, 0xc1, 0x80, 0x00, 0xc3, 0x0c, 0xc1, 0x80, 0x01, 0xc3, 0x0c,
    0xc1, 0x80, 0x01, 0x83, 0x0c, 0xc3, 0x80, 0x03, 0x83, 0x0c, 0xe3, 0x00, 0x03, 0x03, 0x9c, 0x67,
    0x00, 0x07, 0x01, 0xf8, 0x7e, 0x00, 0x0e, 0x00, 0xf0, 0x3c, 0x00, 0x70, 0x60, 0x38, 0xc0, 0x1d,
    0x80, 0x0f, 0x80, 0x07, 0x00, 0x00, 0x00, 0x00, 0x00, 0x0f, 0xe0, 0x3f, 0xf8, 0x78, 0x70, 0xe0,
    0x00, 0xe0, 0x00, 0xe0, 0x00, 0xe0, 0x00, 0xe0, 0x00, 0xf0, 0x00, 0x7e, 0x00, 0x3f, 0x80, 0x0f,
    0xe0, 0x01, 0xf0, 0x00, 0x78, 0x00, 0x38, 0x00, 0x38, 0x00, 0x38, 0x00, 0x38, 0x80, 0x78, 0xe0,
    0xf0, 0xff, 0xe0, 0x7f, 0x80, 0x04, 0x0e, 0x1c, 0x38, 0x70, 0x60, 0xe0, 0x70, 0x38, 0x1c, 0x0e,
    0x06, 0x03, 0xff, 0xff, 0x0f, 0xff, 0xff, 0x1f, 0x06, 0x00, 0x38, 0x06, 0x00, 0x70, 0x06, 0x00,
    0x70, 0x06, 0x00, 0xe0, 0x06, 0x00, 0xe0, 0x06, 0x00, 0xe0, 0x06, 0x00, 0xe0, 0x07, 0xfe, 0xe0,
    0x07, 0xfe, 0xe0, 0x06, 0x00, 0xe0, 0x06, 0x00, 0xe0, 0x06, 0x00, 0xe0, 0x06, 0x00, 0xe0, 0x06,
    0x00, 0x70, 0x06, 0x00, 0x70, 0x06, 0x00, 0x3c, 0x06, 0x00, 0x1f, 0x06, 0x00, 0x0f, 0xff, 0xff,
    0x03, 0xff, 0xff, 0x38, 0x30, 0x1c, 0x60, 0x0e, 0xc0, 0x07, 0xc0, 0x03, 0x80, 0x00, 0x00, 0x00,
    0x00, 0xff, 0xfe, 0xff, 0xfe, 0x00, 0x1c, 0x00, 0x1c, 0x00, 0x38, 0x00, 0x70, 0x00, 0x70, 0x00,
    0xe0, 0x01, 0xe0, 0x01, 0xc0, 0x03, 0x80, 0x03, 0x80, 0x07, 0x00, 0x0e, 0x00, 0x0e, 0x00, 0x1c,
    0x00, 0x38, 0x00, 0x38, 0x00, 0x70, 0x00, 0x70, 0x00, 0xff, 0xfe, 0xff, 0xfe, 0x18, 0x38, 0x30,
    0x30, 0x70, 0x70, 0x70, 0xe0, 0x38, 0x38, 0x70, 0x70, 0x70, 0x60, 0x60, 0xe0, 0x18, 0xc0, 0x38,
    0xc0, 0x31, 0xc0, 0x31, 0xc0, 0x71, 0x80, 0x73, 0x80, 0x73, 0x80, 0xe3, 0x80, 0x39, 0xc0, 0x39,
    0xc0, 0x71, 0xc0, 0x71, 0x80, 0x71, 0x80, 0x63, 0x80, 0x63, 0x00, 0xc3, 0x00, 0x38, 0x7c, 0xfe,
    0xfe, 0xfe, 0xfe, 0x7c, 0x38, 0xff, 0xf8, 0xff, 0xf8, 0xff, 0xff, 0xff, 0xf0, 0xff, 0xff, 0xff,
    0xf0, 0x38, 0x20, 0x7e, 0x60, 0xef, 0xc0, 0xc3, 0xc0, 0xfe, 0x70, 0x70, 0xfe, 0x70, 0x70, 0x10,
    0x70, 0xf0, 0x10, 0x78, 0xf0, 0x10, 0x78, 0xb0, 0x10, 0x69, 0xb0, 0x10, 0x6d, 0xb0, 0x10, 0x6d,
    0x30, 0x10, 0x67, 0x30, 0x10, 0x67, 0x30, 0x10, 0x66, 0x30, 0xe0, 0xc0, 0x71, 0x80, 0x3b, 0x00,
    0x1f, 0x00, 0x0e, 0x00, 0x00, 0x00, 0x00, 0x00, 0x3f, 0x80, 0x7f, 0xe0, 0xf1, 0xc0, 0xc0, 0x00,
    0xc0, 0x00, 0xe0, 0x00, 0xf0, 0x00, 0x7e, 0x00, 0x1f, 0x80, 0x07, 0xc0, 0x01, 0xe0, 0x00, 0xe0,
    0x00, 0xe0, 0x80, 0xe0, 0xe1, 0xc0, 0xff, 0xc0, 0x7f, 0x00, 0x60, 0xe0, 0x70, 0x38, 0x1c, 0x0e,
    0x0e, 0x1c, 0x38, 0x30, 0x70, 0xe0, 0x0f, 0xc0, 0xf8, 0x00, 0x3f, 0xe3, 0xfe, 0x00, 0x78, 0xf7,
    0x8e, 0x00, 0x70, 0x3e, 0x07, 0x00, 0xe0, 0x1e, 0x03, 0x00, 0xe0, 0x1c, 0x03, 0x80, 0xc0, 0x1c,
    0x03, 0x80, 0xc0, 0x1f, 0xff, 0x80, 0xc0, 0x1f, 0xff, 0x80, 0xc0, 0x1c, 0x00, 0x00, 0xe0, 0x1c,
    0x00, 0x00, 0xe0, 0x1c, 0x00, 0x00, 0xe0, 0x1e, 0x00, 0x00, 0x70, 0x3f, 0x00, 0x00, 0x78, 0x77,
    0x83, 0x00, 0x3f, 0xe3, 0xff, 0x00, 0x0f, 0xc0, 0xfe, 0x00, 0x70, 0x60, 0x38, 0xc0, 0x1d, 0x80,
    0x0f, 0x80, 0x07, 0x00, 0x00, 0x00, 0x00, 0x00, 0x7f, 0xf0, 0x7f, 0xf0, 0x00, 0x70, 0x00, 0xe0,
    0x01, 0xc0, 0x01, 0xc0, 0x03, 0x80, 0x07, 0x00, 0x06, 0x00, 0x0e, 0x00, 0x1c, 0x00, 0x18, 0x00,
    0x38, 0x00, 0x70, 0x00, 0x60, 0x00, 0xff, 0xf0, 0xff, 0xf0, 0x06, 0x38, 0x00, 0x0e, 0x38, 0x00,
    0x06, 0x38, 0x00, 0x00, 0x00, 0x00, 0x00, 0x00, 0x00, 0x00, 0x00, 0x00, 0xe0, 0x03, 0x80, 0x70,
    0x07, 0x00, 0x70, 0x07, 0x00, 0x38, 0x0e, 0x00, 0x38, 0x0e, 0x00, 0x1c, 0x1c, 0x00, 0x1c, 0x1c,
    0x00, 0x0e, 0x38, 0x00, 0x0e, 0x38, 0x00, 0x07, 0x70, 0x00, 0x07, 0xe0, 0x00, 0x03, 0xe0, 0x00,
    0x01, 0xc0, 0x00, 0x01, 0xc0, 0x00, 0x01, 0xc0, 0x00, 0x01, 0xc0, 0x00, 0x01, 0xc0, 0x00, 0x01,
    0xc0, 0x00, 0x01, 0xc0, 0x00, 0x01, 0xc0, 0x00, 0x01, 0xc0, 0x00, 0x01, 0xc0, 0x00, 0x60, 0xf0,
    0xf0, 0x60, 0x00, 0x00, 0x60, 0x60, 0x60, 0x60, 0x60, 0x60, 0x60, 0x60, 0x60, 0x60, 0x60, 0x60,
    0x60, 0xe0, 0xf0, 0xf0, 0x03, 0x00, 0x03, 0x00, 0x1f, 0xf0, 0x3f, 0xe0, 0x78, 0x20, 0x70, 0x00,
    0xe0, 0x00, 0xe0, 0x00, 0xe0, 0x00, 0xc0, 0x00, 0xc0, 0x00, 0xc0, 0x00, 0xe0, 0x00, 0xe0, 0x00,
    0xe0, 0x00, 0x70, 0x00, 0x78, 0x60, 0x3f, 0xe0, 0x0f, 0xe0, 0x03, 0x00, 0x03, 0x00, 0x03, 0x00,
    0x03, 0xf0, 0x07, 0xfc, 0x0f, 0x1c, 0x1c, 0x00, 0x1c, 0x00, 0x1c, 0x00, 0x1c, 0x00, 0x1c, 0x00,
    0x1c, 0x00, 0x1c, 0x00, 0xff, 0xf0, 0xff, 0xf0, 0x1c, 0x00, 0x1c, 0x00, 0x1c, 0x00, 0x1c, 0x00,
    0x1c, 0x00, 0x18, 0x00, 0x38, 0x00, 0x70, 0x00, 0xff, 0xfe, 0xff, 0xfe, 0x40, 0x10, 0xef, 0x98,
    0x7f, 0xf8, 0x78, 0xf0, 0x70, 0x70, 0x60, 0x30, 0x60, 0x30, 0x60, 0x30, 0x60, 0x30, 0x70, 0x30,
    0x38, 0x60, 0x7f, 0xf0, 0xef, 0xb8, 0x40, 0x18, 0xe0, 0x03, 0x80, 0x70, 0x07, 0x00, 0x30, 0x06,
    0x00, 0x38, 0x0e, 0x00, 0x1c, 0x0c, 0x00, 0x1c, 0x1c, 0x00, 0x0e, 0x18, 0x00, 0x0e, 0x38, 0x00,
    0x07, 0x30, 0x00, 0x03, 0x60, 0x00, 0x03, 0xe0, 0x00, 0x1f, 0xfc, 0x00, 0x1f, 0xfc, 0x00, 0x01,
    0xc0, 0x00, 0x01, 0xc0, 0x00, 0x01, 0xc0, 0x00, 0x1f, 0xfc, 0x00, 0x1f, 0xfc, 0x00, 0x01, 0xc0,
    0x00, 0x01, 0xc0, 0x00, 0x01, 0xc0, 0x00, 0x01, 0xc0, 0x00, 0xc0, 0xc0, 0xc0, 0xc0, 0xc0, 0xc0,
    0xc0, 0xc0, 0xc0, 0xc0, 0xc0, 0xc0, 0x00, 0x00, 0x00, 0x00, 0x00, 0x00, 0xc0, 0xc0, 0xc0, 0xc0,
    0xc0, 0xc0, 0xc0, 0xc0, 0xc0, 0xc0, 0xc0, 0xc0, 0x1f, 0x80, 0x7f, 0xe0, 0xf0, 0xe0, 0xe0, 0x20,
    0xe0, 0x00, 0xe0, 0x00, 0x78, 0x00, 0x3f, 0x00, 0x7f, 0x80, 0x63, 0xe0, 0xc0, 0xe0, 0xc0, 0x60,
    0xe0, 0x60, 0xf0, 0x60, 0x78, 0xe0, 0x3f, 0xc0, 0x07, 0xc0, 0x01, 0xe0, 0x00, 0xe0, 0x00, 0x60,
    0x80, 0x60, 0xe1, 0xe0, 0xff, 0xc0, 0x7f, 0x00, 0x63, 0x80, 0xe3, 0x80, 0x63, 0x80, 0x00, 0xfe,
    0x00, 0x03, 0xff, 0x80, 0x0f, 0x01, 0xc0, 0x1c, 0x00, 0x70, 0x18, 0x00, 0x30, 0x30, 0x7e, 0x18,
    0x60, 0xff, 0x18, 0x61, 0xc2, 0x0c, 0x61, 0x80, 0x0c, 0x43, 0x80, 0x04, 0xc3, 0x00, 0x04, 0xc3,
    0x00, 0x04, 0xc3, 0x00, 0x04, 0x43, 0x00, 0x04, 0x63, 0x80, 0x0c, 0x61, 0x80, 0x0c, 0x61, 0xe2,
    0x1c, 0x30, 0xfe, 0x18, 0x38, 0x7e, 0x30, 0x1c, 0x00, 0x70, 0x0f, 0x01, 0xe0, 0x03, 0xff, 0x80,
    0x00, 0xfe, 0x00, 0x7e, 0x67, 0x03, 0x03, 0x3f, 0xe3, 0xc3, 0xc3, 0xc7, 0x7d, 0x04, 0x10, 0x0e,
    0x38, 0x1c, 0x70, 0x38, 0xe0, 0x71, 0xc0, 0x63, 0x80, 0xe3, 0x80, 0x71, 0xc0, 0x38, 0xe0, 0x1c,
    0x70, 0x0e, 0x38, 0x06, 0x18, 0xff, 0xfe, 0xff, 0xfe, 0x00, 0x0e, 0x00, 0x0e, 0x00, 0x0e, 0x00,
    0x0e, 0x00, 0x0e, 0x00, 0x0e, 0xfe, 0xfe, 0x00, 0xfe, 0x00, 0x03, 0xff, 0x80, 0x0f, 0x01, 0xc0,
    0x1c, 0x00, 0x70, 0x18, 0x00, 0x30, 0x31, 0xfc, 0x18, 0x61, 0xfe, 0x18, 0x61, 0xc7, 0x0c, 0x61,
    0xc3, 0x0c, 0x41, 0xc3, 0x04, 0xc1, 0xc7, 0x04, 0xc1, 0xfe, 0x04, 0xc1, 0xfc, 0x04, 0x41, 0xcc,
    0x04, 0x61, 0xce, 0x0c, 0x61, 0xc6, 0x0c, 0x61, 0xc7, 0x1c, 0x31, 0xc3, 0x98, 0x38, 0x00, 0x30,
    0x1c, 0x00, 0x70, 0x0f, 0x01, 0xe0, 0x03, 0xff, 0x80, 0x00, 0xfe, 0x00, 0xff, 0xfe, 0xff, 0xfe,
    0x3e, 0x00, 0x7f, 0x00, 0xe3, 0x80, 0xc1, 0x80, 0xc1, 0x80, 0xc1, 0x80, 0xc1, 0x80, 0xe3, 0x80,
    0x7f, 0x00, 0x3e, 0x00, 0x03, 0x80, 0x03, 0x80, 0x03, 0x80, 0x03, 0x80, 0x03, 0x80, 0x03, 0x80,
    0x03, 0x80, 0xff, 0xfe, 0xff, 0xfe, 0x03, 0x80, 0x03, 0x80, 0x03, 0x80, 0x03, 0x80, 0x03, 0x80,
    0x03, 0x80, 0x00, 0x00, 0x00, 0x00, 0xff, 0xfe, 0xff, 0xfe, 0x3c, 0xff, 0xc3, 0x03, 0x03, 0x03,
    0x06, 0x0c, 0x18, 0x30, 0x60, 0xff, 0xff, 0x3c, 0x00, 0xfe, 0x00, 0xc7, 0x00, 0x03, 0x00, 0x03,
    0x00, 0x07, 0x00, 0x7e, 0x00, 0x7e, 0x00, 0x03, 0x00, 0x03, 0x80, 0x03, 0x80, 0x83, 0x00, 0xff,
    0x00, 0xfc, 0x00, 0x1c, 0x38, 0x30, 0x70, 0xe0, 0xc0, 0x38, 0xc0, 0x38, 0xc0, 0x38, 0xc0, 0x38,
    0xc0, 0x38, 0xc0, 0x38, 0xc0, 0x38, 0xc0, 0x38, 0xc0, 0x38, 0xc0, 0x38, 0xc0, 0x38, 0xc0, 0x38,
    0xc0, 0x38, 0xe0, 0x78, 0xf0, 0xd8, 0xff, 0xd8, 0xdf, 0x18, 0xc0, 0x00, 0xc0, 0x00, 0xc0, 0x00,
    0xc0, 0x00, 0xc0, 0x00, 0xc0, 0x00, 0xc0, 0x00, 0x1f, 0xfc, 0x3f, 0xfc, 0x7f, 0xc4, 0xff, 0xc4,
    0xff, 0xc4, 0xff, 0xc4, 0xff, 0xc4, 0xff, 0xc4, 0xff, 0xc4, 0xff, 0xc4, 0xff, 0xc4, 0xff, 0xc4,
    0xff, 0xc4, 0x7f, 0xc4, 0x7f, 0xc4, 0x1f, 0xc4, 0x00, 0xc4, 0x00, 0xc4, 0x00, 0xc4, 0x00, 0xc4,
    0x00, 0xc4, 0x00, 0xc4, 0x00, 0xc4, 0x00, 0xc4, 0x00, 0xc4, 0x00, 0xc4, 0x00, 0xc4, 0x00, 0xc4,
    0x60, 0xf0, 0xf0, 0x60, 0x18, 0x30, 0x38, 0x5c, 0x0c, 0x0c, 0xfc, 0xf8, 0x1c, 0x3c, 0x7c, 0xcc,
    0x0c, 0x0c, 0x0c, 0x0c, 0x0c, 0x0c, 0x0c, 0x0c, 0x0c, 0x3e, 0x00, 0x73, 0x00, 0xc1, 0x80, 0xc1,
    0x80, 0xc1, 0x80, 0xc1, 0x80, 0xc1, 0x80, 0xc1, 0x80, 0x63, 0x00, 0x3e, 0x00, 0x61, 0x80, 0xe3,
    0x80, 0x71, 0xc0, 0x38, 0xe0, 0x1c, 0x70, 0x0e, 0x38, 0x0e, 0x38, 0x1c, 0x70, 0x38, 0xe0, 0x31,
    0xc0, 0x71, 0xc0, 0xe3, 0x80, 0x1c, 0x00, 0xc0, 0x3c, 0x01, 0x80, 0x7c, 0x03, 0x80, 0xcc, 0x03,
    0x00, 0x4c, 0x06, 0x00, 0x0c, 0x06, 0x00, 0x0c, 0x0c, 0x00, 0x0c, 0x1c, 0x00, 0x0c, 0x18, 0x00,
    0x0c, 0x30, 0x60, 0x0c, 0x30, 0xe0, 0x0c, 0x61, 0xe0, 0x0c, 0xe1, 0x60, 0x00, 0xc3, 0x60, 0x01,
    0xc6, 0x60, 0x01, 0x8c, 0x60, 0x03, 0x0c, 0x60, 0x07, 0x1f, 0xf8, 0x06, 0x1f, 0xf8, 0x0e, 0x00,
    0x60, 0x0c, 0x00, 0x60, 0x18, 0x00, 0x60, 0x1c, 0x01, 0x80, 0x7c, 0x03, 0x00, 0xec, 0x07, 0x00,
    0xcc, 0x06, 0x00, 0x0c, 0x0e, 0x00, 0x0c, 0x0c, 0x00, 0x0c, 0x18, 0x00, 0x0c, 0x38, 0x00, 0x0c,
    0x31, 0xe0, 0x0c, 0x7f, 0xf0, 0x0c, 0x66, 0x38, 0x0c, 0xc0, 0x18, 0x0c, 0xc0, 0x18, 0x01, 0x80,
    0x38, 0x03, 0x80, 0x30, 0x03, 0x00, 0x60, 0x06, 0x00, 0xc0, 0x06, 0x01, 0x80, 0x0c, 0x03, 0x00,
    0x1c, 0x06, 0x00, 0x18, 0x0f, 0xf8, 0x30, 0x0f, 0xf8, 0x3e, 0x00, 0x30, 0x7f, 0x80, 0x30, 0x73,
    0x80, 0x60, 0x01, 0x80, 0xe0, 0x01, 0x80, 0xc0, 0x03, 0x81, 0x80, 0x3f, 0x01, 0x80, 0x3f, 0x03,
    0x00, 0x03, 0x87, 0x00, 0x01, 0xc6, 0x00, 0x01, 0xce, 0x18, 0xc3, 0x8c, 0x38, 0xff, 0x98, 0x78,
    0x3e, 0x18, 0x58, 0x00, 0x30, 0xd8, 0x00, 0x71, 0x98, 0x00, 0x61, 0x18, 0x00, 0xe3, 0x18, 0x00,
    0xc7, 0xfe, 0x01, 0x87, 0xfe, 0x01, 0x80, 0x18, 0x03, 0x00, 0x18, 0x07, 0x00, 0x18, 0x07, 0x00,
    0x07, 0x00, 0x07, 0x00, 0x07, 0x00, 0x00, 0x00, 0x00, 0x00, 0x00, 0x00, 0x03, 0x00, 0x07, 0x00,
    0x07, 0x00, 0x0e, 0x00, 0x1c, 0x00, 0x38, 0x00, 0x70, 0x00, 0xe0, 0x00, 0xe0, 0x00, 0xc0, 0x00,
    0xc0, 0x00, 0xc0, 0x00, 0xe0, 0x20, 0xf9, 0xe0, 0x7f, 0xf0, 0x1f, 0x80, 0x07, 0x80, 0x00, 0x03,
    0x80, 0x00, 0x01, 0xc0, 0x00, 0x00, 0xc0, 0x00, 0x00, 0x60, 0x00, 0x00, 0x00, 0x00, 0x00, 0x00,
    0x00, 0x00, 0xe0, 0x00, 0x00, 0xe0, 0x00, 0x01, 0xf0, 0x00, 0x01, 0xb0, 0x00, 0x01, 0xb8, 0x00,
    0x03, 0xb8, 0x00, 0x03, 0x18, 0x00, 0x03, 0x1c, 0x00, 0x07, 0x1c, 0x00, 0x06, 0x0c, 0x00, 0x0e,
    0x0e, 0x00, 0x0e, 0x06, 0x00, 0x0f, 0xff, 0x00, 0x1f, 0xff, 0x00, 0x1f, 0xff, 0x00, 0x38, 0x03,
    0x80, 0x38, 0x03, 0x80, 0x30, 0x01, 0x80, 0x70, 0x01, 0xc0, 0x70, 0x01, 0xc0, 0x60, 0x00, 0xe0,
    0xe0, 0x00, 0xe0, 0x00, 0x1c, 0x00, 0x00, 0x38, 0x00, 0x00, 0x30, 0x00, 0x00, 0x70, 0x00, 0x00,
    0xe0, 0x00, 0x00, 0x00, 0x00, 0x00, 0x00, 0x00, 0x00, 0xe0, 0x00, 0x00, 0xe0, 0x00, 0x01, 0xf0,
    0x00, 0x01, 0xb0, 0x00, 0x01, 0xb8, 0x00, 0x03, 0xb8, 0x00, 0x03, 0x18, 0x00, 0x03, 0x1c, 0x00,
    0x07, 0x1c, 0x00, 0x06, 0x0c, 0x00, 0x0e, 0x0e, 0x00, 0x0e, 0x06, 0x00, 0x0f, 0xff, 0x00, 0x1f,
    0xff, 0x00, 0x1f, 0xff, 0x00, 0x38, 0x03, 0x80, 0x38, 0x03, 0x80, 0x30, 0x01, 0x80, 0x70, 0x01,
    0xc0, 0x70, 0x01, 0xc0, 0x60, 0x00, 0xe0, 0xe0, 0x00, 0xe0, 0x00, 0xe0, 0x00, 0x01, 0xf0, 0x00,
    0x03, 0xf0, 0x00, 0x07, 0x18, 0x00, 0x0e, 0x0c, 0x00, 0x00, 0x00, 0x00, 0x00, 0x00, 0x00, 0x00,
    0xe0, 0x00, 0x00, 0xe0, 0x00, 0x01, 0xf0, 0x00, 0x01, 0xb0, 0x00, 0x01, 0xb8, 0x00, 0x03, 0xb8,
    0x00, 0x03, 0x18, 0x00, 0x03, 0x1c, 0x00, 0x07, 0x1c, 0x00, 0x06, 0x0c, 0x00, 0x0e, 0x0e, 0x00,
    0x0e, 0x06, 0x00, 0x0f, 0xff, 0x00, 0x1f, 0xff, 0x00, 0x1f, 0xff, 0x00, 0x38, 0x03, 0x80, 0x38,
    0x03, 0x80, 0x30, 0x01, 0x80, 0x70, 0x01, 0xc0, 0x70, 0x01, 0xc0, 0x60, 0x00, 0xe0, 0xe0, 0x00,
    0xe0, 0x03, 0x82, 0x00, 0x07, 0xe6, 0x00, 0x0e, 0xfc, 0x00, 0x0c, 0x3c, 0x00, 0x00, 0x00, 0x00,
    0x00, 0x00, 0x00, 0x00, 0xe0, 0x00, 0x00, 0xe0, 0x00, 0x01, 0xf0, 0x00, 0x01, 0xb0, 0x00, 0x01,
    0xb8, 0x00, 0x03, 0xb8, 0x00, 0x03, 0x18, 0x00, 0x03, 0x1c, 0x00, 0x07, 0x1c, 0x00, 0x06, 0x0c,
    0x00, 0x0e, 0x0e, 0x00, 0x0e, 0x06, 0x00, 0x0f, 0xff, 0x00, 0x1f, 0xff, 0x00, 0x1f, 0xff, 0x00,
    0x38, 0x03, 0x80, 0x38, 0x03, 0x80, 0x30, 0x01, 0x80, 0x70, 0x01, 0xc0, 0x70, 0x01, 0xc0, 0x60,
    0x00, 0xe0, 0xe0, 0x00, 0xe0, 0x03, 0x1c, 0x00, 0x07, 0x1c, 0x00, 0x03, 0x1c, 0x00, 0x00, 0x00,
    0x00, 0x00, 0x00, 0x00, 0x00, 0x00, 0x00, 0x00, 0xe0, 0x00, 0x00, 0xe0, 0x00, 0x01, 0xf0, 0x00,
    0x01, 0xb0, 0x00, 0x01, 0xb8, 0x00, 0x03, 0xb8, 0x00, 0x03, 0x18, 0x00, 0x03, 0x1c, 0x00, 0x07,
    0x1c, 0x00, 0x06, 0x0c, 0x00, 0x0e, 0x0e, 0x00, 0x0e, 0x06, 0x00, 0x0f, 0xff, 0x00, 0x1f, 0xff,
    0x00, 0x1f, 0xff, 0x00, 0x38, 0x03, 0x80, 0x38, 0x03, 0x80, 0x30, 0x01, 0x80, 0x70, 0x01, 0xc0,
    0x70, 0x01, 0xc0, 0x60, 0x00, 0xe0, 0xe0, 0x00, 0xe0, 0x00, 0xe0, 0x00, 0x01, 0xf0, 0x00, 0x03,
    0x18, 0x00, 0x03, 0x18, 0x00, 0x03, 0x18, 0x00, 0x01, 0xf0, 0x00, 0x00, 0xe0, 0x00, 0x00, 0xe0,
    0x00, 0x01, 0xf0, 0x00, 0x01, 0xb0, 0x00, 0x01, 0xb8, 0x00, 0x03, 0xb8, 0x00, 0x03, 0x18, 0x00,
    0x03, 0x1c, 0x00, 0x07, 0x1c, 0x00, 0x06, 0x0c, 0x00, 0x0e, 0x0e, 0x00, 0x0e, 0x06, 0x00, 0x0f,
    0xff, 0x00, 0x1f, 0xff, 0x00, 0x1f, 0xff, 0x00, 0x38, 0x03, 0x80, 0x38, 0x03, 0x80, 0x30, 0x01,
    0x80, 0x70, 0x01, 0xc0, 0x70, 0x01, 0xc0, 0x60, 0x00, 0xe0, 0xe0, 0x00, 0xe0, 0x00, 0x3f, 0xff,
    0x80, 0x00, 0x7f, 0xff, 0x80, 0x00, 0x77, 0x00, 0x00, 0x00, 0x67, 0x00, 0x00, 0x00, 0xe7, 0x00,
    0x00, 0x00, 0xc7, 0x00, 0x00, 0x01, 0xc7, 0x00, 0x00, 0x01, 0x87, 0x00, 0x00, 0x03, 0x87, 0x00,
    0x00, 0x03, 0x07, 0xff, 0x00, 0x07, 0x07, 0xff, 0x00, 0x07, 0x07, 0x00, 0x00, 0x0e, 0x07, 0x00,
    0x00, 0x0f, 0xff, 0x00, 0x00, 0x1f, 0xff, 0x00, 0x00, 0x1c, 0x07, 0x00, 0x00, 0x38, 0x07, 0x00,
    0x00, 0x38, 0x07, 0x00, 0x00, 0x30, 0x07, 0x00, 0x00, 0x70, 0x07, 0x00, 0x00, 0x60, 0x07, 0xff,
    0x80, 0xe0, 0x07, 0xff, 0x80, 0x01, 0xfc, 0x0f, 0xff, 0x1f, 0x0e, 0x3c, 0x02, 0x78, 0x00, 0x70,
    0x00, 0x60, 0x00, 0xe0, 0x00, 0xe0, 0x00, 0xe0, 0x00, 0xe0, 0x00, 0xe0, 0x00, 0xe0, 0x00, 0xe0,
    0x00, 0xe0, 0x00, 0xe0, 0x00, 0x70, 0x00, 0x78, 0x00, 0x3c, 0x00, 0x1f, 0x06, 0x0f, 0xfe, 0x03,
    0xfc, 0x00, 0xc0, 0x00, 0xe0, 0x01, 0x70, 0x00, 0x30, 0x00, 0x30, 0x03, 0xf0, 0x03, 0xe0, 0x3c,
    0x00, 0x1c, 0x00, 0x0e, 0x00, 0x06, 0x00, 0x03, 0x00, 0x00, 0x00, 0x00, 0x00, 0xff, 0xf0, 0xff,
    0xf0, 0xe0, 0x00, 0xe0, 0x00, 0xe0, 0x00, 0xe0, 0x00, 0xe0, 0x00, 0xe0, 0x00, 0xe0, 0x00, 0xff,
    0xe0, 0xff, 0xe0, 0xe0, 0x00, 0xe0, 0x00, 0xe0, 0x00, 0xe0, 0x00, 0xe0, 0x00, 0xe0, 0x00, 0xe0,
    0x00, 0xe0, 0x00, 0xe0, 0x00, 0xff, 0xf0, 0xff, 0xf0, 0x01, 0xc0, 0x03, 0x80, 0x03, 0x00, 0x07,
    0x00, 0x0e, 0x00, 0x00, 0x00, 0x00, 0x00, 0xff, 0xf0, 0xff, 0xf0, 0xe0, 0x00, 0xe0, 0x00, 0xe0,
    0x00, 0xe0, 0x00, 0xe0, 0x00, 0xe0, 0x00, 0xe0, 0x00, 0xff, 0xe0, 0xff, 0xe0, 0xe0, 0x00, 0xe0,
    0x00, 0xe0, 0x00, 0xe0, 0x00, 0xe0, 0x00, 0xe0, 0x00, 0xe0, 0x00, 0xe0, 0x00, 0xe0, 0x00, 0xff,
    0xf0, 0xff, 0xf0, 0x07, 0x00, 0x0f, 0x80, 0x1f, 0x80, 0x38, 0xc0, 0x70, 0x60, 0x00, 0x00, 0x00,
    0x00, 0xff, 0xf0, 0xff, 0xf0, 0xe0, 0x00, 0xe0, 0x00, 0xe0, 0x00, 0xe0, 0x00, 0xe0, 0x00, 0xe0,
    0x00, 0xe0, 0x00, 0xff, 0xe0, 0xff, 0xe0, 0xe0, 0x00, 0xe0, 0x00, 0xe0, 0x00, 0xe0, 0x00, 0xe0,
    0x00, 0xe0, 0x00, 0xe0, 0x00, 0xe0, 0x00, 0xe0, 0x00, 0xff, 0xf0, 0xff, 0xf0, 0x31, 0xc0, 0x71,
    0xc0, 0x31, 0xc0, 0x00, 0x00, 0x00, 0x00, 0x00, 0x00, 0xff, 0xf0, 0xff, 0xf0, 0xe0, 0x00, 0xe0,
    0x00, 0xe0, 0x00, 0xe0, 0x00, 0xe0, 0x00, 0xe0, 0x00, 0xe0, 0x00, 0xff, 0xe0, 0xff, 0xe0, 0xe0,
    0x00, 0xe0, 0x00, 0xe0, 0x00, 0xe0, 0x00, 0xe0, 0x00, 0xe0, 0x00, 0xe0, 0x00, 0xe0, 0x00, 0xe0,
    0x00, 0xff, 0xf0, 0xff, 0xf0, 0xf0, 0x70, 0x38, 0x18, 0x0c, 0x00, 0x00, 0xff, 0xff, 0x18, 0x18,
    0x18, 0x18, 0x18, 0x18, 0x18, 0x18, 0x18, 0x18, 0x18, 0x18, 0x18, 0x18, 0x18, 0x18, 0x18, 0x18,
    0xff, 0xff, 0x07, 0x0e, 0x0c, 0x1c, 0x38, 0x00, 0x00, 0xff, 0xff, 0x18, 0x18, 0x18, 0x18, 0x18,
    0x18, 0x18, 0x18, 0x18, 0x18, 0x18, 0x18, 0x18, 0x18, 0x18, 0x18, 0x18, 0x18, 0xff, 0xff, 0x0e,
    0x00, 0x1f, 0x00, 0x3f, 0x00, 0x71, 0x80, 0xe0, 0xc0, 0x00, 0x00, 0x00, 0x00, 0x7f, 0x80, 0x7f,
    0x80, 0x0c, 0x00, 0x0c, 0x00, 0x0c, 0x00, 0x0c, 0x00, 0x0c, 0x00, 0x0c, 0x00, 0x0c, 0x00, 0x0c,
    0x00, 0x0c, 0x00, 0x0c, 0x00, 0x0c, 0x00, 0x0c, 0x00, 0x0c, 0x00, 0x0c, 0x00, 0x0c, 0x00, 0x0c,
    0x00, 0x0c, 0x00, 0x0c, 0x00, 0x7f, 0x80, 0x7f, 0x80, 0x63, 0x80, 0xe3, 0x80, 0x63, 0x80, 0x00,
    0x00, 0x00, 0x00, 0x00, 0x00, 0x7f, 0x80, 0x7f, 0x80, 0x0c, 0x00, 0x0c, 0x00, 0x0c, 0x00, 0x0c,
    0x00, 0x0c, 0x00, 0x0c, 0x00, 0x0c, 0x00, 0x0c, 0x00, 0x0c, 0x00, 0x0c, 0x00, 0x0c, 0x00, 0x0c,
    0x00, 0x0c, 0x00, 0x0c, 0x00, 0x0c, 0x00, 0x0c, 0x00, 0x0c, 0x00, 0x0c, 0x00, 0x7f, 0x80, 0x7f,
    0x80, 0x3f, 0xf0, 0x00, 0x3f, 0xfe, 0x00, 0x38, 0x3f, 0x00, 0x38, 0x07, 0x80, 0x38, 0x03, 0xc0,
    0x38, 0x01, 0xc0, 0x38, 0x01, 0xc0, 0x38, 0x00, 0xe0, 0x38, 0x00, 0xe0, 0x38, 0x00, 0xe0, 0xff,
    0xc0, 0xe0, 0xff, 0xc0, 0xe0, 0x38, 0x00, 0xe0, 0x38, 0x00, 0xe0, 0x38, 0x00, 0xe0, 0x38, 0x01,
    0xc0, 0x38, 0x01, 0xc0, 0x38, 0x03, 0x80, 0x38, 0x07, 0x80, 0x38, 0x3f, 0x00, 0x3f, 0xfc, 0x00,
    0x3f, 0xf0, 0x00, 0x07, 0x04, 0x00, 0x0f, 0xcc, 0x00, 0x1d, 0xf8, 0x00, 0x18, 0x78, 0x00, 0x00,
    0x00, 0x00, 0x00, 0x00, 0x00, 0xe0, 0x03, 0x80, 0xf0, 0x03, 0x80, 0xf8, 0x03, 0x80, 0xf8, 0x03,
    0x80, 0xdc, 0x03, 0x80, 0xde, 0x03, 0x80, 0xce, 0x03, 0x80, 0xc7, 0x03, 0x80, 0xc7, 0x83, 0x80,
    0xc3, 0x83, 0x80, 0xc3, 0xc3, 0x80, 0xc1, 0xc3, 0x80, 0xc0, 0xe3, 0x80, 0xc0, 0xf3, 0x80, 0xc0,
    0x73, 0x80, 0xc0, 0x3b, 0x80, 0xc0, 0x3f, 0x80, 0xc0, 0x1d, 0x80, 0xc0, 0x0f, 0x80, 0xc0, 0x0f,
    0x80, 0xc0, 0x07, 0x80, 0xc0, 0x07, 0x80, 0x03, 0xc0, 0x00, 0x01, 0xc0, 0x00, 0x00, 0xe0, 0x00,
    0x00, 0x60, 0x00, 0x00, 0x30, 0x00, 0x00, 0x00, 0x00, 0x00, 0x00, 0x00, 0x03, 0xf8, 0x00, 0x0f,
    0xfe, 0x00, 0x1f, 0x0f, 0x80, 0x38, 0x03, 0x80, 0x70, 0x01, 0xc0, 0x70, 0x00, 0xe0, 0xe0, 0x00,
    0xe0, 0xe0, 0x00, 0xe0, 0xe0, 0x00, 0x60, 0xe0, 0x00, 0x70, 0xe0, 0x00, 0x70, 0xe0, 0x00, 0x70,
    0xe0, 0x00, 0x70, 0xe0, 0x00, 0x60, 0xe0, 0x00, 0xe0, 0xe0, 0x00, 0xe0, 0x70, 0x00, 0xe0, 0x70,
    0x01, 0xc0, 0x38, 0x03, 0x80, 0x1f, 0x0f, 0x80, 0x0f, 0xfe, 0x00, 0x03, 0xf8, 0x00, 0x00, 0x1c,
    0x00, 0x00, 0x38, 0x00, 0x00, 0x30, 0x00, 0x00, 0x70, 0x00, 0x00, 0xe0, 0x00, 0x00, 0x00, 0x00,
    0x00, 0x00, 0x00, 0x03, 0xf8, 0x00, 0x0f, 0xfe, 0x00, 0x1f, 0x0f, 0x80, 0x38, 0x03, 0x80, 0x70,
    0x01, 0xc0, 0x70, 0x00, 0xe0, 0xe0, 0x00, 0xe0, 0xe0, 0x00, 0xe0, 0xe0, 0x00, 0x60, 0xe0, 0x00,
    0x70, 0xe0, 0x00, 0x70, 0xe0, 0x00, 0x70, 0xe0, 0x00, 0x70, 0xe0, 0x00, 0x60, 0xe0, 0x00, 0xe0,
    0xe0, 0x00, 0xe0, 0x70, 0x00, 0xe0, 0x70, 0x01, 0xc0, 0x38, 0x03, 0x80, 0x1f, 0x0f, 0x80, 0x0f,
    0xfe, 0x00, 0x03, 0xf8, 0x00, 0x00, 0xe0, 0x00, 0x01, 0xf0, 0x00, 0x03, 0xf0, 0x00, 0x07, 0x18,
    0x00, 0x0e, 0x0c, 0x00, 0x00, 0x00, 0x00, 0x00, 0x00, 0x00, 0x03, 0xf8, 0x00, 0x0f, 0xfe, 0x00,
    0x1f, 0x0f, 0x80, 0x38, 0x03, 0x80, 0x70, 0x01, 0xc0, 0x70, 0x00, 0xe0, 0xe0, 0x00, 0xe0, 0xe0,
    0x00, 0xe0, 0xe0, 0x00, 0x60, 0xe0, 0x00, 0x70, 0xe0, 0x00, 0x70, 0xe0, 0x00, 0x70, 0xe0, 0x00,
    0x70, 0xe0, 0x00, 0x60, 0xe0, 0x00, 0xe0, 0xe0, 0x00, 0xe0, 0x70, 0x00, 0xe0, 0x70, 0x01, 0xc0,
    0x38, 0x03, 0x80, 0x1f, 0x0f, 0x80, 0x0f, 0xfe, 0x00, 0x03, 0xf8, 0x00, 0x03, 0x82, 0x00, 0x07,
    0xe6, 0x00, 0x0e, 0xfc, 0x00, 0x0c, 0x3c, 0x00, 0x00, 0x00, 0x00, 0x00, 0x00, 0x00, 0x03, 0xf8,
    0x00, 0x0f, 0xfe, 0x00, 0x1f, 0x0f, 0x80, 0x38, 0x03, 0x80, 0x70, 0x01, 0xc0, 0x70, 0x00, 0xe0,
    0xe0, 0x00, 0xe0, 0xe0, 0x00, 0xe0, 0xe0, 0x00, 0x60, 0xe0, 0x00, 0x70, 0xe0, 0x00, 0x70, 0xe0,
    0x00, 0x70, 0xe0, 0x00, 0x70, 0xe0, 0x00, 0x60, 0xe0, 0x00, 0xe0, 0xe0, 0x00, 0xe0, 0x70, 0x00,
    0xe0, 0x70, 0x01, 0xc0, 0x38, 0x03, 0x80, 0x1f, 0x0f, 0x80, 0x0f, 0xfe, 0x00, 0x03, 0xf8, 0x00,
    0x03, 0x1c, 0x00, 0x07, 0x1c, 0x00, 0x03, 0x1c, 0x00, 0x00, 0x00, 0x00, 0x00, 0x00, 0x00, 0x00,
    0x00, 0x00, 0x03, 0xf8, 0x00, 0x0f, 0xfe, 0x00, 0x1f, 0x0f, 0x80, 0x38, 0x03, 0x80, 0x70, 0x01,
    0xc0, 0x70, 0x00, 0xe0, 0xe0, 0x00, 0xe0, 0xe0, 0x00, 0xe0, 0xe0, 0x00, 0x60, 0xe0, 0x00, 0x70,
    0xe0, 0x00, 0x70, 0xe0, 0x00, 0x70, 0xe0, 0x00, 0x70, 0xe0, 0x00, 0x60, 0xe0, 0x00, 0xe0, 0xe0,
    0x00, 0xe0, 0x70, 0x00, 0xe0, 0x70, 0x01, 0xc0, 0x38, 0x03, 0x80, 0x1f, 0x0f, 0x80, 0x0f, 0xfe,
    0x00, 0x03, 0xf8, 0x00, 0x40, 0x10, 0xe0, 0x38, 0x70, 0x70, 0x38, 0xe0, 0x1d, 0xc0, 0x0f, 0x80,
    0x07, 0x00, 0x0f, 0x80, 0x1d, 0xc0, 0x38, 0xe0, 0x70, 0x70, 0xe0, 0x38, 0x40, 0x10, 0x00, 0x00,
    0x80, 0x03, 0xf8, 0xc0, 0x0f, 0xff, 0xc0, 0x1f, 0x0f, 0x80, 0x38, 0x03, 0xc0, 0x70, 0x07, 0xc0,
    0x70, 0x0e, 0xe0, 0xe0, 0x1c, 0xe0, 0xe0, 0x18, 0xe0, 0xe0, 0x38, 0x60, 0xe0, 0x70, 0x70, 0xe0,
    0x60, 0x70, 0xe0, 0xe0, 0x70, 0xe1, 0xc0, 0x70, 0xe1, 0x80, 0x60, 0xe3, 0x00, 0xe0, 0xe7, 0x00,
    0xe0, 0x7e, 0x00, 0xe0, 0x7c, 0x01, 0xc0, 0x3c, 0x03, 0x80, 0x3f, 0x0f, 0x80, 0x3f, 0xfe, 0x00,
    0x73, 0xf8, 0x00, 0x20, 0x00, 0x00, 0x0f, 0x00, 0x07, 0x00, 0x03, 0x80, 0x01, 0x80, 0x00, 0xc0,
    0x00, 0x00, 0x00, 0x00, 0xc0, 0x03, 0xc0, 0x03, 0xc0, 0x03, 0xc0, 0x03, 0xc0, 0x03, 0xc0, 0x03,
    0xc0, 0x03, 0xc0, 0x03, 0xc0, 0x03, 0xc0, 0x03, 0xc0, 0x03, 0xc0, 0x03, 0xc0, 0x03, 0xc0, 0x03,
    0xc0, 0x03, 0xe0, 0x07, 0xe0, 0x07, 0xe0, 0x07, 0x70, 0x0e, 0x7c, 0x3c, 0x1f, 0xf8, 0x0f, 0xe0,
    0x00, 0x70, 0x00, 0xe0, 0x00, 0xc0, 0x01, 0xc0, 0x03, 0x80, 0x00, 0x00, 0x00, 0x00, 0xc0, 0x03,
    0xc0, 0x03, 0xc0, 0x03, 0xc0, 0x03, 0xc0, 0x03, 0xc0, 0x03, 0xc0, 0x03, 0xc0, 0x03, 0xc0, 0x03,
    0xc0, 0x03, 0xc0, 0x03, 0xc0, 0x03, 0xc0, 0x03, 0xc0, 0x03, 0xc0, 0x03, 0xe0, 0x07, 0xe0, 0x07,
    0xe0, 0x07, 0x70, 0x0e, 0x7c, 0x3c, 0x1f, 0xf8, 0x0f, 0xe0, 0x01, 0xc0, 0x03, 0xe0, 0x07, 0xe0,
    0x0e, 0x30, 0x1c, 0x18, 0x00, 0x00, 0x00, 0x00, 0xc0, 0x03, 0xc0, 0x03, 0xc0, 0x03, 0xc0, 0x03,
    0xc0, 0x03, 0xc0, 0x03, 0xc0, 0x03, 0xc0, 0x03, 0xc0, 0x03, 0xc0, 0x03, 0xc0, 0x03, 0xc0, 0x03,
    0xc0, 0x03, 0xc0, 0x03, 0xc0, 0x03, 0xe0, 0x07, 0xe0, 0x07, 0xe0, 0x07, 0x70, 0x0e, 0x7c, 0x3c,
    0x1f, 0xf8, 0x0f, 0xe0, 0x0c, 0x70, 0x1c, 0x70, 0x0c, 0x70, 0x00, 0x00, 0x00, 0x00, 0x00, 0x00,
    0xc0, 0x03, 0xc0, 0x03, 0xc0, 0x03, 0xc0, 0x03, 0xc0, 0x03, 0xc0, 0x03, 0xc0, 0x03, 0xc0, 0x03,
    0xc0, 0x03, 0xc0, 0x03, 0xc0, 0x03, 0xc0, 0x03, 0xc0, 0x03, 0xc0, 0x03, 0xc0, 0x03, 0xe0, 0x07,
    0xe0, 0x07, 0xe0, 0x07, 0x70, 0x0e, 0x7c, 0x3c, 0x1f, 0xf8, 0x0f, 0xe0, 0x00, 0x38, 0x00, 0x00,
    0x70, 0x00, 0x00, 0x60, 0x00, 0x00, 0xe0, 0x00, 0x01, 0xc0, 0x00, 0x00, 0x00, 0x00, 0x00, 0x00,
    0x00, 0xe0, 0x03, 0x80, 0x70, 0x07, 0x00, 0x70, 0x07, 0x00, 0x38, 0x0e, 0x00, 0x38, 0x0e, 0x00,
    0x1c, 0x1c, 0x00, 0x1c, 0x1c, 0x00, 0x0e, 0x38, 0x00, 0x0e, 0x38, 0x00, 0x07, 0x70, 0x00, 0x07,
    0xe0, 0x00, 0x03, 0xe0, 0x00, 0x01, 0xc0, 0x00, 0x01, 0xc0, 0x00, 0x01, 0xc0, 0x00, 0x01, 0xc0,
    0x00, 0x01, 0xc0, 0x00, 0x01, 0xc0, 0x00, 0x01, 0xc0, 0x00, 0x01, 0xc0, 0x00, 0x01, 0xc0, 0x00,
    0x01, 0xc0, 0x00, 0xe0, 0x00, 0xe0, 0x00, 0xe0, 0x00, 0xe0, 0x00, 0xff, 0xc0, 0xff, 0xf0, 0xe0,
    0xf8, 0xe0, 0x38, 0xe0, 0x18, 0xe0, 0x1c, 0xe0, 0x1c, 0xe0, 0x18, 0xe0, 0x38, 0xe0, 0x38, 0xe1,
    0xf0, 0xff, 0xe0, 0xff, 0x80, 0xe0, 0x00, 0xe0, 0x00, 0xe0, 0x00, 0xe0, 0x00, 0xe0, 0x00, 0x1f,
    0xc0, 0x7f, 0xe0, 0xf8, 0xf0, 0xe0, 0x38, 0xc0, 0x38, 0xc0, 0x38, 0xc0, 0x70, 0xc0, 0xe0, 0xc1,
    0xc0, 0xc3, 0x80, 0xc3, 0x80, 0xc3, 0x80, 0xc3, 0x80, 0xc1, 0xe0, 0xc0, 0xf0, 0xc0, 0x78, 0xc0,
    0x1c, 0xc0, 0x0c, 0xc0, 0x0e, 0xc0, 0x0e, 0xc8, 0x0c, 0xc6, 0x3c, 0xc7, 0xf8, 0xc7, 0xf0, 0x1e,
    0x00, 0x0e, 0x00, 0x07, 0x00, 0x03, 0x00, 0x01, 0x80, 0x00, 0x00, 0x00, 0x00, 0x0f, 0xe0, 0x3f,
    0xf0, 0x1c, 0x78, 0x00, 0x38, 0x00, 0x18, 0x00, 0x18, 0x00, 0x18, 0x1f, 0xf8, 0x3f, 0xf8, 0x78,
    0x18, 0x70, 0x18, 0xe0, 0x18, 0xe0, 0x38, 0xe0, 0x38, 0x78, 0xf8, 0x7f, 0xd8, 0x1f, 0x18, 0x00,
    0x70, 0x00, 0xe0, 0x00, 0xc0, 0x01, 0xc0, 0x03, 0x80, 0x00, 0x00, 0x00, 0x00, 0x0f, 0xe0, 0x3f,
    0xf0, 0x1c, 0x78, 0x00, 0x38, 0x00, 0x18, 0x00, 0x18, 0x00, 0x18, 0x1f, 0xf8, 0x3f, 0xf8, 0x78,
    0x18, 0x70, 0x18, 0xe0, 0x18, 0xe0, 0x38, 0xe0, 0x38, 0x78, 0xf8, 0x7f, 0xd8, 0x1f, 0x18, 0x03,
    0x80, 0x07, 0xc0, 0x0f, 0xc0, 0x1c, 0x60, 0x38, 0x30, 0x00, 0x00, 0x00, 0x00, 0x0f, 0xe0, 0x3f,
    0xf0, 0x1c, 0x78, 0x00, 0x38, 0x00, 0x18, 0x00, 0x18, 0x00, 0x18, 0x1f, 0xf8, 0x3f, 0xf8, 0x78,
    0x18, 0x70, 0x18, 0xe0, 0x18, 0xe0, 0x38, 0xe0, 0x38, 0x78, 0xf8, 0x7f, 0xd8, 0x1f, 0x18, 0x0e,
    0x08, 0x1f, 0x98, 0x3b, 0xf0, 0x30, 0xf0, 0x00, 0x00, 0x00, 0x00, 0x0f, 0xe0, 0x3f, 0xf0, 0x1c,
    0x78, 0x00, 0x38, 0x00, 0x18, 0x00, 0x18, 0x00, 0x18, 0x1f, 0xf8, 0x3f, 0xf8, 0x78, 0x18, 0x70,
    0x18, 0xe0, 0x18, 0xe0, 0x38, 0xe0, 0x38, 0x78, 0xf8, 0x7f, 0xd8, 0x1f, 0x18, 0x0c, 0x70, 0x1c,
    0x70, 0x0c, 0x70, 0x00, 0x00, 0x00, 0x00, 0x00, 0x00, 0x0f, 0xe0, 0x3f, 0xf0, 0x1c, 0x78, 0x00,
    0x38, 0x00, 0x18, 0x00, 0x18, 0x00, 0x18, 0x1f, 0xf8, 0x3f, 0xf8, 0x78, 0x18, 0x70, 0x18, 0xe0,
    0x18, 0xe0, 0x38, 0xe0, 0x38, 0x78, 0xf8, 0x7f, 0xd8, 0x1f, 0x18, 0x03, 0x80, 0x07, 0xc0, 0x0c,
    0x60, 0x0c, 0x60, 0x0c, 0x60, 0x07, 0xc0, 0x03, 0x80, 0x00, 0x00, 0x00, 0x00, 0x0f, 0xe0, 0x3f,
    0xf0, 0x1c, 0x78, 0x00, 0x38, 0x00, 0x18, 0x00, 0x18, 0x00, 0x18, 0x1f, 0xf8, 0x3f, 0xf8, 0x78,
    0x18, 0x70, 0x18, 0xe0, 0x18, 0xe0, 0x38, 0xe0, 0x38, 0x78, 0xf8, 0x7f, 0xd8, 0x1f, 0x18, 0x0f,
    0xc1, 0xf0, 0x3f, 0xe7, 0xf8, 0x38, 0xff, 0x3c, 0x00, 0x3c, 0x0e, 0x00, 0x3c, 0x0e, 0x00, 0x38,
    0x0e, 0x00, 0x38, 0x06, 0x1f, 0xff, 0xfe, 0x3f, 0xff, 0xfe, 0x78, 0x38, 0x00, 0x70, 0x38, 0x00,
    0xe0, 0x38, 0x00, 0xe0, 0x3c, 0x00, 0xe0, 0x7e, 0x00, 0x79, 0xef, 0x0e, 0x7f, 0xc7, 0xfe, 0x1f,
    0x01, 0xf8, 0x0f, 0xe0, 0x3f, 0xe0, 0x78, 0x60, 0x70, 0x00, 0xe0, 0x00, 0xe0, 0x00, 0xe0, 0x00,
    0xc0, 0x00, 0xc0, 0x00, 0xc0, 0x00, 0xe0, 0x00, 0xe0, 0x00, 0xe0, 0x00, 0x70, 0x00, 0x78, 0x60,
    0x3f, 0xe0, 0x0f, 0xc0, 0x06, 0x00, 0x07, 0x00, 0x0b, 0x80, 0x01, 0x80, 0x01, 0x80, 0x1f, 0x80,
    0x1f, 0x00, 0x3c, 0x00, 0x1c, 0x00, 0x0e, 0x00, 0x06, 0x00, 0x03, 0x00, 0x00, 0x00, 0x00, 0x00,
    0x0f, 0xc0, 0x3f, 0xe0, 0x78, 0xf0, 0x70, 0x38, 0xe0, 0x38, 0xe0, 0x38, 0xc0, 0x18, 0xff, 0xf8,
    0xff, 0xf8, 0xc0, 0x00, 0xe0, 0x00, 0xe0, 0x00, 0xe0, 0x00, 0x70, 0x00, 0x7c, 0x38, 0x3f, 0xf8,
    0x0f, 0xe0, 0x00, 0xe0, 0x01, 0xc0, 0x01, 0x80, 0x03, 0x80, 0x07, 0x00, 0x00, 0x00, 0x00, 0x00,
    0x0f, 0xc0, 0x3f, 0xe0, 0x78, 0xf0, 0x70, 0x38, 0xe0, 0x38, 0xe0, 0x38, 0xc0, 0x18, 0xff, 0xf8,
    0xff, 0xf8, 0xc0, 0x00, 0xe0, 0x00, 0xe0, 0x00, 0xe0, 0x00, 0x70, 0x00, 0x7c, 0x38, 0x3f, 0xf8,
    0x0f, 0xe0, 0x07, 0x00, 0x0f, 0x80, 0x1f, 0x80, 0x38, 0xc0, 0x70, 0x60, 0x00, 0x00, 0x00, 0x00,
    0x0f, 0xc0, 0x3f, 0xe0, 0x78, 0xf0, 0x70, 0x38, 0xe0, 0x38, 0xe0, 0x38, 0xc0, 0x18, 0xff, 0xf8,
    0xff, 0xf8, 0xc0, 0x00, 0xe0, 0x00, 0xe0, 0x00, 0xe0, 0x00, 0x70, 0x00, 0x7c, 0x38, 0x3f, 0xf8,
    0x0f, 0xe0, 0x18, 0xe0, 0x38, 0xe0, 0x18, 0xe0, 0x00, 0x00, 0x00, 0x00, 0x00, 0x00, 0x0f, 0xc0,
    0x3f, 0xe0, 0x78, 0xf0, 0x70, 0x38, 0xe0, 0x38, 0xe0, 0x38, 0xc0, 0x18, 0xff, 0xf8, 0xff, 0xf8,
    0xc0, 0x00, 0xe0, 0x00, 0xe0, 0x00, 0xe0, 0x00, 0x70, 0x00, 0x7c, 0x38, 0x3f, 0xf8, 0x0f, 0xe0,
    0xf0, 0x70, 0x38, 0x18, 0x0c, 0x00, 0x00, 0x18, 0x18, 0x18, 0x18, 0x18, 0x18, 0x18, 0x18, 0x18,
    0x18, 0x18, 0x18, 0x18, 0x18, 0x18, 0x18, 0x18, 0x1c, 0x38, 0x30, 0x70, 0xe0, 0x00, 0x00, 0x60,
    0x60, 0x60, 0x60, 0x60, 0x60, 0x60, 0x60, 0x60, 0x60, 0x60, 0x60, 0x60, 0x60, 0x60, 0x60, 0x60,
    0x0e, 0x00, 0x1f, 0x00, 0x3f, 0x00, 0x71, 0x80, 0xe0, 0xc0, 0x00, 0x00, 0x00, 0x00, 0x0c, 0x00,
    0x0c, 0x00, 0x0c, 0x00, 0x0c, 0x00, 0x0c, 0x00, 0x0c, 0x00, 0x0c, 0x00, 0x0c, 0x00, 0x0c, 0x00,
    0x0c, 0x00, 0x0c, 0x00, 0x0c, 0x00, 0x0c, 0x00, 0x0c, 0x00, 0x0c, 0x00, 0x0c, 0x00, 0x0c, 0x00,
    0x63, 0x80, 0xe3, 0x80, 0x63, 0x80, 0x00, 0x00, 0x00, 0x00, 0x00, 0x00, 0x0c, 0x00, 0x0c, 0x00,
    0x0c, 0x00, 0x0c, 0x00, 0x0c, 0x00, 0x0c, 0x00, 0x0c, 0x00, 0x0c, 0x00, 0x0c, 0x00, 0x0c, 0x00,
    0x0c, 0x00, 0x0c, 0x00, 0x0c, 0x00, 0x0c, 0x00, 0x0c, 0x00, 0x0c, 0x00, 0x0c, 0x00, 0x0c, 0x10,
    0x1e, 0x78, 0x07, 0xf0, 0x03, 0xc0, 0x0f, 0xe0, 0x1e, 0xf0, 0x18, 0x70, 0x00, 0x38, 0x00, 0x18,
    0x0f, 0xdc, 0x3f, 0xfc, 0x78, 0x7c, 0xf0, 0x1c, 0xe0, 0x1c, 0xe0, 0x0e, 0xc0, 0x0e, 0xc0, 0x0c,
    0xc0, 0x0c, 0xe0, 0x0c, 0xe0, 0x1c, 0x70, 0x38, 0x78, 0x78, 0x3f, 0xf0, 0x0f, 0xc0, 0x1c, 0x10,
    0x3f, 0x30, 0x77, 0xe0, 0x61, 0xe0, 0x00, 0x00, 0x00, 0x00, 0xc7, 0xc0, 0xdf, 0xf0, 0xf8, 0xf0,
    0xe0, 0x38, 0xe0, 0x38, 0xc0, 0x38, 0xc0, 0x38, 0xc0, 0x38, 0xc0, 0x38, 0xc0, 0x38, 0xc0, 0x38,
    0xc0, 0x38, 0xc0, 0x38, 0xc0, 0x38, 0xc0, 0x38, 0xc0, 0x38, 0xc0, 0x38, 0x1e, 0x00, 0x0e, 0x00,
    0x07, 0x00, 0x03, 0x00, 0x01, 0x80, 0x00, 0x00, 0x00, 0x00, 0x0f, 0xc0, 0x3f, 0xf0, 0x7c, 0x78,
    0x70, 0x38, 0xe0, 0x1c, 0xe0, 0x1c, 0xe0, 0x0c, 0xc0, 0x0e, 0xc0, 0x0e, 0xc0, 0x0c, 0xe0, 0x0c,
    0xe0, 0x1c, 0xe0, 0x1c, 0x70, 0x38, 0x78, 0x78, 0x3f, 0xf0, 0x0f, 0xc0, 0x00, 0xe0, 0x01, 0xc0,
    0x01, 0x80, 0x03, 0x80, 0x07, 0x00, 0x00, 0x00, 0x00, 0x00, 0x0f, 0xc0, 0x3f, 0xf0, 0x7c, 0x78,
    0x70, 0x38, 0xe0, 0x1c, 0xe0, 0x1c, 0xe0, 0x0c, 0xc0, 0x0e, 0xc0, 0x0e, 0xc0, 0x0c, 0xe0, 0x0c,
    0xe0, 0x1c, 0xe0, 0x1c, 0x70, 0x38, 0x78, 0x78, 0x3f, 0xf0, 0x0f, 0xc0, 0x03, 0x80, 0x07, 0xc0,
    0x0f, 0xc0, 0x1c, 0x60, 0x38, 0x30, 0x00, 0x00, 0x00, 0x00, 0x0f, 0xc0, 0x3f, 0xf0, 0x7c, 0x78,
    0x70, 0x38, 0xe0, 0x1c, 0xe0, 0x1c, 0xe0, 0x0c, 0xc0, 0x0e, 0xc0, 0x0e, 0xc0, 0x0c, 0xe0, 0x0c,
    0xe0, 0x1c, 0xe0, 0x1c, 0x70, 0x38, 0x78, 0x78, 0x3f, 0xf0, 0x0f, 0xc0, 0x1c, 0x10, 0x3f, 0x30,
    0x77, 0xe0, 0x61, 0xe0, 0x00, 0x00, 0x00, 0x00, 0x0f, 0xc0, 0x3f, 0xf0, 0x7c, 0x78, 0x70, 0x38,
    0xe0, 0x1c, 0xe0, 0x1c, 0xe0, 0x0c, 0xc0, 0x0e, 0xc0, 0x0e, 0xc0, 0x0c, 0xe0, 0x0c, 0xe0, 0x1c,
    0xe0, 0x1c, 0x70, 0x38, 0x78, 0x78, 0x3f, 0xf0, 0x0f, 0xc0, 0x18, 0xe0, 0x38, 0xe0, 0x18, 0xe0,
    0x00, 0x00, 0x00, 0x00, 0x00, 0x00, 0x0f, 0xc0, 0x3f, 0xf0, 0x7c, 0x78, 0x70, 0x38, 0xe0, 0x1c,
    0xe0, 0x1c, 0xe0, 0x0c, 0xc0, 0x0e, 0xc0, 0x0e, 0xc0, 0x0c, 0xe0, 0x0c, 0xe0, 0x1c, 0xe0, 0x1c,
    0x70, 0x38, 0x78, 0x78, 0x3f, 0xf0, 0x0f, 0xc0, 0x03, 0x80, 0x03, 0x80, 0x03, 0x80, 0x03, 0x80,
    0x00, 0x00, 0x00, 0x00, 0xff, 0xfe, 0xff, 0xfe, 0x00, 0x00, 0x00, 0x00, 0x03, 0x80, 0x03, 0x80,
    0x03, 0x80, 0x03, 0x80, 0x00, 0x08, 0x0f, 0xdc, 0x3f, 0xf8, 0x7c, 0xf8, 0x70, 0x78, 0xe0, 0x7c,
    0xe0, 0xfc, 0xe1, 0xcc, 0xc1, 0x8c, 0xc3, 0x0e, 0xc7, 0x0c, 0xee, 0x0c, 0xec, 0x1c, 0xfc, 0x1c,
    0x78, 0x38, 0x7c, 0x78, 0x7f, 0xf0, 0xef, 0xc0, 0x40, 0x00, 0x1e, 0x00, 0x0e, 0x00, 0x07, 0x00,
    0x03, 0x00, 0x01, 0x80, 0x00, 0x00, 0x00, 0x00, 0xe0, 0x1c, 0xe0, 0x1c, 0xe0, 0x1c, 0xe0, 0x1c,
    0xe0, 0x1c, 0xe0, 0x1c, 0xe0, 0x1c, 0xe0, 0x1c, 0xe0, 0x1c, 0xe0, 0x1c, 0xe0, 0x1c, 0xe0, 0x1c,
    0xe0, 0x1c, 0x70, 0x3c, 0x78, 0xfc, 0x3f, 0xcc, 0x1f, 0x8c, 0x00, 0xe0, 0x01, 0xc0, 0x01, 0x80,
    0x03, 0x80, 0x07, 0x00, 0x00, 0x00, 0x00, 0x00, 0xe0, 0x1c, 0xe0, 0x1c, 0xe0, 0x1c, 0xe0, 0x1c,
    0xe0, 0x1c, 0xe0, 0x1c, 0xe0, 0x1c, 0xe0, 0x1c, 0xe0, 0x1c, 0xe0, 0x1c, 0xe0, 0x1c, 0xe0, 0x1c,
    0xe0, 0x1c, 0x70, 0x3c, 0x78, 0xfc, 0x3f, 0xcc, 0x1f, 0x8c, 0x03, 0x80, 0x07, 0xc0, 0x0f, 0xc0,
    0x1c, 0x60, 0x38, 0x30, 0x00, 0x00, 0x00, 0x00, 0xe0, 0x1c, 0xe0, 0x1c, 0xe0, 0x1c, 0xe0, 0x1c,
    0xe0, 0x1c, 0xe0, 0x1c, 0xe0, 0x1c, 0xe0, 0x1c, 0xe0, 0x1c, 0xe0, 0x1c, 0xe0, 0x1c, 0xe0, 0x1c,
    0xe0, 0x1c, 0x70, 0x3c, 0x78, 0xfc, 0x3f, 0xcc, 0x1f, 0x8c, 0x0c, 0x70, 0x1c, 0x70, 0x0c, 0x70,
    0x00, 0x00, 0x00, 0x00, 0x00, 0x00, 0xe0, 0x1c, 0xe0, 0x1c, 0xe0, 0x1c, 0xe0, 0x1c, 0xe0, 0x1c,
    0xe0, 0x1c, 0xe0, 0x1c, 0xe0, 0x1c, 0xe0, 0x1c, 0xe0, 0x1c, 0xe0, 0x1c, 0xe0, 0x1c, 0xe0, 0x1c,
    0x70, 0x3c, 0x78, 0xfc, 0x3f, 0xcc, 0x1f, 0x8c, 0x00, 0x70, 0x00, 0xe0, 0x00, 0xc0, 0x01, 0xc0,
    0x03, 0x80, 0x00, 0x00, 0x00, 0x00, 0xe0, 0x0e, 0x60, 0x0e, 0x70, 0x0c, 0x70, 0x1c, 0x38, 0x1c,
    0x38, 0x18, 0x18, 0x38, 0x1c, 0x38, 0x1c, 0x70, 0x0c, 0x70, 0x0e, 0x60, 0x06, 0x60, 0x06, 0xe0,
    0x07, 0xc0, 0x03, 0xc0, 0x03, 0xc0, 0x03, 0x80, 0x03, 0x80, 0x03, 0x80, 0x07, 0x00, 0x07, 0x00,
    0x1e, 0x00, 0xfc, 0x00, 0xf8, 0x00, 0xc0, 0x00, 0xc0, 0x00, 0xc0, 0x00, 0xc0, 0x00, 0xc0, 0x00,
    0xc0, 0x00, 0xc7, 0xc0, 0xdf, 0xe0, 0xf8, 0xf0, 0xe0, 0x38, 0xe0, 0x38, 0xc0, 0x1c, 0xc0, 0x1c,
    0xc0, 0x1c, 0xc0, 0x1c, 0xc0, 0x1c, 0xc0, 0x1c, 0xe0, 0x18, 0xe0, 0x38, 0xe0, 0x38, 0xf8, 0xf0,
    0xdf, 0xe0, 0xcf, 0xc0, 0xc0, 0x00, 0xc0, 0x00, 0xc0, 0x00, 0xc0, 0x00, 0xc0, 0x00, 0xc0, 0x00,
    0xc0, 0x00, 0x0c, 0x70, 0x1c, 0x70, 0x0c, 0x70, 0x00, 0x00, 0x00, 0x00, 0x00, 0x00, 0xe0, 0x0e,
    0x60, 0x0e, 0x70, 0x0c, 0x70, 0x1c, 0x38, 0x1c, 0x38, 0x18, 0x18, 0x38, 0x1c, 0x38, 0x1c, 0x70,
    0x0c, 0x70, 0x0e, 0x60, 0x06, 0x60, 0x06, 0xe0, 0x07, 0xc0, 0x03, 0xc0, 0x03, 0xc0, 0x03, 0x80,
    0x03, 0x80, 0x03, 0x80, 0x07, 0x00, 0x07, 0x00, 0x1e, 0x00, 0xfc, 0x00, 0xf8, 0x00,
};
static const recipe_glyph_t glyphs_regular_30[] = {
    {8, 0, 0, 0, 0, 0},  // 0x20
    {8, 2, 22, 4, 22, 0},  // 0x21
    {12, 2, 22, 8, 8, 22},  // 0x22
    {19, 1, 22, 18, 22, 30},  // 0x23
    {17, 2, 23, 13, 25, 96},  // 0x24
    {25, 1, 22, 22, 22, 146},  // 0x25
    {22, 2, 22, 20, 22, 212},  // 0x26
    {7, 2, 22, 3, 8, 278},  // 0x27
    {9, 1, 22, 7, 27, 286},  // 0x28
    {9, 1, 22, 7, 27, 313},  // 0x29
    {17, 1, 23, 14, 14, 340},  // 0x2A
    {17, 1, 18, 15, 15, 368},  // 0x2B
    {8, 1, 4, 5, 8, 398},  // 0x2C
    {10, 1, 10, 7, 2, 406},  // 0x2D
    {8, 2, 4, 4, 4, 408},  // 0x2E
    {11, 0, 22, 11, 22, 412},  // 0x2F
    {17, 1, 22, 15, 22, 456},  // 0x30
    {17, 3, 22, 8, 22, 500},  // 0x31
    {17, 1, 22, 15, 22, 522},  // 0x32
    {17, 1, 22, 14, 22, 566},  // 0x33
    {17, 1, 22, 16, 22, 610},  // 0x34
    {17, 2, 22, 13, 22, 654},  // 0x35
    {17, 2, 22, 14, 22, 698},  // 0x36
    {17, 1, 22, 15, 22, 742},  // 0x37
    {17, 1, 22, 15, 22, 786},  // 0x38
    {17, 1, 22, 15, 22, 830},  // 0x39
    {8, 2, 17, 4, 17, 874},  // 0x3A
    {8, 1, 17, 5, 21, 891},  // 0x3B
    {17, 1, 19, 15, 15, 912},  // 0x3C
    {17, 2, 16, 13, 8, 942},  // 0x3D
    {17, 1, 19, 15, 15, 958},  // 0x3E
    {13, 0, 22, 12, 22, 988},  // 0x3F
    {27, 2, 22, 23, 25, 1032},  // 0x40
    {19, 0, 22, 19, 22, 1107},  // 0x41
    {20, 3, 22, 15, 22, 1173},  // 0x42
    {19, 2, 22, 16, 22, 1217},  // 0x43
    {22, 3, 22, 17, 22, 1261},  // 0x44
    {17, 3, 22, 12, 22, 1327},  // 0x45
    {16, 3, 22, 12, 22, 1371},  // 0x46
    {22, 2, 22, 18, 22, 1415},  // 0x47
    {22, 3, 22, 16, 22, 1481},  // 0x48
    {10, 1, 22, 8, 22, 1525},  // 0x49
    {8, -3, 22, 7, 28, 1547},  // 0x4A
    {19, 3, 22, 16, 22, 1575},  // 0x4B
    {16, 3, 22, 12, 22, 1619},  // 0x4C
    {27, 3, 22, 21, 22, 1663},  // 0x4D
    {23, 3, 22, 17, 22, 1729},  // 0x4E
    {23, 2, 22, 20, 22, 1795},  // 0x4F
    {18, 3, 22, 14, 22, 1861},  // 0x50
    {23, 2, 22, 20, 27, 1905},  // 0x51
    {19, 3, 22, 15, 22, 1986},  // 0x52
    {16, 2, 22, 13, 22, 2030},  // 0x53
    {17, 0, 22, 16, 22, 2074},  // 0x54
    {22, 3, 22, 16, 22, 2118},  // 0x55
    {18, 0, 22, 18, 22, 2162},  // 0x56
    {28, 0, 22, 28, 22, 2228},  // 0x57
    {18, 0, 22, 17, 22, 2316},  // 0x58
    {17, 0, 22, 17, 22, 2382},  // 0x59
    {17, 1, 22, 15, 22, 2448},  // 0x5A
    {10, 2, 22, 7, 27, 2492},  // 0x5B
    {11, 0, 22, 11, 22, 2519},  // 0x5C
    {10, 1, 22, 6, 27, 2563},  // 0x5D
    {17, 1, 22, 15, 14, 2590},  // 0x5E
    {13, -1, -3, 13, 2, 2618},  // 0x5F
    {8, 1, 24, 6, 5, 2622},  // 0x60
    {17, 1, 17, 13, 17, 2627},  // 0x61
    {18, 3, 23, 14, 23, 2661},  // 0x62
    {14, 2, 17, 11, 17, 2707},  // 0x63
    {18, 2, 23, 14, 23, 2741},  // 0x64
    {17, 2, 17, 13, 17, 2787},  // 0x65
    {10, 0, 24, 12, 24, 2821},  // 0x66
    {18, 2, 17, 14, 24, 2869},  // 0x67
    {19, 3, 23, 13, 23, 2917},  // 0x68
    {8, 2, 23, 3, 23, 2963},  // 0x69
    {8, -2, 23, 7, 30, 2986},  // 0x6A
    {16, 3, 23, 13, 23, 3016},  // 0x6B
    {8, 3, 23, 2, 23, 3062},  // 0x6C
    {28, 3, 17, 23, 17, 3085},  // 0x6D
    {19, 3, 17, 13, 17, 3136},  // 0x6E
    {18, 2, 17, 15, 17, 3170},  // 0x6F
    {18, 3, 17, 14, 24, 3204},  // 0x70
    {18, 2, 17, 14, 24, 3252},  // 0x71
    {12, 3, 17, 9, 17, 3300},  // 0x72
    {14, 2, 17, 11, 17, 3334},  // 0x73
    {11, 0, 21, 10, 21, 3368},  // 0x74
    {19, 2, 17, 14, 17, 3410},  // 0x75
    {15, 0, 17, 15, 17, 3444},  // 0x76
    {24, 0, 17, 23, 17, 3478},  // 0x77
    {16, 1, 17, 14, 17, 3529},  // 0x78
    {15, 0, 17, 15, 24, 3563},  // 0x79
    {14, 1, 17, 12, 17, 3611},  // 0x7A
    {11, 1, 22, 9, 27, 3645},  // 0x7B
    {17, 7, 23, 2, 30, 3699},  // 0x7C
    {11, 1, 22, 10, 27, 3729},  // 0x7D
    {17, 1, 13, 15, 4, 3783},  // 0x7E
    {18, 3, 21, 12, 21, 3791},  // 0x7F
    {17, 1, 22, 16, 22, 3833},  // 0x80
    {0, 0, 0, 0, 0, 0},  // 0x81
    {8, 1, 4, 5, 8, 3877},  // 0x82
    {12, -1, 25, 14, 31, 3885},  // 0x83
    {12, 1, 4, 10, 8, 3947},  // 0x84
    {24, 2, 4, 20, 4, 3963},  // 0x85
    {15, 2, 23, 11, 23, 3975},  // 0x86
    {15, 2, 23, 12, 23, 4021},  // 0x87
    {13, 1, 24, 10, 5, 4067},  // 0x88
    {35, 1, 22, 33, 22, 4077},  // 0x89
    {16, 2, 29, 13, 29, 4187},  // 0x8A
    {9, 1, 15, 7, 12, 4245},  // 0x8B
    {28, 2, 22, 24, 22, 4257},  // 0x8C
    {0, 0, 0, 0, 0, 0},  // 0x8D
    {17, 1, 29, 15, 29, 4323},  // 0x8E
    {0, 0, 0, 0, 0, 0},  // 0x8F
    {0, 0, 0, 0, 0, 0},  // 0x90
    {5, 0, 22, 5, 8, 4381},  // 0x91
    {5, 0, 22, 5, 8, 4389},  // 0x92
    {11, 0, 22, 10, 8, 4397},  // 0x93
    {11, 0, 22, 10, 8, 4413},  // 0x94
    {11, 2, 16, 7, 8, 4429},  // 0x95
    {15, 1, 10, 13, 2, 4437},  // 0x96
    {30, 1, 10, 28, 2, 4441},  // 0x97
    {13, 1, 23, 11, 4, 4449},  // 0x98
    {23, 1, 22, 20, 11, 4457},  // 0x99
    {14, 2, 24, 11, 24, 4490},  // 0x9A
    {9, 1, 15, 7, 12, 4538},  // 0x9B
    {28, 2, 17, 25, 17, 4550},  // 0x9C
    {0, 0, 0, 0, 0, 0},  // 0x9D
    {14, 1, 24, 12, 24, 4618},  // 0x9E
    {17, 0, 28, 17, 28, 4666},  // 0x9F
    {8, 0, 0, 0, 0, 4750},  // 0xA0
    {8, 2, 17, 4, 22, 4750},  // 0xA1
    {17, 3, 22, 12, 22, 4772},  // 0xA2
    {17, 1, 22, 15, 22, 4816},  // 0xA3
    {17, 2, 18, 13, 14, 4860},  // 0xA4
    {17, 0, 22, 17, 22, 4888},  // 0xA5
    {17, 7, 23, 2, 30, 4954},  // 0xA6
    {15, 2, 24, 11, 24, 4984},  // 0xA7
    {17, 4, 23, 9, 3, 5032},  // 0xA8
    {25, 1, 23, 22, 23, 5038},  // 0xA9
    {11, 1, 22, 8, 10, 5107},  // 0xAA
    {15, 1, 15, 13, 12, 5117},  // 0xAB
    {17, 1, 13, 15, 8, 5141},  // 0xAC
    {10, 1, 10, 7, 2, 5157},  // 0xAD
    {25, 1, 23, 22, 23, 5159},  // 0xAE
    {15, -1, 27, 15, 2, 5228},  // 0xAF
    {13, 2, 23, 9, 10, 5232},  // 0xB0
    {17, 1, 19, 15, 19, 5252},  // 0xB1
    {11, 1, 25, 8, 13, 5290},  // 0xB2
    {11, 1, 26, 9, 14, 5303},  // 0xB3
    {8, 1, 24, 6, 5, 5331},  // 0xB4
    {19, 3, 17, 13, 24, 5336},  // 0xB5
    {20, 2, 23, 14, 28, 5384},  // 0xB6
    {8, 2, 13, 4, 4, 5440},  // 0xB7
    {7, 0, 1, 6, 8, 5444},  // 0xB8
    {11, 1, 25, 6, 13, 5452},  // 0xB9
    {11, 1, 22, 9, 10, 5465},  // 0xBA
    {15, 1, 15, 13, 12, 5485},  // 0xBB
    {22, 1, 22, 21, 22, 5509},  // 0xBC
    {23, 1, 22, 21, 22, 5575},  // 0xBD
    {23, 0, 23, 23, 23, 5641},  // 0xBE
    {13, 1, 17, 12, 23, 5710},  // 0xBF
    {19, 0, 29, 19, 29, 5756},  // 0xC0
    {19, 0, 29, 19, 29, 5843},  // 0xC1
    {19, 0, 29, 19, 29, 5930},  // 0xC2
    {19, 0, 28, 19, 28, 6017},  // 0xC3
    {19, 0, 28, 19, 28, 6101},  // 0xC4
    {19, 0, 28, 19, 28, 6185},  // 0xC5
    {26, -1, 22, 25, 22, 6269},  // 0xC6
    {19, 2, 22, 16, 29, 6357},  // 0xC7
    {17, 3, 29, 12, 29, 6415},  // 0xC8
    {17, 3, 29, 12, 29, 6473},  // 0xC9
    {17, 3, 29, 12, 29, 6531},  // 0xCA
    {17, 3, 28, 12, 28, 6589},  // 0xCB
    {10, 1, 29, 8, 29, 6645},  // 0xCC
    {10, 1, 29, 8, 29, 6674},  // 0xCD
    {10, 0, 29, 10, 29, 6703},  // 0xCE
    {10, 0, 28, 9, 28, 6761},  // 0xCF
    {22, 1, 22, 19, 22, 6817},  // 0xD0
    {23, 3, 28, 17, 28, 6883},  // 0xD1
    {23, 2, 29, 20, 29, 6967},  // 0xD2
    {23, 2, 29, 20, 29, 7054},  // 0xD3
    {23, 2, 29, 20, 29, 7141},  // 0xD4
    {23, 2, 28, 20, 28, 7228},  // 0xD5
    {23, 2, 28, 20, 28, 7312},  // 0xD6
    {17, 2, 18, 13, 13, 7396},  // 0xD7
    {23, 2, 23, 20, 24, 7422},  // 0xD8
    {22, 3, 29, 16, 29, 7494},  // 0xD9
    {22, 3, 29, 16, 29, 7552},  // 0xDA
    {22, 3, 29, 16, 29, 7610},  // 0xDB
    {22, 3, 28, 16, 28, 7668},  // 0xDC
    {17, 0, 29, 17, 29, 7724},  // 0xDD
    {18, 3, 22, 14, 22, 7811},  // 0xDE
    {19, 3, 24, 15, 24, 7855},  // 0xDF
    {17, 1, 24, 13, 24, 7903},  // 0xE0
    {17, 1, 24, 13, 24, 7951},  // 0xE1
    {17, 1, 24, 13, 24, 7999},  // 0xE2
    {17, 1, 23, 13, 23, 8047},  // 0xE3
    {17, 1, 23, 13, 23, 8093},  // 0xE4
    {17, 1, 26, 13, 26, 8139},  // 0xE5
    {26, 1, 17, 23, 17, 8191},  // 0xE6
    {14, 2, 17, 11, 24, 8242},  // 0xE7
    {17, 2, 24, 13, 24, 8290},  // 0xE8
    {17, 2, 24, 13, 24, 8338},  // 0xE9
    {17, 2, 24, 13, 24, 8386},  // 0xEA
    {17, 2, 23, 13, 23, 8434},  // 0xEB
    {8, 0, 24, 6, 24, 8480},  // 0xEC
    {8, 2, 24, 6, 24, 8504},  // 0xED
    {8, -1, 24, 10, 24, 8528},  // 0xEE
    {8, -1, 23, 9, 23, 8576},  // 0xEF
    {18, 2, 25, 15, 24, 8622},  // 0xF0
    {19, 3, 23, 13, 23, 8670},  // 0xF1
    {18, 2, 24, 15, 24, 8716},  // 0xF2
    {18, 2, 24, 15, 24, 8764},  // 0xF3
    {18, 2, 24, 15, 24, 8812},  // 0xF4
    {18, 2, 23, 15, 23, 8860},  // 0xF5
    {18, 2, 23, 15, 23, 8906},  // 0xF6
    {17, 1, 18, 15, 14, 8952},  // 0xF7
    {18, 2, 18, 15, 19, 8980},  // 0xF8
    {19, 2, 24, 14, 24, 9018},  // 0xF9
    {19, 2, 24, 14, 24, 9066},  // 0xFA
    {19, 2, 24, 14, 24, 9114},  // 0xFB
    {19, 2, 23, 14, 23, 9162},  // 0xFC
    {15, 0, 24, 15, 31, 9208},  // 0xFD
    {18, 3, 23, 14, 30, 9270},  // 0xFE
    {15, 0, 23, 15, 30, 9330},  // 0xFF
};
static const uint8_t bits_bold_12[] = {
    0xc0, 0xc0, 0xc0, 0xc0, 0x80, 0x80, 0x00, 0xc0, 0xc0, 0xb0, 0xb0, 0xb0, 0x16, 0x14, 0x34, 0x7e,
    0x2c, 0xfe, 0x28, 0x68, 0x68, 0x20, 0xf8, 0xa8, 0xe0, 0x70, 0x38, 0xa8, 0xf8, 0x20, 0x20, 0x71,
    0x00, 0xd3, 0x00, 0xd2, 0x00, 0xd7, 0xc0, 0x75, 0x40, 0x0f, 0x40, 0x0b, 0x40, 0x19, 0x40, 0x31,
    0xc0, 0x38, 0x00, 0x6c, 0x00, 0x6c, 0x00, 0x38, 0x00, 0x79, 0x80, 0x7f, 0x00, 0xcf, 0x00, 0x6f,
    0x00, 0x3f, 0x80, 0x80, 0x80, 0x80, 0x30, 0x60, 0x60, 0x40, 0x40, 0xc0, 0x40, 0x40, 0x40, 0x60,
    0x30, 0xc0, 0x60, 0x20, 0x20, 0x30, 0x30, 0x30, 0x20, 0x20, 0x60, 0xc0, 0x30, 0x10, 0xfc, 0x30,
    0x78, 0x28, 0x20, 0x20, 0xf8, 0x20, 0x20, 0x20, 0x60, 0x40, 0xc0, 0xe0, 0xc0, 0xc0, 0x18, 0x10,
    0x30, 0x30, 0x20, 0x60, 0x60, 0x40, 0xc0, 0x38, 0x6c, 0x4c, 0xc4, 0xc4, 0xc4, 0x4c, 0x6c, 0x38,
    0x30, 0x70, 0xf0, 0x30, 0x30, 0x30, 0x30, 0x30, 0x30, 0x78, 0xec, 0x0c, 0x0c, 0x1c, 0x18, 0x30,
    0x60, 0xfc, 0xf8, 0x6c, 0x0c, 0x0c, 0x30, 0x0c, 0x0c, 0xdc, 0xf8, 0x0c, 0x1c, 0x3c, 0x2c, 0x6c,
    0x4c, 0xfe, 0x0c, 0x0c, 0xf8, 0xc0, 0xc0, 0xf0, 0x98, 0x18, 0x18, 0xb8, 0xf0, 0x3c, 0x74, 0x40,
    0x7c, 0xec, 0xc4, 0x44, 0x6c, 0x38, 0xfc, 0x04, 0x0c, 0x08, 0x18, 0x18, 0x30, 0x30, 0x60, 0x38,
    0x6c, 0x4c, 0x6c, 0x38, 0x6c, 0xc4, 0x6c, 0x78, 0x78, 0x6c, 0xc4, 0xcc, 0x7c, 0x04, 0x0c, 0x5c,
    0x70, 0xc0, 0xc0, 0x00, 0x00, 0x00, 0xc0, 0xc0, 0x60, 0x60, 0x00, 0x00, 0x00, 0x00, 0x60, 0x40,
    0xc0, 0x08, 0x18, 0x70, 0xc0, 0xe0, 0x38, 0x08, 0xf8, 0x00, 0xf8, 0x80, 0xc0, 0x70, 0x18, 0x38,
    0xe0, 0x80, 0x78, 0xd8, 0x08, 0x18, 0x30, 0x20, 0x00, 0x70, 0x20, 0x3e, 0x00, 0x73, 0x00, 0xdf,
    0x80, 0xb6, 0x80, 0xa6, 0x80, 0xa6, 0x80, 0xbb, 0x80, 0x80, 0x00, 0xc2, 0x00, 0x7e, 0x00, 0x18,
    0x1c, 0x3c, 0x34, 0x26, 0x7e, 0x7e, 0x43, 0xc3, 0xf8, 0xdc, 0xcc, 0xcc, 0xf8, 0xcc, 0xcc, 0xcc,
    0xf8, 0x3c, 0x6c, 0xc0, 0xc0, 0xc0, 0xc0, 0xc0, 0xe4, 0x7c, 0xf8, 0xdc, 0xc6, 0xc6, 0xc6, 0xc6,
    0xc6, 0xdc, 0xf8, 0xf8, 0xc0, 0xc0, 0xc0, 0xf8, 0xc0, 0xc0, 0xc0, 0xf8, 0xf8, 0xc0, 0xc0, 0xc0,
    0xf8, 0xc0, 0xc0, 0xc0, 0xc0, 0x3e, 0x74, 0xc0, 0xc0, 0xde, 0xc6, 0xc6, 0xe6, 0x3e, 0xc6, 0xc6,
    0xc6, 0xc6, 0xfe, 0xc6, 0xc6, 0xc6, 0xc6, 0xf0, 0x60, 0x60, 0x60, 0x60, 0x60, 0x60, 0x60, 0xf0,
    0x30, 0x30, 0x30, 0x30, 0x30, 0x30, 0x30, 0x30, 0x30, 0x30, 0xe0, 0xc6, 0xcc, 0xd8, 0xf0, 0xf0,
    0xd8, 0xd8, 0xcc, 0xc6, 0xc0, 0xc0, 0xc0, 0xc0, 0xc0, 0xc0, 0xc0, 0xf8, 0xf8, 0xe1, 0x80, 0xe3,
    0x80, 0xe2, 0x80, 0xf2, 0x80, 0xf6, 0x80, 0xd4, 0x80, 0xd4, 0x80, 0xdc, 0x80, 0xcc, 0x80, 0xe3,
    0xe3, 0xf3, 0xf3, 0xdb, 0xdb, 0xcf, 0xc7, 0xc7, 0x3c, 0xee, 0xc3, 0xc3, 0xc3, 0xc3, 0xc3, 0xee,
    0x3c, 0xf8, 0xdc, 0xcc, 0xcc, 0xf8, 0xc0, 0xc0, 0xc0, 0xc0, 0x3c, 0xee, 0xc3, 0xc3, 0xc3, 0xc3,
    0xc3, 0xee, 0x3c, 0x0c, 0x07, 0xf8, 0xdc, 0xcc, 0xcc, 0xf8, 0xd8, 0xd8, 0xcc, 0xc6, 0x78, 0xd8,
    0x80, 0xe0, 0x70, 0x38, 0x18, 0x98, 0xf0, 0xfe, 0x10, 0x10, 0x10, 0x10, 0x10, 0x10, 0x10, 0x10,
    0xc6, 0xc6, 0xc6, 0xc6, 0xc6, 0xc6, 0xc6, 0xfe, 0x7c, 0xc3, 0xc2, 0x66, 0x66, 0x64, 0x2c, 0x3c,
    0x38, 0x18, 0xc6, 0x30, 0xc6, 0x60, 0x4e, 0x60, 0x6f, 0x60, 0x6b, 0x60, 0x6b, 0x40, 0x39, 0xc0,
    0x39, 0xc0, 0x31, 0xc0, 0xe7, 0x66, 0x3c, 0x3c, 0x18, 0x3c, 0x3c, 0x66, 0xc3, 0xc7, 0x66, 0x6c,
    0x3c, 0x38, 0x18, 0x18, 0x18, 0x18, 0xfe, 0x0c, 0x0c, 0x18, 0x30, 0x30, 0x60, 0x40, 0xfe, 0xe0,
    0x80, 0x80, 0x80, 0x80, 0x80, 0x80, 0x80, 0x80, 0x80, 0xe0, 0xc0, 0x40, 0x60, 0x60, 0x20, 0x30,
    0x30, 0x10, 0x18, 0xe0, 0x20, 0x20, 0x20, 0x20, 0x20, 0x20, 0x20, 0x20, 0x20, 0xe0, 0x10, 0x30,
    0x28, 0x68, 0x4c, 0xc6, 0xf8, 0xe0, 0x30, 0x7c, 0x6c, 0x04, 0x7c, 0xe4, 0x6c, 0x74, 0xc0, 0xc0,
    0xc0, 0xf8, 0xfc, 0xcc, 0xcc, 0xcc, 0xfc, 0xb8, 0x78, 0xd0, 0xc0, 0x80, 0xc0, 0xd8, 0x78, 0x0c,
    0x0c, 0x0c, 0x7c, 0xdc, 0xcc, 0x8c, 0xcc, 0xdc, 0x6c, 0x70, 0xd8, 0xcc, 0xfc, 0x80, 0xc8, 0x78,
    0x38, 0x68, 0x60, 0xf8, 0x60, 0x60, 0x60, 0x60, 0x60, 0x60, 0x7c, 0xdc, 0xcc, 0x8c, 0xcc, 0xdc,
    0x7c, 0x0c, 0x98, 0xf8, 0xc0, 0xc0, 0xc0, 0xf8, 0xfc, 0xcc, 0xcc, 0xcc, 0xcc, 0xcc, 0xc0, 0x00,
    0x00, 0xc0, 0xc0, 0xc0, 0xc0, 0xc0, 0xc0, 0xc0, 0x30, 0x00, 0x00, 0x30, 0x30, 0x30, 0x30, 0x30,
    0x30, 0x30, 0x30, 0xf0, 0xe0, 0xc0, 0xc0, 0xc0, 0xcc, 0xd8, 0xf0, 0xf0, 0xd8, 0xd8, 0xcc, 0xc0,
    0xc0, 0xc0, 0xc0, 0xc0, 0xc0, 0xc0, 0xc0, 0xc0, 0xc0, 0xbb, 0x80, 0xff, 0xc0, 0xcc, 0xc0, 0xcc,
    0xc0, 0xcc, 0xc0, 0xcc, 0xc0, 0xcc, 0xc0, 0xb8, 0xfc, 0xcc, 0xcc, 0xcc, 0xcc, 0xcc, 0x78, 0xd8,
    0xcc, 0x8c, 0xcc, 0xd8, 0x78, 0xb8, 0xdc, 0xcc, 0xcc, 0xcc, 0xfc, 0xf8, 0xc0, 0xc0, 0xc0, 0x7c,
    0xdc, 0xcc, 0x8c, 0xcc, 0xdc, 0x6c, 0x0c, 0x0c, 0x0c, 0xb0, 0xf0, 0xc0, 0xc0, 0xc0, 0xc0, 0xc0,
    0xf0, 0xd0, 0xc0, 0xf0, 0x18, 0xb0, 0xf0, 0x20, 0x60, 0xf8, 0x60, 0x60, 0x60, 0x60, 0x78, 0x38,
    0xcc, 0xcc, 0xcc, 0xcc, 0xcc, 0xdc, 0x7c, 0xc6, 0x44, 0x6c, 0x6c, 0x28, 0x38, 0x38, 0xcc, 0xc0,
    0x4c, 0xc0, 0x6e, 0x80, 0x7a, 0x80, 0x73, 0x80, 0x33, 0x80, 0x33, 0x00, 0xce, 0x6c, 0x38, 0x38,
    0x38, 0x6c, 0xc6, 0xc6, 0x44, 0x6c, 0x6c, 0x28, 0x38, 0x38, 0x30, 0xf0, 0xe0, 0x78, 0x18, 0x18,
    0x30, 0x60, 0x60, 0xfc, 0x30, 0x30, 0x20, 0x20, 0x60, 0xc0, 0x60, 0x20, 0x20, 0x20, 0x30, 0x80,
    0x80, 0x80, 0x80, 0x80, 0x80, 0x80, 0x80, 0x80, 0x80, 0x80, 0x80, 0x80, 0xe0, 0x60, 0x60, 0x60,
    0x20, 0x18, 0x30, 0x60, 0x60, 0x60, 0xe0, 0xe8, 0xb8, 0xf8, 0x88, 0x88, 0x88, 0x88, 0x88, 0x88,
    0x88, 0xf8, 0x1e, 0x34, 0x60, 0xf8, 0x60, 0xf8, 0x60, 0x34, 0x1c, 0x40, 0xc0, 0xc0, 0x1e, 0x1a,
    0x18, 0x3c, 0x18, 0x18, 0x18, 0x18, 0x18, 0x18, 0xd8, 0xf0, 0x70, 0x58, 0xd8, 0xd0, 0xd9, 0x80,
    0xd9, 0x80, 0x60, 0x60, 0x60, 0xf0, 0x60, 0x60, 0x60, 0x60, 0x60, 0x60, 0x60, 0x60, 0xb8, 0xf8,
    0x60, 0x60, 0xf8, 0xf8, 0x60, 0x60, 0x30, 0xd8, 0x71, 0x00, 0xd3, 0x00, 0xd2, 0x00, 0xd7, 0xcc,
    0x75, 0x5e, 0x0f, 0x52, 0x0b, 0x52, 0x19, 0x5e, 0x31, 0xcc, 0xcc, 0x30, 0x00, 0x3c, 0x6c, 0x40,
    0x70, 0x38, 0x1c, 0x0c, 0x4c, 0x78, 0x30, 0x60, 0xc0, 0x60, 0x30, 0x7f, 0xc0, 0xee, 0x00, 0xc6,
    0x00, 0xc6, 0x00, 0xc7, 0xc0, 0xc6, 0x00, 0xc6, 0x00, 0xee, 0x00, 0x7f, 0xc0, 0x66, 0x18, 0x00,
    0xfe, 0x0c, 0x0c, 0x18, 0x30, 0x30, 0x60, 0x40, 0xfe, 0x40, 0x40, 0xc0, 0x40, 0xc0, 0xc0, 0x48,
    0x58, 0xd8, 0x58, 0xd8, 0xd0, 0xc0, 0xe0, 0xe0, 0xc0, 0xfc, 0xff, 0xf0, 0x68, 0xf8, 0xe9, 0x4d,
    0x4f, 0x4f, 0xcc, 0x30, 0x00, 0x78, 0x68, 0x60, 0x78, 0x0c, 0x58, 0x78, 0xc0, 0x60, 0x30, 0x60,
    0xe0, 0x73, 0x80, 0xde, 0xc0, 0x8c, 0x40, 0x8f, 0xc0, 0x8c, 0x00, 0xde, 0x40, 0x73, 0xc0, 0xcc,
    0x30, 0x00, 0x78, 0x18, 0x18, 0x30, 0x60, 0x60, 0xfc, 0x6c, 0x00, 0xc7, 0x66, 0x6c, 0x3c, 0x38,
    0x18, 0x18, 0x18, 0x18, 0xc0, 0xc0, 0x00, 0x80, 0x80, 0xc0, 0xc0, 0xc0, 0xc0, 0x20, 0x78, 0xc8,
    0xc0, 0xc0, 0xc8, 0x78, 0x20, 0x20, 0x3c, 0x34, 0x20, 0x20, 0xfc, 0x20, 0x20, 0x60, 0xfe, 0xf8,
    0xd0, 0x98, 0xd8, 0xf8, 0x88, 0xc6, 0x6c, 0x6c, 0x38, 0x38, 0x7c, 0x7c, 0x10, 0x10, 0x80, 0x80,
    0x80, 0x80, 0x80, 0x00, 0x00, 0x00, 0x80, 0x80, 0x80, 0x80, 0x80, 0xf0, 0xd0, 0x80, 0xe0, 0x90,
    0xd0, 0x70, 0x10, 0xb0, 0xe0, 0xd8, 0x3c, 0x66, 0x9d, 0xa5, 0xa1, 0xa1, 0xa1, 0xdb, 0x7e, 0x70,
    0x70, 0xd0, 0x70, 0x36, 0x6c, 0xd8, 0x6c, 0x36, 0xf8, 0x08, 0x08, 0xe0, 0x3c, 0x66, 0xbd, 0xa5,
    0xb9, 0xa9, 0xa5, 0xc3, 0x7e, 0xfc, 0x70, 0x58, 0xd8, 0x70, 0x20, 0x20, 0x20, 0xf8, 0x20, 0x20,
    0x00, 0xf8, 0xf0, 0x50, 0x30, 0x60, 0xf0, 0x70, 0x90, 0x60, 0x10, 0xf0, 0x30, 0xc0, 0xcc, 0xcc,
    0xcc, 0xcc, 0xcc, 0xdc, 0xfc, 0xc0, 0xc0, 0xc0, 0x7c, 0xf4, 0xf4, 0xf4, 0xf4, 0xf4, 0x34, 0x14,
    0x14, 0x14, 0x14, 0xc0, 0xc0, 0x40, 0x20, 0xe0, 0x20, 0xe0, 0x20, 0x20, 0x20, 0x70, 0xd0, 0xd0,
    0x70, 0xd8, 0x6c, 0x36, 0x6c, 0xfc, 0x63, 0x00, 0xe2, 0x00, 0xa6, 0x00, 0x24, 0x00, 0x2d, 0x80,
    0x09, 0x80, 0x1a, 0x80, 0x17, 0xc0, 0x30, 0x80, 0x63, 0x00, 0xa2, 0x00, 0x26, 0x00, 0x27, 0xc0,
    0x29, 0xc0, 0x18, 0x80, 0x11, 0x00, 0x33, 0xc0, 0xe2, 0x00, 0xa6, 0x00, 0xc4, 0x00, 0x2c, 0x00,
    0xe9, 0x00, 0x1b, 0x00, 0x15, 0x00, 0x37, 0x80, 0x61, 0x00, 0x30, 0x30, 0x00, 0x10, 0x30, 0x60,
    0xc0, 0xf8, 0x7c, 0x38, 0x0c, 0x00, 0x18, 0x1c, 0x3c, 0x34, 0x26, 0x7e, 0x7e, 0x43, 0xc3, 0x06,
    0x18, 0x00, 0x18, 0x1c, 0x3c, 0x34, 0x26, 0x7e, 0x7e, 0x43, 0xc3, 0x18, 0x6c, 0x00, 0x18, 0x1c,
    0x3c, 0x34, 0x26, 0x7e, 0x7e, 0x43, 0xc3, 0x34, 0x3c, 0x40, 0x18, 0x1c, 0x3c, 0x34, 0x26, 0x7e,
    0x7e, 0x43, 0xc3, 0x36, 0x00, 0x18, 0x1c, 0x3c, 0x34, 0x26, 0x7e, 0x7e, 0x43, 0xc3, 0x18, 0x28,
    0x18, 0x18, 0x1c, 0x3c, 0x34, 0x26, 0x7e, 0x7e, 0x43, 0xc3, 0x0f, 0xe0, 0x1a, 0x00, 0x12, 0x00,
    0x32, 0x00, 0x33, 0xe0, 0x7e, 0x00, 0x62, 0x00, 0x42, 0x00, 0xc3, 0xe0, 0x3c, 0x6c, 0xc0, 0xc0,
    0xc0, 0xc0, 0xc0, 0xe4, 0x7c, 0x10, 0x08, 0x38, 0xe0, 0x30, 0x00, 0xf8, 0xc0, 0xc0, 0xc0, 0xf8,
    0xc0, 0xc0, 0xc0, 0xf8, 0x18, 0x60, 0x00, 0xf8, 0xc0, 0xc0, 0xc0, 0xf8, 0xc0, 0xc0, 0xc0, 0xf8,
    0x30, 0xd8, 0x00, 0xf8, 0xc0, 0xc0, 0xc0, 0xf8, 0xc0, 0xc0, 0xc0, 0xf8, 0xd8, 0x00, 0xf8, 0xc0,
    0xc0, 0xc0, 0xf8, 0xc0, 0xc0, 0xc0, 0xf8, 0xe0, 0x30, 0x00, 0xf0, 0x60, 0x60, 0x60, 0x60, 0x60,
    0x60, 0x60, 0xf0, 0x18, 0x60, 0x00, 0xf0, 0x60, 0x60, 0x60, 0x60, 0x60, 0x60, 0x60, 0xf0, 0x30,
    0xd8, 0x00, 0x78, 0x30, 0x30, 0x30, 0x30, 0x30, 0x30, 0x30, 0x78, 0xd8, 0x00, 0xf0, 0x60, 0x60,
    0x60, 0x60, 0x60, 0x60, 0x60, 0xf0, 0x7c, 0x6e, 0x63, 0x63, 0xf3, 0x63, 0x63, 0x6e, 0x7c, 0x34,
    0x3c, 0x40, 0xe3, 0xe3, 0xf3, 0xf3, 0xdb, 0xdb, 0xcf, 0xc7, 0xc7, 0x70, 0x18, 0x00, 0x3c, 0xee,
    0xc3, 0xc3, 0xc3, 0xc3, 0xc3, 0xee, 0x3c, 0x0c, 0x30, 0x00, 0x3c, 0xee, 0xc3, 0xc3, 0xc3, 0xc3,
    0xc3, 0xee, 0x3c, 0x18, 0x6c, 0x00, 0x3c, 0xee, 0xc3, 0xc3, 0xc3, 0xc3, 0xc3, 0xee, 0x3c, 0x34,
    0x3c, 0x40, 0x3c, 0xee, 0xc3, 0xc3, 0xc3, 0xc3, 0xc3, 0xee, 0x3c, 0x6c, 0x00, 0x3c, 0xee, 0xc3,
    0xc3, 0xc3, 0xc3, 0xc3, 0xee, 0x3c, 0x88, 0xd8, 0x70, 0x70, 0xd8, 0x3e, 0xee, 0xcf, 0xcb, 0xd3,
    0xd3, 0xe3, 0xee, 0xfc, 0x70, 0x18, 0x00, 0xc6, 0xc6, 0xc6, 0xc6, 0xc6, 0xc6, 0xc6, 0xfe, 0x7c,
    0x0c, 0x30, 0x00, 0xc6, 0xc6, 0xc6, 0xc6, 0xc6, 0xc6, 0xc6, 0xfe, 0x7c, 0x18, 0x6c, 0x00, 0xc6,
    0xc6, 0xc6, 0xc6, 0xc6, 0xc6, 0xc6, 0xfe, 0x7c, 0x6c, 0x00, 0xc6, 0xc6, 0xc6, 0xc6, 0xc6, 0xc6,
    0xc6, 0xfe, 0x7c, 0x0c, 0x30, 0x00, 0xc7, 0x66, 0x6c, 0x3c, 0x38, 0x18, 0x18, 0x18, 0x18, 0xc0,
    0xc0, 0xf8, 0xcc, 0xcc, 0xcc, 0xf8, 0xc0, 0xc0, 0x78, 0xec, 0xcc, 0xcc, 0xd8, 0xd8, 0xce, 0xc6,
    0xd6, 0xdc, 0x70, 0x18, 0x00, 0x7c, 0x6c, 0x04, 0x7c, 0xe4, 0x6c, 0x74, 0x0c, 0x30, 0x00, 0x7c,
    0x6c, 0x04, 0x7c, 0xe4, 0x6c, 0x74, 0x18, 0x6c, 0x00, 0x7c, 0x6c, 0x04, 0x7c, 0xe4, 0x6c, 0x74,
    0x34, 0x3c, 0x40, 0x7c, 0x6c, 0x04, 0x7c, 0xe4, 0x6c, 0x74, 0x6c, 0x00, 0x7c, 0x6c, 0x04, 0x7c,
    0xe4, 0x6c, 0x74, 0x18, 0x28, 0x18, 0x00, 0x7c, 0x6c, 0x04, 0x7c, 0xe4, 0x6c, 0x74, 0x7b, 0x80,
    0x6e, 0xc0, 0x0c, 0x40, 0x7f, 0xc0, 0xec, 0x00, 0x6e, 0x40, 0x73, 0xc0, 0x78, 0xd0, 0xc0, 0x80,
    0xc0, 0xd8, 0x78, 0x20, 0x10, 0x70, 0xe0, 0x30, 0x00, 0x70, 0xd8, 0xcc, 0xfc, 0x80, 0xc8, 0x78,
    0x18, 0x60, 0x00, 0x70, 0xd8, 0xcc, 0xfc, 0x80, 0xc8, 0x78, 0x30, 0xd8, 0x00, 0x70, 0xd8, 0xcc,
    0xfc, 0x80, 0xc8, 0x78, 0xd8, 0x00, 0x70, 0xd8, 0xcc, 0xfc, 0x80, 0xc8, 0x78, 0xe0, 0x30, 0x00,
    0x30, 0x30, 0x30, 0x30, 0x30, 0x30, 0x30, 0x30, 0xc0, 0x00, 0x60, 0x60, 0x60, 0x60, 0x60, 0x60,
    0x60, 0x30, 0xd8, 0x00, 0x30, 0x30, 0x30, 0x30, 0x30, 0x30, 0x30, 0xd8, 0x00, 0x30, 0x30, 0x30,
    0x30, 0x30, 0x30, 0x30, 0x48, 0x78, 0x78, 0x48, 0x7c, 0xcc, 0x8c, 0x8c, 0xd8, 0x78, 0x68, 0x78,
    0x80, 0xb8, 0xfc, 0xcc, 0xcc, 0xcc, 0xcc, 0xcc, 0xe0, 0x30, 0x00, 0x78, 0xd8, 0xcc, 0x8c, 0xcc,
    0xd8, 0x78, 0x18, 0x60, 0x00, 0x78, 0xd8, 0xcc, 0x8c, 0xcc, 0xd8, 0x78, 0x30, 0xd8, 0x00, 0x78,
    0xd8, 0xcc, 0x8c, 0xcc, 0xd8, 0x78, 0x68, 0x78, 0x80, 0x78, 0xd8, 0xcc, 0x8c, 0xcc, 0xd8, 0x78,
    0xd8, 0x00, 0x78, 0xd8, 0xcc, 0x8c, 0xcc, 0xd8, 0x78, 0x20, 0x00, 0xf8, 0x00, 0x20, 0x78, 0xd8,
    0x9c, 0xac, 0xec, 0xd8, 0xf8, 0x70, 0x18, 0x00, 0xcc, 0xcc, 0xcc, 0xcc, 0xcc, 0xdc, 0x7c, 0x18,
    0x60, 0x00, 0xcc, 0xcc, 0xcc, 0xcc, 0xcc, 0xdc, 0x7c, 0x30, 0xd8, 0x00, 0xcc, 0xcc, 0xcc, 0xcc,
    0xcc, 0xdc, 0x7c, 0xd8, 0x00, 0xcc, 0xcc, 0xcc, 0xcc, 0xcc, 0xdc, 0x7c, 0x0c, 0x30, 0x00, 0xc6,
    0x44, 0x6c, 0x6c, 0x28, 0x38, 0x38, 0x30, 0xf0, 0xe0, 0xc0, 0xc0, 0xc0, 0xf8, 0xfc, 0xcc, 0xcc,
    0xcc, 0xfc, 0xf8, 0xc0, 0xc0, 0xc0, 0x6c, 0x00, 0xc6, 0x44, 0x6c, 0x6c, 0x28, 0x38, 0x38, 0x30,
    0xf0, 0xe0,
};
static const recipe_glyph_t glyphs_bold_12[] = {
    {3, 0, 0, 0, 0, 0},  // 0x20
    {3, 1, 9, 2, 9, 0},  // 0x21
    {6, 1, 9, 4, 3, 9},  // 0x22
    {8, 0, 9, 7, 9, 12},  // 0x23
    {7, 1, 10, 5, 10, 21},  // 0x24
    {11, 0, 9, 10, 9, 31},  // 0x25
    {9, 0, 9, 9, 9, 49},  // 0x26
    {3, 1, 9, 1, 3, 67},  // 0x27
    {4, 0, 9, 4, 11, 70},  // 0x28
    {4, 0, 9, 4, 11, 81},  // 0x29
    {7, 0, 10, 6, 6, 92},  // 0x2A
    {7, 1, 7, 5, 6, 98},  // 0x2B
    {3, 0, 1, 3, 3, 104},  // 0x2C
    {4, 0, 5, 3, 1, 107},  // 0x2D
    {3, 1, 3, 2, 2, 108},  // 0x2E
    {5, 0, 9, 5, 9, 110},  // 0x2F
    {7, 0, 9, 6, 9, 119},  // 0x30
    {7, 1, 9, 4, 9, 128},  // 0x31
    {7, 0, 9, 6, 9, 137},  // 0x32
    {7, 0, 9, 6, 9, 146},  // 0x33
    {7, 0, 9, 7, 9, 155},  // 0x34
    {7, 1, 9, 5, 9, 164},  // 0x35
    {7, 0, 9, 6, 9, 173},  // 0x36
    {7, 0, 9, 6, 9, 182},  // 0x37
    {7, 0, 9, 6, 9, 191},  // 0x38
    {7, 0, 9, 6, 9, 200},  // 0x39
    {3, 1, 7, 2, 7, 209},  // 0x3A
    {3, 0, 7, 3, 9, 216},  // 0x3B
    {7, 1, 8, 5, 7, 225},  // 0x3C
    {7, 1, 7, 5, 3, 232},  // 0x3D
    {7, 1, 8, 5, 7, 235},  // 0x3E
    {6, 0, 9, 5, 9, 242},  // 0x3F
    {11, 1, 9, 9, 10, 251},  // 0x40
    {8, 0, 9, 8, 9, 271},  // 0x41
    {8, 1, 9, 6, 9, 280},  // 0x42
    {8, 1, 9, 6, 9, 289},  // 0x43
    {9, 1, 9, 7, 9, 298},  // 0x44
    {7, 1, 9, 5, 9, 307},  // 0x45
    {7, 1, 9, 5, 9, 316},  // 0x46
    {9, 1, 9, 7, 9, 325},  // 0x47
    {9, 1, 9, 7, 9, 334},  // 0x48
    {5, 0, 9, 4, 9, 343},  // 0x49
    {4, -1, 9, 4, 11, 352},  // 0x4A
    {8, 1, 9, 7, 9, 363},  // 0x4B
    {7, 1, 9, 5, 9, 372},  // 0x4C
    {11, 1, 9, 9, 9, 381},  // 0x4D
    {10, 1, 9, 8, 9, 399},  // 0x4E
    {9, 1, 9, 8, 9, 408},  // 0x4F
    {7, 1, 9, 6, 9, 417},  // 0x50
    {9, 1, 9, 8, 11, 426},  // 0x51
    {8, 1, 9, 7, 9, 437},  // 0x52
    {7, 1, 9, 5, 9, 446},  // 0x53
    {7, 0, 9, 7, 9, 455},  // 0x54
    {9, 1, 9, 7, 9, 464},  // 0x55
    {8, 0, 9, 8, 9, 473},  // 0x56
    {12, 0, 9, 12, 9, 482},  // 0x57
    {8, 0, 9, 8, 9, 500},  // 0x58
    {8, 0, 9, 8, 9, 509},  // 0x59
    {7, 0, 9, 7, 9, 518},  // 0x5A
    {4, 1, 9, 3, 11, 527},  // 0x5B
    {5, 0, 9, 5, 9, 538},  // 0x5C
    {4, 0, 9, 3, 11, 547},  // 0x5D
    {7, 0, 9, 7, 6, 558},  // 0x5E
    {5, -1, -1, 5, 1, 564},  // 0x5F
    {4, 0, 10, 4, 2, 565},  // 0x60
    {7, 0, 7, 6, 7, 567},  // 0x61
    {8, 1, 10, 6, 10, 574},  // 0x62
    {6, 1, 7, 5, 7, 584},  // 0x63
    {8, 1, 10, 6, 10, 591},  // 0x64
    {7, 1, 7, 6, 7, 601},  // 0x65
    {5, 0, 10, 5, 10, 608},  // 0x66
    {8, 1, 7, 6, 10, 618},  // 0x67
    {8, 1, 10, 6, 10, 628},  // 0x68
    {4, 1, 10, 2, 10, 638},  // 0x69
    {4, -1, 10, 4, 13, 648},  // 0x6A
    {7, 1, 10, 6, 10, 661},  // 0x6B
    {4, 1, 10, 2, 10, 671},  // 0x6C
    {12, 1, 7, 10, 7, 681},  // 0x6D
    {8, 1, 7, 6, 7, 695},  // 0x6E
    {8, 1, 7, 6, 7, 702},  // 0x6F
    {8, 1, 7, 6, 10, 709},  // 0x70
    {8, 1, 7, 6, 10, 719},  // 0x71
    {5, 1, 7, 4, 7, 729},  // 0x72
    {6, 1, 7, 5, 7, 736},  // 0x73
    {5, 0, 9, 5, 9, 743},  // 0x74
    {8, 1, 7, 6, 7, 752},  // 0x75
    {7, 0, 7, 7, 7, 759},  // 0x76
    {10, 0, 7, 10, 7, 766},  // 0x77
    {7, 0, 7, 7, 7, 780},  // 0x78
    {7, 0, 7, 7, 10, 787},  // 0x79
    {6, 0, 7, 6, 7, 797},  // 0x7A
    {5, 0, 9, 4, 11, 804},  // 0x7B
    {7, 3, 10, 1, 13, 815},  // 0x7C
    {5, 0, 9, 5, 11, 828},  // 0x7D
    {7, 1, 7, 5, 2, 839},  // 0x7E
    {7, 1, 9, 5, 9, 841},  // 0x7F
    {7, 0, 9, 7, 9, 850},  // 0x80
    {0, 0, 0, 0, 0, 0},  // 0x81
    {3, 0, 2, 2, 3, 859},  // 0x82
    {6, 0, 10, 7, 13, 862},  // 0x83
    {6, 0, 2, 5, 3, 875},  // 0x84
    {10, 1, 3, 9, 2, 878},  // 0x85
    {6, 1, 10, 4, 10, 882},  // 0x86
    {6, 1, 10, 5, 10, 892},  // 0x87
    {6, 0, 10, 5, 2, 902},  // 0x88
    {15, 0, 9, 15, 9, 904},  // 0x89
    {7, 0, 12, 6, 12, 922},  // 0x8A
    {4, 0, 7, 4, 5, 934},  // 0x8B
    {12, 1, 9, 10, 9, 939},  // 0x8C
    {0, 0, 0, 0, 0, 0},  // 0x8D
    {7, 0, 12, 7, 12, 957},  // 0x8E
    {0, 0, 0, 0, 0, 0},  // 0x8F
    {0, 0, 0, 0, 0, 0},  // 0x90
    {3, 0, 9, 2, 3, 969},  // 0x91
    {3, 0, 9, 2, 3, 972},  // 0x92
    {5, 0, 9, 5, 3, 975},  // 0x93
    {5, 0, 9, 5, 3, 978},  // 0x94
    {5, 1, 7, 3, 4, 981},  // 0x95
    {6, 0, 5, 6, 1, 985},  // 0x96
    {12, 0, 5, 12, 1, 986},  // 0x97
    {6, 0, 11, 5, 2, 988},  // 0x98
    {9, 0, 9, 8, 4, 990},  // 0x99
    {6, 0, 10, 6, 10, 994},  // 0x9A
    {4, 0, 7, 4, 5, 1004},  // 0x9B
    {12, 1, 7, 10, 7, 1009},  // 0x9C
    {0, 0, 0, 0, 0, 0},  // 0x9D
    {6, 0, 10, 6, 10, 1023},  // 0x9E
    {8, 0, 12, 8, 11, 1033},  // 0x9F
    {3, 0, 0, 0, 0, 1044},  // 0xA0
    {3, 1, 7, 2, 9, 1044},  // 0xA1
    {7, 1, 9, 5, 9, 1053},  // 0xA2
    {7, 0, 9, 7, 9, 1062},  // 0xA3
    {7, 1, 8, 5, 6, 1071},  // 0xA4
    {7, 0, 9, 7, 9, 1077},  // 0xA5
    {7, 3, 10, 1, 13, 1086},  // 0xA6
    {6, 1, 10, 4, 10, 1099},  // 0xA7
    {7, 1, 10, 5, 1, 1109},  // 0xA8
    {10, 1, 10, 8, 9, 1110},  // 0xA9
    {5, 0, 9, 4, 4, 1119},  // 0xAA
    {7, 0, 7, 7, 5, 1123},  // 0xAB
    {7, 1, 6, 5, 3, 1128},  // 0xAC
    {4, 0, 5, 3, 1, 1131},  // 0xAD
    {10, 1, 10, 8, 9, 1132},  // 0xAE
    {6, -1, 12, 6, 1, 1141},  // 0xAF
    {5, 0, 10, 5, 4, 1142},  // 0xB0
    {7, 1, 8, 5, 8, 1146},  // 0xB1
    {5, 0, 11, 4, 5, 1154},  // 0xB2
    {5, 0, 11, 4, 5, 1159},  // 0xB3
    {4, 0, 10, 4, 2, 1164},  // 0xB4
    {8, 1, 7, 6, 10, 1166},  // 0xB5
    {8, 1, 10, 6, 11, 1176},  // 0xB6
    {3, 1, 6, 2, 2, 1187},  // 0xB7
    {3, 0, 0, 3, 3, 1189},  // 0xB8
    {5, 0, 10, 3, 5, 1192},  // 0xB9
    {5, 0, 9, 4, 4, 1197},  // 0xBA
    {7, 0, 7, 7, 5, 1201},  // 0xBB
    {10, 0, 9, 10, 9, 1206},  // 0xBC
    {10, 0, 8, 10, 8, 1224},  // 0xBD
    {10, 1, 9, 9, 9, 1240},  // 0xBE
    {6, 0, 7, 6, 9, 1258},  // 0xBF
    {8, 0, 12, 8, 12, 1267},  // 0xC0
    {8, 0, 12, 8, 12, 1279},  // 0xC1
    {8, 0, 12, 8, 12, 1291},  // 0xC2
    {8, 0, 13, 8, 12, 1303},  // 0xC3
    {8, 0, 12, 8, 11, 1315},  // 0xC4
    {8, 0, 13, 8, 12, 1326},  // 0xC5
    {11, 0, 9, 11, 9, 1338},  // 0xC6
    {8, 1, 9, 6, 12, 1356},  // 0xC7
    {7, 1, 12, 5, 12, 1368},  // 0xC8
    {7, 1, 12, 5, 12, 1380},  // 0xC9
    {7, 1, 12, 5, 12, 1392},  // 0xCA
    {7, 1, 12, 5, 11, 1404},  // 0xCB
    {5, 0, 12, 4, 12, 1415},  // 0xCC
    {5, 0, 12, 5, 12, 1427},  // 0xCD
    {5, -1, 12, 5, 12, 1439},  // 0xCE
    {5, 0, 12, 5, 11, 1451},  // 0xCF
    {9, 0, 9, 8, 9, 1462},  // 0xD0
    {10, 1, 13, 8, 12, 1471},  // 0xD1
    {9, 1, 12, 8, 12, 1483},  // 0xD2
    {9, 1, 12, 8, 12, 1495},  // 0xD3
    {9, 1, 12, 8, 12, 1507},  // 0xD4
    {9, 1, 13, 8, 12, 1519},  // 0xD5
    {9, 1, 12, 8, 11, 1531},  // 0xD6
    {7, 1, 7, 5, 5, 1542},  // 0xD7
    {9, 1, 10, 8, 9, 1547},  // 0xD8
    {9, 1, 12, 7, 12, 1556},  // 0xD9
    {9, 1, 12, 7, 12, 1568},  // 0xDA
    {9, 1, 12, 7, 12, 1580},  // 0xDB
    {9, 1, 12, 7, 11, 1592},  // 0xDC
    {8, 0, 12, 8, 12, 1603},  // 0xDD
    {8, 1, 9, 6, 9, 1615},  // 0xDE
    {8, 1, 10, 7, 10, 1624},  // 0xDF
    {7, 0, 10, 6, 10, 1634},  // 0xE0
    {7, 0, 10, 6, 10, 1644},  // 0xE1
    {7, 0, 10, 6, 10, 1654},  // 0xE2
    {7, 0, 11, 6, 10, 1664},  // 0xE3
    {7, 0, 10, 6, 9, 1674},  // 0xE4
    {7, 0, 12, 6, 11, 1683},  // 0xE5
    {11, 0, 7, 10, 7, 1694},  // 0xE6
    {6, 1, 7, 5, 10, 1708},  // 0xE7
    {7, 1, 10, 6, 10, 1718},  // 0xE8
    {7, 1, 10, 6, 10, 1728},  // 0xE9
    {7, 1, 10, 6, 10, 1738},  // 0xEA
    {7, 1, 10, 6, 9, 1748},  // 0xEB
    {4, -1, 10, 4, 10, 1757},  // 0xEC
    {4, 0, 10, 4, 10, 1767},  // 0xED
    {4, -1, 10, 5, 10, 1777},  // 0xEE
    {4, -1, 10, 5, 9, 1787},  // 0xEF
    {8, 1, 10, 6, 10, 1796},  // 0xF0
    {8, 1, 11, 6, 10, 1806},  // 0xF1
    {8, 1, 10, 6, 10, 1816},  // 0xF2
    {8, 1, 10, 6, 10, 1826},  // 0xF3
    {8, 1, 10, 6, 10, 1836},  // 0xF4
    {8, 1, 11, 6, 10, 1846},  // 0xF5
    {8, 1, 10, 6, 9, 1856},  // 0xF6
    {7, 1, 8, 5, 5, 1865},  // 0xF7
    {7, 1, 8, 6, 7, 1870},  // 0xF8
    {8, 1, 10, 6, 10, 1877},  // 0xF9
    {8, 1, 10, 6, 10, 1887},  // 0xFA
    {8, 1, 10, 6, 10, 1897},  // 0xFB
    {8, 1, 10, 6, 9, 1907},  // 0xFC
    {7, 0, 10, 7, 13, 1916},  // 0xFD
    {8, 1, 10, 6, 13, 1929},  // 0xFE
    {7, 0, 10, 7, 12, 1942},  // 0xFF
};
static const uint8_t bits_bold_20[] = {
    0xf0, 0xe0, 0xe0, 0xe0, 0xe0, 0xe0, 0xe0, 0x60, 0x60, 0x00, 0x00, 0xe0, 0xf0, 0xe0, 0xee, 0xe6,
    0xe6, 0x66, 0x66, 0x06, 0x60, 0x0e, 0xe0, 0x0c, 0xc0, 0x0c, 0xc0, 0x7f, 0xf0, 0x7f, 0xf0, 0x1c,
    0xc0, 0x19, 0x80, 0xff, 0xf0, 0xff, 0xf0, 0x19, 0x80, 0x19, 0x80, 0x33, 0x00, 0x33, 0x00, 0x08,
    0x00, 0x0c, 0x00, 0x7f, 0x80, 0xff, 0x80, 0xe8, 0x80, 0xe8, 0x00, 0xf8, 0x00, 0x7e, 0x00, 0x1f,
    0x80, 0x0b, 0xc0, 0x09, 0xc0, 0xcb, 0x80, 0xff, 0x80, 0x7f, 0x00, 0x08, 0x00, 0x08, 0x00, 0x78,
    0x38, 0xfc, 0x30, 0xcc, 0x70, 0xcc, 0x60, 0xcc, 0xe0, 0xcc, 0xde, 0xcd, 0xbf, 0xfd, 0xb3, 0x7b,
    0x33, 0x07, 0x33, 0x06, 0x33, 0x0e, 0x33, 0x0c, 0x3f, 0x1c, 0x1e, 0x1f, 0x00, 0x7f, 0x80, 0x73,
    0x80, 0x73, 0x80, 0x77, 0x80, 0x3f, 0x00, 0x7e, 0x38, 0xff, 0x38, 0xe7, 0xf8, 0xe3, 0xf0, 0xe1,
    0xe0, 0xf1, 0xe0, 0x7f, 0xf0, 0x3f, 0x3c, 0xe0, 0xe0, 0xe0, 0x60, 0x60, 0x38, 0x30, 0x70, 0x60,
    0xe0, 0xe0, 0xe0, 0xc0, 0xc0, 0xc0, 0xe0, 0xe0, 0xe0, 0x60, 0x70, 0x30, 0x38, 0xc0, 0x60, 0x70,
    0x70, 0x30, 0x38, 0x38, 0x38, 0x38, 0x38, 0x38, 0x38, 0x30, 0x30, 0x70, 0x60, 0xc0, 0x1c, 0x00,
    0x1c, 0x00, 0x18, 0x00, 0xeb, 0x80, 0xff, 0x80, 0x1c, 0x00, 0x3e, 0x00, 0x77, 0x00, 0x22, 0x00,
    0x0c, 0x00, 0x0c, 0x00, 0x0c, 0x00, 0x0c, 0x00, 0xff, 0xc0, 0xff, 0xc0, 0x0c, 0x00, 0x0c, 0x00,
    0x0c, 0x00, 0x0c, 0x00, 0x60, 0xe0, 0xe0, 0xc0, 0xc0, 0xf8, 0xf8, 0xe0, 0xf0, 0xe0, 0x07, 0x07,
    0x06, 0x0e, 0x0c, 0x1c, 0x1c, 0x18, 0x38, 0x38, 0x70, 0x70, 0x60, 0xe0, 0x3e, 0x00, 0x7f, 0x00,
    0xf3, 0x80, 0xe3, 0x80, 0xe1, 0x80, 0xe1, 0xc0, 0xe1, 0xc0, 0xe1, 0xc0, 0xe1, 0xc0, 0xe1, 0xc0,
    0xe3, 0x80, 0x73, 0x80, 0x7f, 0x00, 0x3e, 0x00, 0x0e, 0x1e, 0x3e, 0xfe, 0x6e, 0x0e, 0x0e, 0x0e,
    0x0e, 0x0e, 0x0e, 0x0e, 0x0e, 0x0e, 0x3e, 0x00, 0xff, 0x80, 0xe3, 0x80, 0x43, 0x80, 0x03, 0x80,
    0x03, 0x80, 0x07, 0x80, 0x0f, 0x00, 0x1e, 0x00, 0x3c, 0x00, 0x78, 0x00, 0xf0, 0x00, 0xff, 0xc0,
    0xff, 0xc0, 0x7e, 0x00, 0xff, 0x80, 0x67, 0x80, 0x03, 0x80, 0x03, 0x80, 0x07, 0x00, 0x3e, 0x00,
    0x3f, 0x00, 0x03, 0x80, 0x03, 0xc0, 0x03, 0xc0, 0xc7, 0x80, 0xff, 0x80, 0xfe, 0x00, 0x03, 0x80,
    0x03, 0x80, 0x07, 0x80, 0x0d, 0x80, 0x1f, 0x80, 0x1b, 0x80, 0x33, 0x80, 0x73, 0x80, 0x63, 0x80,
    0xff, 0xe0, 0xff, 0xe0, 0x03, 0x80, 0x03, 0x80, 0x03, 0x80, 0x7f, 0x80, 0x7f, 0x80, 0x60, 0x00,
    0x60, 0x00, 0xe0, 0x00, 0xff, 0x00, 0xff, 0x80, 0x03, 0x80, 0x03, 0x80, 0x03, 0xc0, 0x03, 0x80,
    0xc7, 0x80, 0xff, 0x00, 0xfe, 0x00, 0x0f, 0x80, 0x3f, 0x80, 0x78, 0x00, 0x60, 0x00, 0xe0, 0x00,
    0xff, 0x00, 0xff, 0x80, 0xe3, 0xc0, 0xe1, 0xc0, 0xe1, 0xc0, 0xe1, 0xc0, 0xf3, 0x80, 0x7f, 0x80,
    0x1e, 0x00, 0xff, 0xc0, 0xff, 0xc0, 0x03, 0x80, 0x03, 0x80, 0x03, 0x80, 0x07, 0x00, 0x07, 0x00,
    0x0e, 0x00, 0x0e, 0x00, 0x1c, 0x00, 0x1c, 0x00, 0x38, 0x00, 0x38, 0x00, 0x78, 0x00, 0x3e, 0x00,
    0x7f, 0x80, 0xf3, 0x80, 0xe3, 0x80, 0xe3, 0x80, 0x7f, 0x00, 0x3e, 0x00, 0x7f, 0x00, 0xe3, 0x80,
    0xe1, 0xc0, 0xe1, 0xc0, 0xe3, 0xc0, 0xff, 0x80, 0x3e, 0x00, 0x3e, 0x00, 0x7f, 0x00, 0xf3, 0x80,
    0xe3, 0x80, 0xe1, 0xc0, 0xe1, 0xc0, 0xe3, 0xc0, 0xff, 0xc0, 0x3d, 0xc0, 0x01, 0x80, 0x03, 0x80,
    0x0f, 0x00, 0x7e, 0x00, 0x7c, 0x00, 0xe0, 0xf0, 0xe0, 0x00, 0x00, 0x00, 0x00, 0x00, 0xe0, 0xf0,
    0xe0, 0xe0, 0xf0, 0xe0, 0x00, 0x00, 0x00, 0x00, 0x00, 0x60, 0xe0, 0xe0, 0xc0, 0xc0, 0x00, 0x40,
    0x00, 0xc0, 0x03, 0xc0, 0x0f, 0x00, 0x3c, 0x00, 0xf0, 0x00, 0xf0, 0x00, 0x3e, 0x00, 0x0f, 0x80,
    0x03, 0xc0, 0x00, 0xc0, 0xff, 0xc0, 0xff, 0xc0, 0x00, 0x00, 0x00, 0x00, 0xff, 0xc0, 0xff, 0xc0,
    0x80, 0x00, 0xc0, 0x00, 0xf0, 0x00, 0x7c, 0x00, 0x1f, 0x00, 0x03, 0xc0, 0x07, 0xc0, 0x1f, 0x00,
    0xfc, 0x00, 0xe0, 0x00, 0x80, 0x00, 0x3e, 0x00, 0xff, 0x80, 0x63, 0x80, 0x03, 0x80, 0x03, 0x80,
    0x07, 0x00, 0x0e, 0x00, 0x1c, 0x00, 0x18, 0x00, 0x00, 0x00, 0x00, 0x00, 0x1c, 0x00, 0x3c, 0x00,
    0x1c, 0x00, 0x07, 0xf0, 0x1f, 0xf8, 0x3e, 0x3c, 0x73, 0xee, 0x67, 0xf7, 0xee, 0x33, 0xcc, 0x33,
    0xcc, 0x73, 0xcc, 0x73, 0xce, 0x77, 0xcf, 0xfe, 0xe7, 0x9c, 0x70, 0x00, 0x3c, 0x30, 0x1f, 0xf0,
    0x07, 0xe0, 0x07, 0x80, 0x0f, 0x80, 0x0f, 0xc0, 0x0f, 0xc0, 0x1c, 0xc0, 0x1c, 0xe0, 0x1c, 0xe0,
    0x38, 0x60, 0x3f, 0xf0, 0x3f, 0xf0, 0x7f, 0xf8, 0x70, 0x38, 0x70, 0x38, 0xe0, 0x3c, 0xff, 0x00,
    0xff, 0x80, 0xe3, 0xc0, 0xe1, 0xc0, 0xe1, 0xc0, 0xe3, 0x80, 0xff, 0x00, 0xff, 0x80, 0xe1, 0xc0,
    0xe1, 0xc0, 0xe1, 0xc0, 0xe3, 0xc0, 0xff, 0x80, 0xff, 0x00, 0x0f, 0xc0, 0x3f, 0xe0, 0x7c, 0x60,
    0x70, 0x00, 0xf0, 0x00, 0xe0, 0x00, 0xe0, 0x00, 0xe0, 0x00, 0xe0, 0x00, 0xf0, 0x00, 0x70, 0x00,
    0x7c, 0x60, 0x3f, 0xe0, 0x0f, 0xc0, 0xff, 0x00, 0xff, 0x80, 0xe3, 0xc0, 0xe1, 0xe0, 0xe0, 0xe0,
    0xe0, 0xe0, 0xe0, 0xf0, 0xe0, 0xf0, 0xe0, 0xe0, 0xe0, 0xe0, 0xe1, 0xe0, 0xe3, 0xc0, 0xff, 0x80,
    0xfe, 0x00, 0xff, 0xff, 0xe0, 0xe0, 0xe0, 0xe0, 0xff, 0xff, 0xe0, 0xe0, 0xe0, 0xe0, 0xff, 0xff,
    0xff, 0xff, 0xe0, 0xe0, 0xe0, 0xe0, 0xff, 0xff, 0xe0, 0xe0, 0xe0, 0xe0, 0xe0, 0xe0, 0x0f, 0xe0,
    0x1f, 0xf0, 0x3c, 0x60, 0x78, 0x00, 0x70, 0x00, 0xe0, 0x00, 0xe3, 0xf0, 0xe3, 0xf0, 0xe0, 0x70,
    0xf0, 0x70, 0x70, 0x70, 0x7c, 0x70, 0x3f, 0xf0, 0x0f, 0xe0, 0xe0, 0xf0, 0xe0, 0xf0, 0xe0, 0xf0,
    0xe0, 0xf0, 0xe0, 0xf0, 0xe0, 0xf0, 0xff, 0xf0, 0xff, 0xf0, 0xe0, 0xf0, 0xe0, 0xf0, 0xe0, 0xf0,
    0xe0, 0xf0, 0xe0, 0xf0, 0xe0, 0xf0, 0xfc, 0xfc, 0x78, 0x70, 0x70, 0x70, 0x70, 0x70, 0x70, 0x70,
    0x70, 0x70, 0xfc, 0xfc, 0x1c, 0x1c, 0x1c, 0x1c, 0x1c, 0x1c, 0x1c, 0x1c, 0x1c, 0x1c, 0x1c, 0x1c,
    0x1c, 0x1c, 0x1c, 0x3c, 0xf8, 0xf0, 0xe1, 0xe0, 0xe1, 0xc0, 0xe3, 0x80, 0xe7, 0x00, 0xef, 0x00,
    0xee, 0x00, 0xfc, 0x00, 0xfe, 0x00, 0xff, 0x00, 0xe7, 0x00, 0xe3, 0x80, 0xe3, 0xc0, 0xe1, 0xc0,
    0xe0, 0xe0, 0xe0, 0x00, 0xe0, 0x00, 0xe0, 0x00, 0xe0, 0x00, 0xe0, 0x00, 0xe0, 0x00, 0xe0, 0x00,
    0xe0, 0x00, 0xe0, 0x00, 0xe0, 0x00, 0xe0, 0x00, 0xff, 0x80, 0xff, 0x80, 0xff, 0x80, 0xf0, 0x1e,
    0xf0, 0x3e, 0xf8, 0x3e, 0xd8, 0x3e, 0xd8, 0x7e, 0xdc, 0x6e, 0xcc, 0x6e, 0xec, 0xee, 0xee, 0xce,
    0xee, 0xce, 0xe7, 0xce, 0xe7, 0x8e, 0xe7, 0x8e, 0xe3, 0x8e, 0xf0, 0x30, 0xf8, 0x30, 0xf8, 0x30,
    0xfc, 0x30, 0xdc, 0x30, 0xce, 0x30, 0xce, 0x30, 0xe7, 0x30, 0xe7, 0xb0, 0xe3, 0xb0, 0xe1, 0xf0,
    0xe1, 0xf0, 0xe0, 0xf0, 0xe0, 0xf0, 0x0f, 0xc0, 0x3f, 0xf0, 0x7c, 0xf8, 0x70, 0x38, 0xf0, 0x38,
    0xe0, 0x3c, 0xe0, 0x3c, 0xe0, 0x3c, 0xe0, 0x3c, 0xf0, 0x38, 0x70, 0x38, 0x7c, 0xf8, 0x3f, 0xf0,
    0x0f, 0xc0, 0xfe, 0x00, 0xff, 0x80, 0xe7, 0x80, 0xe3, 0xc0, 0xe3, 0xc0, 0xe3, 0x80, 0xe7, 0x80,
    0xff, 0x00, 0xfe, 0x00, 0xe0, 0x00, 0xe0, 0x00, 0xe0, 0x00, 0xe0, 0x00, 0xe0, 0x00, 0x0f, 0xc0,
    0x3f, 0xf0, 0x7c, 0xf8, 0x70, 0x38, 0xf0, 0x38, 0xe0, 0x3c, 0xe0, 0x3c, 0xe0, 0x3c, 0xe0, 0x3c,
    0xf0, 0x38, 0x70, 0x38, 0x7c, 0xf8, 0x3f, 0xf0, 0x0f, 0xc0, 0x00, 0xe0, 0x00, 0xf0, 0x00, 0x7c,
    0xfe, 0x00, 0xff, 0x80, 0xe3, 0x80, 0xe3, 0xc0, 0xe1, 0xc0, 0xe3, 0x80, 0xff, 0x80, 0xfe, 0x00,
    0xe7, 0x00, 0xe7, 0x00, 0xe3, 0x80, 0xe3, 0xc0, 0xe1, 0xc0, 0xe1, 0xe0, 0x3f, 0x00, 0x7f, 0x80,
    0xf3, 0x00, 0xe0, 0x00, 0xe0, 0x00, 0xf8, 0x00, 0x7e, 0x00, 0x3f, 0x00, 0x07, 0x80, 0x03, 0x80,
    0x03, 0x80, 0xe7, 0x80, 0xff, 0x00, 0x7e, 0x00, 0xff, 0xe0, 0xff, 0xe0, 0x0e, 0x00, 0x0e, 0x00,
    0x0e, 0x00, 0x0e, 0x00, 0x0e, 0x00, 0x0e, 0x00, 0x0e, 0x00, 0x0e, 0x00, 0x0e, 0x00, 0x0e, 0x00,
    0x0e, 0x00, 0x0e, 0x00, 0xe0, 0xe0, 0xe0, 0xe0, 0xe0, 0xe0, 0xe0, 0xe0, 0xe0, 0xe0, 0xe0, 0xe0,
    0xe0, 0xe0, 0xe0, 0xe0, 0xe0, 0xe0, 0xe0, 0xe0, 0xe0, 0xe0, 0xff, 0xe0, 0x7f, 0xc0, 0x1f, 0x00,
    0xe0, 0x38, 0x70, 0x70, 0x70, 0x70, 0x70, 0x70, 0x38, 0xe0, 0x38, 0xe0, 0x38, 0xe0, 0x18, 0xc0,
    0x1d, 0xc0, 0x1d, 0xc0, 0x0d, 0x80, 0x0f, 0x80, 0x0f, 0x80, 0x07, 0x00, 0xe0, 0xe0, 0xe0, 0xe0,
    0xe0, 0xe0, 0x70, 0xf0, 0xe0, 0x71, 0xf0, 0xc0, 0x71, 0xb1, 0xc0, 0x71, 0xb9, 0xc0, 0x39, 0xb9,
    0xc0, 0x3b, 0x99, 0x80, 0x3b, 0x9b, 0x80, 0x3b, 0x1f, 0x80, 0x1b, 0x1f, 0x80, 0x1f, 0x0f, 0x00,
    0x1e, 0x0f, 0x00, 0x0e, 0x0f, 0x00, 0xf0, 0x78, 0x78, 0x70, 0x38, 0xe0, 0x1d, 0xe0, 0x1d, 0xc0,
    0x0f, 0x80, 0x07, 0x80, 0x0f, 0x80, 0x0f, 0xc0, 0x1d, 0xc0, 0x3c, 0xe0, 0x38, 0xf0, 0x70, 0x70,
    0xf0, 0x78, 0xf0, 0x78, 0x70, 0xf0, 0x78, 0xe0, 0x39, 0xe0, 0x3d, 0xc0, 0x1d, 0x80, 0x0f, 0x80,
    0x0f, 0x00, 0x07, 0x00, 0x07, 0x00, 0x07, 0x00, 0x07, 0x00, 0x07, 0x00, 0x07, 0x00, 0x7f, 0xe0,
    0x7f, 0xe0, 0x01, 0xc0, 0x03, 0xc0, 0x03, 0x80, 0x07, 0x00, 0x0f, 0x00, 0x0e, 0x00, 0x1c, 0x00,
    0x3c, 0x00, 0x38, 0x00, 0x70, 0x00, 0xff, 0xe0, 0xff, 0xe0, 0xf8, 0xf8, 0xe0, 0xe0, 0xe0, 0xe0,
    0xe0, 0xe0, 0xe0, 0xe0, 0xe0, 0xe0, 0xe0, 0xe0, 0xe0, 0xf8, 0xf8, 0xe0, 0x60, 0x70, 0x70, 0x38,
    0x38, 0x18, 0x1c, 0x1c, 0x0c, 0x0e, 0x0e, 0x07, 0x07, 0xf8, 0xf8, 0x18, 0x18, 0x18, 0x18, 0x18,
    0x18, 0x18, 0x18, 0x18, 0x18, 0x18, 0x18, 0x18, 0xf8, 0xf8, 0x0c, 0x00, 0x0e, 0x00, 0x0e, 0x00,
    0x1b, 0x00, 0x1b, 0x80, 0x31, 0x80, 0x31, 0xc0, 0x60, 0xc0, 0xe0, 0xe0, 0xff, 0xf0, 0x70, 0x1c,
    0x3f, 0x00, 0x7f, 0x80, 0x23, 0x80, 0x01, 0xc0, 0x3f, 0xc0, 0xff, 0xc0, 0xf1, 0xc0, 0xe3, 0xc0,
    0xe7, 0xc0, 0xff, 0xc0, 0x79, 0xc0, 0xe0, 0x00, 0xe0, 0x00, 0xe0, 0x00, 0xe0, 0x00, 0xe7, 0x80,
    0xef, 0xc0, 0xf9, 0xc0, 0xf1, 0xc0, 0xf0, 0xe0, 0xe0, 0xe0, 0xf0, 0xe0, 0xf1, 0xc0, 0xf9, 0xc0,
    0xff, 0xc0, 0xef, 0x00, 0x1f, 0x80, 0x7f, 0x00, 0x71, 0x00, 0xe0, 0x00, 0xe0, 0x00, 0xe0, 0x00,
    0xe0, 0x00, 0xe0, 0x00, 0x71, 0x00, 0x7f, 0x00, 0x1f, 0x00, 0x01, 0xc0, 0x01, 0xc0, 0x01, 0xc0,
    0x01, 0xc0, 0x3d, 0xc0, 0x7f, 0xc0, 0xf3, 0xc0, 0xe1, 0xc0, 0xe1, 0xc0, 0xe1, 0xc0, 0xe1, 0xc0,
    0xe1, 0xc0, 0xf3, 0xc0, 0x7f, 0xc0, 0x3c, 0xc0, 0x1f, 0x00, 0x7f, 0x80, 0x73, 0xc0, 0xe1, 0xc0,
    0xff, 0xc0, 0xff, 0xc0, 0xe0, 0x00, 0xe0, 0x00, 0x70, 0x80, 0x7f, 0x80, 0x1f, 0x80, 0x1f, 0x80,
    0x3f, 0x00, 0x39, 0x00, 0x38, 0x00, 0x7f, 0x00, 0xff, 0x00, 0x38, 0x00, 0x38, 0x00, 0x38, 0x00,
    0x38, 0x00, 0x38, 0x00, 0x38, 0x00, 0x38, 0x00, 0x38, 0x00, 0x38, 0x00, 0x3c, 0xc0, 0x7f, 0xc0,
    0xf3, 0xc0, 0xe1, 0xc0, 0xe1, 0xc0, 0xe1, 0xc0, 0xe1, 0xc0, 0xe1, 0xc0, 0xf3, 0xc0, 0x7f, 0xc0,
    0x3d, 0xc0, 0x01, 0xc0, 0x01, 0xc0, 0x63, 0xc0, 0x7f, 0x80, 0x7f, 0x00, 0xe0, 0x00, 0xe0, 0x00,
    0xe0, 0x00, 0xe0, 0x00, 0xe7, 0x80, 0xef, 0xc0, 0xf9, 0xc0, 0xf1, 0xe0, 0xf0, 0xe0, 0xe0, 0xe0,
    0xe0, 0xe0, 0xe0, 0xe0, 0xe0, 0xe0, 0xe0, 0xe0, 0xe0, 0xe0, 0x60, 0xf0, 0x60, 0x00, 0xf0, 0xf0,
    0xf0, 0xf0, 0xf0, 0xf0, 0xf0, 0xf0, 0xf0, 0xf0, 0xf0, 0x18, 0x3c, 0x18, 0x00, 0x38, 0x38, 0x38,
    0x38, 0x38, 0x38, 0x38, 0x38, 0x38, 0x38, 0x38, 0x38, 0x38, 0xb8, 0xf8, 0xf0, 0xe0, 0x00, 0xe0,
    0x00, 0xe0, 0x00, 0xe0, 0x00, 0xe3, 0xc0, 0xe7, 0x80, 0xe7, 0x00, 0xee, 0x00, 0xdc, 0x00, 0xfc,
    0x00, 0xfe, 0x00, 0xef, 0x00, 0xe7, 0x80, 0xe3, 0x80, 0xe1, 0xc0, 0xe0, 0xe0, 0xe0, 0xe0, 0xe0,
    0xe0, 0xe0, 0xe0, 0xe0, 0xe0, 0xe0, 0xe0, 0xe0, 0xe0, 0xe0, 0xef, 0x9f, 0x00, 0xff, 0xff, 0x80,
    0xfb, 0xe7, 0x80, 0xf1, 0xe3, 0x80, 0xf1, 0xc3, 0x80, 0xe1, 0xc3, 0x80, 0xe1, 0xc3, 0x80, 0xe1,
    0xc3, 0x80, 0xe1, 0xc3, 0x80, 0xe1, 0xc3, 0x80, 0xe1, 0xc3, 0x80, 0xef, 0x80, 0xff, 0xc0, 0xf9,
    0xc0, 0xf1, 0xe0, 0xf0, 0xe0, 0xe0, 0xe0, 0xe0, 0xe0, 0xe0, 0xe0, 0xe0, 0xe0, 0xe0, 0xe0, 0xe0,
    0xe0, 0x1f, 0x00, 0x7f, 0x80, 0x73, 0xc0, 0xe1, 0xc0, 0xe1, 0xc0, 0xe1, 0xe0, 0xe1, 0xc0, 0xe1,
    0xc0, 0x73, 0xc0, 0x7f, 0x80, 0x1f, 0x00, 0xe7, 0x80, 0xef, 0xc0, 0xf9, 0xc0, 0xf1, 0xe0, 0xf0,
    0xe0, 0xe0, 0xe0, 0xf0, 0xe0, 0xf1, 0xc0, 0xf9, 0xc0, 0xff, 0xc0, 0xef, 0x00, 0xe0, 0x00, 0xe0,
    0x00, 0xe0, 0x00, 0xe0, 0x00, 0xe0, 0x00, 0x3c, 0xc0, 0x7f, 0xc0, 0xf3, 0xc0, 0xe1, 0xc0, 0xe1,
    0xc0, 0xe1, 0xc0, 0xe1, 0xc0, 0xe1, 0xc0, 0xf3, 0xc0, 0x7f, 0xc0, 0x3d, 0xc0, 0x01, 0xc0, 0x01,
    0xc0, 0x01, 0xc0, 0x01, 0xc0, 0x01, 0xc0, 0xe7, 0xff, 0xf9, 0xf0, 0xf0, 0xe0, 0xe0, 0xe0, 0xe0,
    0xe0, 0xe0, 0x3e, 0xff, 0xe2, 0xe0, 0xf8, 0x7e, 0x0f, 0x07, 0xc7, 0xff, 0xfc, 0x18, 0x18, 0x38,
    0x7f, 0xff, 0x38, 0x38, 0x38, 0x38, 0x38, 0x38, 0x39, 0x3f, 0x1f, 0xe1, 0xe0, 0xe1, 0xe0, 0xe1,
    0xe0, 0xe1, 0xe0, 0xe1, 0xe0, 0xe1, 0xe0, 0xe1, 0xe0, 0xf1, 0xe0, 0x73, 0xe0, 0x7e, 0xe0, 0x3c,
    0xe0, 0xe0, 0xe0, 0x70, 0xe0, 0x71, 0xc0, 0x71, 0xc0, 0x39, 0xc0, 0x39, 0x80, 0x3b, 0x80, 0x1b,
    0x80, 0x1f, 0x00, 0x0f, 0x00, 0x0e, 0x00, 0xe1, 0xc3, 0x80, 0x71, 0xe3, 0x00, 0x73, 0x67, 0x00,
    0x73, 0x67, 0x00, 0x73, 0x67, 0x00, 0x3b, 0x76, 0x00, 0x3f, 0x3e, 0x00, 0x3e, 0x3e, 0x00, 0x1e,
    0x3c, 0x00, 0x1e, 0x3c, 0x00, 0x1e, 0x3c, 0x00, 0xf0, 0xe0, 0x79, 0xc0, 0x3b, 0xc0, 0x1f, 0x80,
    0x1f, 0x00, 0x0f, 0x00, 0x1f, 0x00, 0x3f, 0x80, 0x39, 0xc0, 0x71, 0xc0, 0xf0, 0xe0, 0xe0, 0xe0,
    0x70, 0xe0, 0x70, 0xc0, 0x71, 0xc0, 0x39, 0xc0, 0x39, 0x80, 0x1b, 0x80, 0x1f, 0x80, 0x1f, 0x00,
    0x0f, 0x00, 0x0f, 0x00, 0x0e, 0x00, 0x0e, 0x00, 0x1c, 0x00, 0x7c, 0x00, 0x78, 0x00, 0xff, 0xff,
    0x0f, 0x0e, 0x1c, 0x38, 0x38, 0x70, 0xe0, 0xff, 0xff, 0x0e, 0x1e, 0x1c, 0x18, 0x18, 0x18, 0x18,
    0x38, 0xf0, 0xf8, 0x38, 0x18, 0x18, 0x18, 0x1c, 0x1e, 0x1e, 0xe0, 0xe0, 0xe0, 0xe0, 0xe0, 0xe0,
    0xe0, 0xe0, 0xe0, 0xe0, 0xe0, 0xe0, 0xe0, 0xe0, 0xe0, 0xe0, 0xe0, 0xe0, 0xe0, 0xe0, 0xe0, 0xf0,
    0x70, 0x70, 0x70, 0x70, 0x70, 0x38, 0x1e, 0x3e, 0x38, 0x70, 0x70, 0x70, 0x70, 0xf0, 0xe0, 0xfc,
    0xc0, 0xff, 0xc0, 0x8f, 0x80, 0xff, 0x81, 0x81, 0x81, 0x81, 0x81, 0x81, 0x81, 0x81, 0x81, 0x81,
    0x81, 0x81, 0xff, 0x0f, 0xc0, 0x3f, 0xc0, 0x38, 0x80, 0x70, 0x00, 0xff, 0x00, 0xff, 0x00, 0x70,
    0x00, 0xfe, 0x00, 0xfe, 0x00, 0x70, 0x00, 0x70, 0x00, 0x3c, 0x40, 0x1f, 0xc0, 0x0f, 0xc0, 0x70,
    0x70, 0x60, 0x60, 0xe0, 0x03, 0xe0, 0x07, 0xe0, 0x07, 0x20, 0x07, 0x00, 0x0f, 0xc0, 0x1f, 0xc0,
    0x07, 0x00, 0x07, 0x00, 0x07, 0x00, 0x07, 0x00, 0x07, 0x00, 0x07, 0x00, 0x07, 0x00, 0x07, 0x00,
    0x07, 0x00, 0xe7, 0x00, 0xe7, 0x00, 0xee, 0x00, 0x7e, 0x00, 0x3c, 0x00, 0x73, 0x80, 0x73, 0x00,
    0x67, 0x00, 0x67, 0x00, 0xe6, 0x00, 0xe3, 0x9c, 0xf3, 0xde, 0xe3, 0x9c, 0x18, 0x18, 0x18, 0x18,
    0xff, 0xff, 0x18, 0x18, 0x18, 0x18, 0x18, 0x18, 0x18, 0x18, 0x18, 0x1c, 0x18, 0x18, 0x99, 0xff,
    0xff, 0x18, 0x18, 0x18, 0x99, 0xff, 0xdb, 0x18, 0x18, 0x1c, 0x3c, 0x7e, 0xe7, 0x78, 0x38, 0x00,
    0xfc, 0x30, 0x00, 0xcc, 0x70, 0x00, 0xcc, 0x60, 0x00, 0xcc, 0xe0, 0x00, 0xcc, 0xde, 0x1c, 0xcd,
    0xbf, 0x3e, 0xfd, 0xb3, 0x77, 0x7b, 0x33, 0x73, 0x07, 0x33, 0x73, 0x06, 0x33, 0x73, 0x0e, 0x33,
    0x77, 0x0c, 0x3f, 0x3e, 0x1c, 0x1e, 0x1c, 0x73, 0x80, 0x3f, 0x00, 0x1e, 0x00, 0x00, 0x00, 0x3f,
    0x00, 0x7f, 0x80, 0xf3, 0x00, 0xe0, 0x00, 0xe0, 0x00, 0xf8, 0x00, 0x7e, 0x00, 0x3f, 0x00, 0x07,
    0x80, 0x03, 0x80, 0x03, 0x80, 0xe7, 0x80, 0xff, 0x00, 0x7e, 0x00, 0x10, 0x3c, 0x70, 0xf0, 0xe0,
    0xf0, 0x70, 0x3c, 0x10, 0x0f, 0xff, 0x80, 0x3f, 0xff, 0x80, 0x78, 0x70, 0x00, 0x70, 0x70, 0x00,
    0xf0, 0x70, 0x00, 0xe0, 0x70, 0x00, 0xe0, 0x7f, 0x80, 0xe0, 0x7f, 0x80, 0xe0, 0x70, 0x00, 0xf0,
    0x70, 0x00, 0x70, 0x70, 0x00, 0x78, 0x70, 0x00, 0x3f, 0xff, 0x80, 0x0f, 0xff, 0x80, 0x39, 0xc0,
    0x1f, 0x80, 0x0f, 0x00, 0x00, 0x00, 0x7f, 0xe0, 0x7f, 0xe0, 0x01, 0xc0, 0x03, 0xc0, 0x03, 0x80,
    0x07, 0x00, 0x0f, 0x00, 0x0e, 0x00, 0x1c, 0x00, 0x3c, 0x00, 0x38, 0x00, 0x70, 0x00, 0xff, 0xe0,
    0xff, 0xe0, 0x30, 0x70, 0x70, 0x60, 0xe0, 0x70, 0x70, 0x60, 0x60, 0xe0, 0x33, 0x80, 0x73, 0x00,
    0x73, 0x00, 0x67, 0x00, 0xe7, 0x00, 0x73, 0x80, 0x73, 0x00, 0x67, 0x00, 0x67, 0x00, 0xe6, 0x00,
    0x78, 0xf8, 0xfc, 0xfc, 0xf8, 0x70, 0xff, 0xff, 0xff, 0xff, 0xc0, 0xff, 0xff, 0xc0, 0x73, 0xff,
    0xde, 0xff, 0x8c, 0x33, 0x8c, 0x33, 0x94, 0x33, 0xd4, 0x33, 0x54, 0x33, 0x64, 0x33, 0x64, 0xe7,
    0x7e, 0x3c, 0x00, 0x3e, 0xff, 0xe2, 0xe0, 0xf8, 0x7e, 0x0f, 0x07, 0xc7, 0xff, 0xfc, 0x40, 0xe0,
    0x70, 0x38, 0x3c, 0x38, 0x70, 0xe0, 0x40, 0x1e, 0x3e, 0x00, 0x7f, 0xff, 0x80, 0x73, 0xf3, 0x80,
    0xe1, 0xe1, 0xc0, 0xe1, 0xff, 0xc0, 0xe1, 0xff, 0xc0, 0xe1, 0xc0, 0x00, 0xe1, 0xe0, 0x00, 0x73,
    0xf1, 0x80, 0x7f, 0xff, 0x80, 0x1f, 0x1f, 0x00, 0xe7, 0x7e, 0x3c, 0x00, 0xff, 0xff, 0x0f, 0x0e,
    0x1c, 0x38, 0x38, 0x70, 0xe0, 0xff, 0xff, 0x39, 0xc0, 0x19, 0x80, 0x00, 0x00, 0xf0, 0x78, 0x70,
    0xf0, 0x78, 0xe0, 0x39, 0xe0, 0x3d, 0xc0, 0x1d, 0x80, 0x0f, 0x80, 0x0f, 0x00, 0x07, 0x00, 0x07,
    0x00, 0x07, 0x00, 0x07, 0x00, 0x07, 0x00, 0x07, 0x00, 0xe0, 0xf0, 0xe0, 0x00, 0x00, 0x60, 0x60,
    0x60, 0xe0, 0xe0, 0xe0, 0xe0, 0xe0, 0xf0, 0x0c, 0x00, 0x0c, 0x00, 0x3f, 0x80, 0x7f, 0x80, 0x70,
    0x80, 0xf0, 0x00, 0xe0, 0x00, 0xe0, 0x00, 0x70, 0x00, 0x78, 0x80, 0x3f, 0x80, 0x1f, 0x80, 0x0c,
    0x00, 0x0c, 0x00, 0x1f, 0xc0, 0x3f, 0x80, 0x38, 0x80, 0x38, 0x00, 0x38, 0x00, 0x38, 0x00, 0xff,
    0x00, 0xff, 0x00, 0x38, 0x00, 0x30, 0x00, 0x70, 0x00, 0xe0, 0x00, 0xff, 0xc0, 0xff, 0xc0, 0x41,
    0x00, 0xfd, 0x80, 0x7f, 0x80, 0x73, 0x00, 0x63, 0x00, 0x63, 0x80, 0x73, 0x00, 0x7f, 0x80, 0xfd,
    0x80, 0x41, 0x00, 0xe0, 0xe0, 0x70, 0xe0, 0x71, 0xc0, 0x39, 0x80, 0x1b, 0x80, 0x1f, 0x00, 0x0f,
    0x00, 0x3f, 0xc0, 0x3f, 0xc0, 0x0e, 0x00, 0x3f, 0xc0, 0x3f, 0xc0, 0x0e, 0x00, 0x0e, 0x00, 0xe0,
    0xe0, 0xe0, 0xe0, 0xe0, 0xe0, 0xe0, 0xe0, 0x00, 0x00, 0x00, 0x00, 0xe0, 0xe0, 0xe0, 0xe0, 0xe0,
    0xe0, 0xe0, 0xe0, 0x3e, 0x7f, 0xe6, 0xe0, 0x78, 0x7e, 0xe7, 0xc3, 0x77, 0x3e, 0x0e, 0x07, 0xc7,
    0xfe, 0x7c, 0xe7, 0x66, 0x07, 0xc0, 0x18, 0x70, 0x23, 0xd8, 0x4c, 0x4c, 0xcc, 0x04, 0xc8, 0x04,
    0x88, 0x06, 0x88, 0x06, 0x8c, 0x06, 0xcc, 0x04, 0x47, 0xcc, 0x60, 0x18, 0x38, 0x30, 0x0f, 0xe0,
    0xf8, 0xdc, 0x0c, 0xfc, 0xcc, 0xdc, 0xfc, 0x10, 0x80, 0x3d, 0xe0, 0x73, 0x80, 0xf7, 0x80, 0xe7,
    0x00, 0xf7, 0x80, 0x73, 0x80, 0x3d, 0xe0, 0x10, 0x80, 0xff, 0xc0, 0xff, 0xc0, 0x01, 0xc0, 0x01,
    0xc0, 0x01, 0xc0, 0xf8, 0xf8, 0x07, 0xc0, 0x18, 0x70, 0x20, 0x18, 0x4f, 0x8c, 0xcc, 0xc4, 0xcc,
    0x44, 0x8c, 0xc6, 0x8f, 0x86, 0x8c, 0x86, 0xcc, 0xc4, 0x4c, 0x6c, 0x60, 0x18, 0x38, 0x30, 0x0f,
    0xe0, 0xff, 0xc0, 0xff, 0xc0, 0x78, 0xfc, 0xce, 0xc6, 0xce, 0xfc, 0x78, 0x0c, 0x00, 0x0c, 0x00,
    0x0c, 0x00, 0x0c, 0x00, 0xff, 0xc0, 0xff, 0xc0, 0x0c, 0x00, 0x0c, 0x00, 0x0c, 0x00, 0x0c, 0x00,
    0x00, 0x00, 0xff, 0xc0, 0xff, 0xc0, 0x3c, 0xfc, 0x4e, 0x0c, 0x1c, 0x38, 0x70, 0x7e, 0x7e, 0x78,
    0xfc, 0x0c, 0x78, 0x78, 0x0c, 0x8c, 0xfc, 0xf8, 0x3c, 0x70, 0xe0, 0xe0, 0xe0, 0xe0, 0xe0, 0xe0,
    0xe0, 0xe0, 0xe0, 0xe0, 0xe0, 0xe0, 0xe0, 0xe1, 0xe0, 0xf1, 0xe0, 0xf3, 0xe0, 0xff, 0xe0, 0xee,
    0xe0, 0xe0, 0x00, 0xe0, 0x00, 0xe0, 0x00, 0xe0, 0x00, 0xe0, 0x00, 0x3f, 0xc0, 0x7f, 0xc0, 0xfe,
    0x40, 0xfe, 0x40, 0xfe, 0x40, 0xfe, 0x40, 0xfe, 0x40, 0xfe, 0x40, 0x7e, 0x40, 0x7e, 0x40, 0x06,
    0x40, 0x06, 0x40, 0x06, 0x40, 0x06, 0x40, 0x06, 0x40, 0x06, 0x40, 0x06, 0x40, 0x06, 0x40, 0xe0,
    0xf0, 0xe0, 0x20, 0x70, 0x18, 0xf8, 0xf0, 0x38, 0x78, 0xf8, 0xb8, 0x38, 0x38, 0x38, 0x38, 0x38,
    0x78, 0xdc, 0xcc, 0xcc, 0xcc, 0xcc, 0x78, 0x42, 0x00, 0xe7, 0x00, 0x73, 0x80, 0x39, 0xc0, 0x3d,
    0xe0, 0x39, 0xc0, 0x73, 0x80, 0xe7, 0x00, 0x42, 0x00, 0x18, 0x18, 0x78, 0x38, 0xd8, 0x30, 0x18,
    0x60, 0x18, 0x60, 0x18, 0xc6, 0x19, 0xce, 0x19, 0x9e, 0x03, 0x96, 0x03, 0x36, 0x06, 0x26, 0x06,
    0x7f, 0x0c, 0x7f, 0x1c, 0x06, 0x18, 0x18, 0x00, 0x78, 0x38, 0x00, 0xd8, 0x30, 0x00, 0x18, 0x60,
    0x00, 0x18, 0x60, 0x00, 0x18, 0xce, 0x00, 0x19, 0xff, 0x00, 0x19, 0x93, 0x80, 0x03, 0x83, 0x00,
    0x03, 0x07, 0x00, 0x06, 0x0e, 0x00, 0x06, 0x1c, 0x00, 0x0c, 0x3f, 0x80, 0x1c, 0x3f, 0x80, 0x78,
    0x38, 0xfc, 0x30, 0x0c, 0x70, 0x78, 0x60, 0x78, 0xe0, 0x0c, 0xce, 0x8d, 0x9e, 0xff, 0x9e, 0x73,
    0x3e, 0x07, 0x6e, 0x06, 0x6e, 0x0e, 0xff, 0x0c, 0xff, 0x18, 0x0e, 0x0e, 0x00, 0x0e, 0x00, 0x0e,
    0x00, 0x00, 0x00, 0x00, 0x00, 0x0e, 0x00, 0x0e, 0x00, 0x3c, 0x00, 0x78, 0x00, 0x70, 0x00, 0xe0,
    0x00, 0xf1, 0x80, 0x7f, 0x80, 0x3f, 0x80, 0x0f, 0x00, 0x07, 0x00, 0x01, 0xc0, 0x00, 0x00, 0x07,
    0x80, 0x0f, 0x80, 0x0f, 0xc0, 0x0f, 0xc0, 0x1c, 0xc0, 0x1c, 0xe0, 0x1c, 0xe0, 0x38, 0x60, 0x3f,
    0xf0, 0x3f, 0xf0, 0x7f, 0xf8, 0x70, 0x38, 0x70, 0x38, 0xe0, 0x3c, 0x01, 0xe0, 0x03, 0x80, 0x07,
    0x00, 0x00, 0x00, 0x07, 0x80, 0x0f, 0x80, 0x0f, 0xc0, 0x0f, 0xc0, 0x1c, 0xc0, 0x1c, 0xe0, 0x1c,
    0xe0, 0x38, 0x60, 0x3f, 0xf0, 0x3f, 0xf0, 0x7f, 0xf8, 0x70, 0x38, 0x70, 0x38, 0xe0, 0x3c, 0x07,
    0x80, 0x0f, 0xc0, 0x1c, 0xe0, 0x00, 0x00, 0x07, 0x80, 0x0f, 0x80, 0x0f, 0xc0, 0x0f, 0xc0, 0x1c,
    0xc0, 0x1c, 0xe0, 0x1c, 0xe0, 0x38, 0x60, 0x3f, 0xf0, 0x3f, 0xf0, 0x7f, 0xf8, 0x70, 0x38, 0x70,
    0x38, 0xe0, 0x3c, 0x0e, 0x60, 0x1f, 0xe0, 0x1b, 0xc0, 0x00, 0x00, 0x07, 0x80, 0x0f, 0x80, 0x0f,
    0xc0, 0x0f, 0xc0, 0x1c, 0xc0, 0x1c, 0xe0, 0x1c, 0xe0, 0x38, 0x60, 0x3f, 0xf0, 0x3f, 0xf0, 0x7f,
    0xf8, 0x70, 0x38, 0x70, 0x38, 0xe0, 0x3c, 0x1c, 0xe0, 0x0c, 0xc0, 0x00, 0x00, 0x07, 0x80, 0x0f,
    0x80, 0x0f, 0xc0, 0x0f, 0xc0, 0x1c, 0xc0, 0x1c, 0xe0, 0x1c, 0xe0, 0x38, 0x60, 0x3f, 0xf0, 0x3f,
    0xf0, 0x7f, 0xf8, 0x70, 0x38, 0x70, 0x38, 0xe0, 0x3c, 0x03, 0x80, 0x04, 0xc0, 0x04, 0xc0, 0x07,
    0x80, 0x0f, 0x80, 0x0f, 0xc0, 0x0f, 0xc0, 0x1c, 0xc0, 0x1c, 0xe0, 0x1c, 0xe0, 0x38, 0x60, 0x3f,
    0xf0, 0x3f, 0xf0, 0x7f, 0xf8, 0x70, 0x38, 0x70, 0x38, 0xe0, 0x3c, 0x03, 0xff, 0xc0, 0x03, 0xff,
    0xc0, 0x07, 0x70, 0x00, 0x07, 0x70, 0x00, 0x0e, 0x70, 0x00, 0x0e, 0x70, 0x00, 0x1c, 0x7f, 0xc0,
    0x1c, 0x7f, 0xc0, 0x1f, 0xf0, 0x00, 0x3f, 0xf0, 0x00, 0x30, 0x70, 0x00, 0x70, 0x70, 0x00, 0x70,
    0x7f, 0xc0, 0xe0, 0x7f, 0xc0, 0x0f, 0xc0, 0x3f, 0xe0, 0x7c, 0x60, 0x70, 0x00, 0xf0, 0x00, 0xe0,
    0x00, 0xe0, 0x00, 0xe0, 0x00, 0xe0, 0x00, 0xf0, 0x00, 0x70, 0x00, 0x7c, 0x60, 0x3f, 0xe0, 0x0f,
    0xc0, 0x02, 0x00, 0x07, 0x00, 0x01, 0x80, 0x0f, 0x80, 0x0f, 0x00, 0x78, 0x38, 0x0e, 0x00, 0xff,
    0xff, 0xe0, 0xe0, 0xe0, 0xe0, 0xff, 0xff, 0xe0, 0xe0, 0xe0, 0xe0, 0xff, 0xff, 0x0f, 0x1c, 0x38,
    0x00, 0xff, 0xff, 0xe0, 0xe0, 0xe0, 0xe0, 0xff, 0xff, 0xe0, 0xe0, 0xe0, 0xe0, 0xff, 0xff, 0x3c,
    0x7e, 0xe7, 0x00, 0xff, 0xff, 0xe0, 0xe0, 0xe0, 0xe0, 0xff, 0xff, 0xe0, 0xe0, 0xe0, 0xe0, 0xff,
    0xff, 0xe7, 0x66, 0x00, 0xff, 0xff, 0xe0, 0xe0, 0xe0, 0xe0, 0xff, 0xff, 0xe0, 0xe0, 0xe0, 0xe0,
    0xff, 0xff, 0xf0, 0x70, 0x1c, 0x00, 0x7e, 0x7e, 0x3c, 0x38, 0x38, 0x38, 0x38, 0x38, 0x38, 0x38,
    0x38, 0x38, 0x7e, 0x7e, 0x1e, 0x38, 0x70, 0x00, 0xfc, 0xfc, 0x78, 0x70, 0x70, 0x70, 0x70, 0x70,
    0x70, 0x70, 0x70, 0x70, 0xfc, 0xfc, 0x3c, 0x7e, 0xe7, 0x00, 0x7e, 0x7e, 0x3c, 0x38, 0x38, 0x38,
    0x38, 0x38, 0x38, 0x38, 0x38, 0x38, 0x7e, 0x7e, 0xe7, 0x66, 0x00, 0x7e, 0x7e, 0x3c, 0x38, 0x38,
    0x38, 0x38, 0x38, 0x38, 0x38, 0x38, 0x38, 0x7e, 0x7e, 0x3f, 0xc0, 0x3f, 0xe0, 0x38, 0xf0, 0x38,
    0x78, 0x38, 0x38, 0x38, 0x38, 0xfe, 0x3c, 0xfe, 0x3c, 0x38, 0x38, 0x38, 0x38, 0x38, 0x78, 0x38,
    0xf0, 0x3f, 0xe0, 0x3f, 0x80, 0x1c, 0xc0, 0x3f, 0xc0, 0x37, 0x80, 0x00, 0x00, 0xf0, 0x30, 0xf8,
    0x30, 0xf8, 0x30, 0xfc, 0x30, 0xdc, 0x30, 0xce, 0x30, 0xce, 0x30, 0xe7, 0x30, 0xe7, 0xb0, 0xe3,
    0xb0, 0xe1, 0xf0, 0xe1, 0xf0, 0xe0, 0xf0, 0xe0, 0xf0, 0x0f, 0x00, 0x07, 0x00, 0x01, 0xc0, 0x00,
    0x00, 0x0f, 0xc0, 0x3f, 0xf0, 0x7c, 0xf8, 0x70, 0x38, 0xf0, 0x38, 0xe0, 0x3c, 0xe0, 0x3c, 0xe0,
    0x3c, 0xe0, 0x3c, 0xf0, 0x38, 0x70, 0x38, 0x7c, 0xf8, 0x3f, 0xf0, 0x0f, 0xc0, 0x00, 0xf0, 0x01,
    0xc0, 0x03, 0x80, 0x00, 0x00, 0x0f, 0xc0, 0x3f, 0xf0, 0x7c, 0xf8, 0x70, 0x38, 0xf0, 0x38, 0xe0,
    0x3c, 0xe0, 0x3c, 0xe0, 0x3c, 0xe0, 0x3c, 0xf0, 0x38, 0x70, 0x38, 0x7c, 0xf8, 0x3f, 0xf0, 0x0f,
    0xc0, 0x07, 0x80, 0x0f, 0xc0, 0x1c, 0xe0, 0x00, 0x00, 0x0f, 0xc0, 0x3f, 0xf0, 0x7c, 0xf8, 0x70,
    0x38, 0xf0, 0x38, 0xe0, 0x3c, 0xe0, 0x3c, 0xe0, 0x3c, 0xe0, 0x3c, 0xf0, 0x38, 0x70, 0x38, 0x7c,
    0xf8, 0x3f, 0xf0, 0x0f, 0xc0, 0x0e, 0x60, 0x1f, 0xe0, 0x1b, 0xc0, 0x00, 0x00, 0x0f, 0xc0, 0x3f,
    0xf0, 0x7c, 0xf8, 0x70, 0x38, 0xf0, 0x38, 0xe0, 0x3c, 0xe0, 0x3c, 0xe0, 0x3c, 0xe0, 0x3c, 0xf0,
    0x38, 0x70, 0x38, 0x7c, 0xf8, 0x3f, 0xf0, 0x0f, 0xc0, 0x1c, 0xe0, 0x0c, 0xc0, 0x00, 0x00, 0x0f,
    0xc0, 0x3f, 0xf0, 0x7c, 0xf8, 0x70, 0x38, 0xf0, 0x38, 0xe0, 0x3c, 0xe0, 0x3c, 0xe0, 0x3c, 0xe0,
    0x3c, 0xf0, 0x38, 0x70, 0x38, 0x7c, 0xf8, 0x3f, 0xf0, 0x0f, 0xc0, 0x41, 0x00, 0x61, 0x80, 0xf3,
    0x80, 0x3f, 0x00, 0x1e, 0x00, 0x1e, 0x00, 0x3f, 0x00, 0xf3, 0x80, 0x61, 0x80, 0x00, 0x10, 0x0f,
    0xf8, 0x3f, 0xf0, 0x7c, 0xf8, 0x70, 0xf8, 0xf0, 0xf8, 0xe1, 0xbc, 0xe3, 0x3c, 0xe3, 0x3c, 0xe6,
    0x3c, 0xfc, 0x38, 0x7c, 0x38, 0x7c, 0xf0, 0x3f, 0xf0, 0x7f, 0xc0, 0x20, 0x00, 0x3c, 0x00, 0x1c,
    0x00, 0x07, 0x00, 0x00, 0x00, 0xe0, 0xe0, 0xe0, 0xe0, 0xe0, 0xe0, 0xe0, 0xe0, 0xe0, 0xe0, 0xe0,
    0xe0, 0xe0, 0xe0, 0xe0, 0xe0, 0xe0, 0xe0, 0xe0, 0xe0, 0xe0, 0xe0, 0xff, 0xe0, 0x7f, 0xc0, 0x1f,
    0x00, 0x03, 0xc0, 0x07, 0x00, 0x0e, 0x00, 0x00, 0x00, 0xe0, 0xe0, 0xe0, 0xe0, 0xe0, 0xe0, 0xe0,
    0xe0, 0xe0, 0xe0, 0xe0, 0xe0, 0xe0, 0xe0, 0xe0, 0xe0, 0xe0, 0xe0, 0xe0, 0xe0, 0xe0, 0xe0, 0xff,
    0xe0, 0x7f, 0xc0, 0x1f, 0x00, 0x0f, 0x00, 0x1f, 0x80, 0x39, 0xc0, 0x00, 0x00, 0xe0, 0xe0, 0xe0,
    0xe0, 0xe0, 0xe0, 0xe0, 0xe0, 0xe0, 0xe0, 0xe0, 0xe0, 0xe0, 0xe0, 0xe0, 0xe0, 0xe0, 0xe0, 0xe0,
    0xe0, 0xe0, 0xe0, 0xff, 0xe0, 0x7f, 0xc0, 0x1f, 0x00, 0x73, 0x80, 0x33, 0x00, 0x00, 0x00, 0xe0,
    0xe0, 0xe0, 0xe0, 0xe0, 0xe0, 0xe0, 0xe0, 0xe0, 0xe0, 0xe0, 0xe0, 0xe0, 0xe0, 0xe0, 0xe0, 0xe0,
    0xe0, 0xe0, 0xe0, 0xe0, 0xe0, 0xff, 0xe0, 0x7f, 0xc0, 0x1f, 0x00, 0x01, 0xe0, 0x03, 0x80, 0x07,
    0x00, 0x00, 0x00, 0xf0, 0x78, 0x70, 0xf0, 0x78, 0xe0, 0x39, 0xe0, 0x3d, 0xc0, 0x1d, 0x80, 0x0f,
    0x80, 0x0f, 0x00, 0x07, 0x00, 0x07, 0x00, 0x07, 0x00, 0x07, 0x00, 0x07, 0x00, 0x07, 0x00, 0xe0,
    0x00, 0xe0, 0x00, 0xfe, 0x00, 0xff, 0x80, 0xe7, 0x80, 0xe3, 0xc0, 0xe1, 0xc0, 0xe3, 0xc0, 0xe7,
    0x80, 0xff, 0x80, 0xfe, 0x00, 0xe0, 0x00, 0xe0, 0x00, 0xe0, 0x00, 0x1f, 0x80, 0x7f, 0xc0, 0x79,
    0xe0, 0xf0, 0xe0, 0xe0, 0xe0, 0xe3, 0xc0, 0xe7, 0x80, 0xe7, 0x80, 0xe3, 0xc0, 0xe1, 0xe0, 0xe0,
    0x70, 0xe0, 0x70, 0xe4, 0x70, 0xe7, 0xf0, 0xe7, 0xe0, 0x3c, 0x00, 0x1c, 0x00, 0x07, 0x00, 0x00,
    0x00, 0x3f, 0x00, 0x7f, 0x80, 0x23, 0x80, 0x01, 0xc0, 0x3f, 0xc0, 0xff, 0xc0, 0xf1, 0xc0, 0xe3,
    0xc0, 0xe7, 0xc0, 0xff, 0xc0, 0x79, 0xc0, 0x03, 0xc0, 0x07, 0x00, 0x0e, 0x00, 0x00, 0x00, 0x3f,
    0x00, 0x7f, 0x80, 0x23, 0x80, 0x01, 0xc0, 0x3f, 0xc0, 0xff, 0xc0, 0xf1, 0xc0, 0xe3, 0xc0, 0xe7,
    0xc0, 0xff, 0xc0, 0x79, 0xc0, 0x1e, 0x00, 0x3f, 0x00, 0x73, 0x80, 0x00, 0x00, 0x3f, 0x00, 0x7f,
    0x80, 0x23, 0x80, 0x01, 0xc0, 0x3f, 0xc0, 0xff, 0xc0, 0xf1, 0xc0, 0xe3, 0xc0, 0xe7, 0xc0, 0xff,
    0xc0, 0x79, 0xc0, 0x39, 0x80, 0x7f, 0x80, 0x6f, 0x00, 0x00, 0x00, 0x3f, 0x00, 0x7f, 0x80, 0x23,
    0x80, 0x01, 0xc0, 0x3f, 0xc0, 0xff, 0xc0, 0xf1, 0xc0, 0xe3, 0xc0, 0xe7, 0xc0, 0xff, 0xc0, 0x79,
    0xc0, 0x73, 0x80, 0x33, 0x00, 0x00, 0x00, 0x3f, 0x00, 0x7f, 0x80, 0x23, 0x80, 0x01, 0xc0, 0x3f,
    0xc0, 0xff, 0xc0, 0xf1, 0xc0, 0xe3, 0xc0, 0xe7, 0xc0, 0xff, 0xc0, 0x79, 0xc0, 0x0e, 0x00, 0x13,
    0x00, 0x13, 0x00, 0x1e, 0x00, 0x00, 0x00, 0x3f, 0x00, 0x7f, 0x80, 0x23, 0x80, 0x01, 0xc0, 0x3f,
    0xc0, 0xff, 0xc0, 0xf1, 0xc0, 0xe3, 0xc0, 0xe7, 0xc0, 0xff, 0xc0, 0x79, 0xc0, 0x3e, 0x7c, 0x7f,
    0xfe, 0x23, 0xe7, 0x03, 0xc3, 0x3f, 0xff, 0xff, 0xff, 0xf3, 0x80, 0xe3, 0xc0, 0xe7, 0xe3, 0xfe,
    0xff, 0x7c, 0x3e, 0x1f, 0x80, 0x7f, 0x00, 0x71, 0x00, 0xe0, 0x00, 0xe0, 0x00, 0xe0, 0x00, 0xe0,
    0x00, 0xe0, 0x00, 0x71, 0x00, 0x7f, 0x00, 0x1f, 0x00, 0x08, 0x00, 0x1c, 0x00, 0x06, 0x00, 0x3e,
    0x00, 0x3c, 0x00, 0x3c, 0x00, 0x1c, 0x00, 0x07, 0x00, 0x00, 0x00, 0x1f, 0x00, 0x7f, 0x80, 0x73,
    0xc0, 0xe1, 0xc0, 0xff, 0xc0, 0xff, 0xc0, 0xe0, 0x00, 0xe0, 0x00, 0x70, 0x80, 0x7f, 0x80, 0x1f,
    0x80, 0x03, 0xc0, 0x07, 0x00, 0x0e, 0x00, 0x00, 0x00, 0x1f, 0x00, 0x7f, 0x80, 0x73, 0xc0, 0xe1,
    0xc0, 0xff, 0xc0, 0xff, 0xc0, 0xe0, 0x00, 0xe0, 0x00, 0x70, 0x80, 0x7f, 0x80, 0x1f, 0x80, 0x1e,
    0x00, 0x3f, 0x00, 0x73, 0x80, 0x00, 0x00, 0x1f, 0x00, 0x7f, 0x80, 0x73, 0xc0, 0xe1, 0xc0, 0xff,
    0xc0, 0xff, 0xc0, 0xe0, 0x00, 0xe0, 0x00, 0x70, 0x80, 0x7f, 0x80, 0x1f, 0x80, 0x73, 0x80, 0x33,
    0x00, 0x00, 0x00, 0x1f, 0x00, 0x7f, 0x80, 0x73, 0xc0, 0xe1, 0xc0, 0xff, 0xc0, 0xff, 0xc0, 0xe0,
    0x00, 0xe0, 0x00, 0x70, 0x80, 0x7f, 0x80, 0x1f, 0x80, 0xf0, 0x70, 0x1c, 0x00, 0x78, 0x78, 0x78,
    0x78, 0x78, 0x78, 0x78, 0x78, 0x78, 0x78, 0x78, 0x1e, 0x38, 0x70, 0x00, 0xf0, 0xf0, 0xf0, 0xf0,
    0xf0, 0xf0, 0xf0, 0xf0, 0xf0, 0xf0, 0xf0, 0x3c, 0x7e, 0xe7, 0x00, 0x3c, 0x3c, 0x3c, 0x3c, 0x3c,
    0x3c, 0x3c, 0x3c, 0x3c, 0x3c, 0x3c, 0xe7, 0x66, 0x00, 0x3c, 0x3c, 0x3c, 0x3c, 0x3c, 0x3c, 0x3c,
    0x3c, 0x3c, 0x3c, 0x3c, 0x10, 0x80, 0x1d, 0x80, 0x0f, 0x00, 0x3f, 0x00, 0x1b, 0x80, 0x11, 0x80,
    0x3f, 0xc0, 0x7f, 0xc0, 0xf3, 0xc0, 0xe1, 0xe0, 0xe1, 0xe0, 0xe1, 0xc0, 0xe1, 0xc0, 0x73, 0xc0,
    0x7f, 0x80, 0x1f, 0x00, 0x1c, 0xc0, 0x3f, 0xc0, 0x37, 0x80, 0x00, 0x00, 0xef, 0x80, 0xff, 0xc0,
    0xf9, 0xc0, 0xf1, 0xe0, 0xf0, 0xe0, 0xe0, 0xe0, 0xe0, 0xe0, 0xe0, 0xe0, 0xe0, 0xe0, 0xe0, 0xe0,
    0xe0, 0xe0, 0x3c, 0x00, 0x1c, 0x00, 0x07, 0x00, 0x00, 0x00, 0x1f, 0x00, 0x7f, 0x80, 0x73, 0xc0,
    0xe1, 0xc0, 0xe1, 0xc0, 0xe1, 0xe0, 0xe1, 0xc0, 0xe1, 0xc0, 0x73, 0xc0, 0x7f, 0x80, 0x1f, 0x00,
    0x03, 0xc0, 0x07, 0x00, 0x0e, 0x00, 0x00, 0x00, 0x1f, 0x00, 0x7f, 0x80, 0x73, 0xc0, 0xe1, 0xc0,
    0xe1, 0xc0, 0xe1, 0xe0, 0xe1, 0xc0, 0xe1, 0xc0, 0x73, 0xc0, 0x7f, 0x80, 0x1f, 0x00, 0x1e, 0x00,
    0x3f, 0x00, 0x73, 0x80, 0x00, 0x00, 0x1f, 0x00, 0x7f, 0x80, 0x73, 0xc0, 0xe1, 0xc0, 0xe1, 0xc0,
    0xe1, 0xe0, 0xe1, 0xc0, 0xe1, 0xc0, 0x73, 0xc0, 0x7f, 0x80, 0x1f, 0x00, 0x1c, 0xc0, 0x3f, 0xc0,
    0x37, 0x80, 0x00, 0x00, 0x1f, 0x00, 0x7f, 0x80, 0x73, 0xc0, 0xe1, 0xc0, 0xe1, 0xc0, 0xe1, 0xe0,
    0xe1, 0xc0, 0xe1, 0xc0, 0x73, 0xc0, 0x7f, 0x80, 0x1f, 0x00, 0x73, 0x80, 0x33, 0x00, 0x00, 0x00,
    0x1f, 0x00, 0x7f, 0x80, 0x73, 0xc0, 0xe1, 0xc0, 0xe1, 0xc0, 0xe1, 0xe0, 0xe1, 0xc0, 0xe1, 0xc0,
    0x73, 0xc0, 0x7f, 0x80, 0x1f, 0x00, 0x0c, 0x00, 0x1c, 0x00, 0x0c, 0x00, 0x00, 0x00, 0xff, 0xc0,
    0xff, 0xc0, 0x00, 0x00, 0x0c, 0x00, 0x1c, 0x00, 0x0c, 0x00, 0x1f, 0xc0, 0x7f, 0x80, 0x73, 0xc0,
    0xe3, 0xc0, 0xe7, 0xc0, 0xed, 0xc0, 0xed, 0xc0, 0xf9, 0xc0, 0x73, 0xc0, 0x7f, 0x80, 0x7f, 0x00,
    0x20, 0x00, 0x1e, 0x00, 0x0e, 0x00, 0x03, 0x80, 0x00, 0x00, 0xe1, 0xe0, 0xe1, 0xe0, 0xe1, 0xe0,
    0xe1, 0xe0, 0xe1, 0xe0, 0xe1, 0xe0, 0xe1, 0xe0, 0xf1, 0xe0, 0x73, 0xe0, 0x7e, 0xe0, 0x3c, 0xe0,
    0x03, 0xc0, 0x07, 0x00, 0x0e, 0x00, 0x00, 0x00, 0xe1, 0xe0, 0xe1, 0xe0, 0xe1, 0xe0, 0xe1, 0xe0,
    0xe1, 0xe0, 0xe1, 0xe0, 0xe1, 0xe0, 0xf1, 0xe0, 0x73, 0xe0, 0x7e, 0xe0, 0x3c, 0xe0, 0x0f, 0x00,
    0x1f, 0x80, 0x39, 0xc0, 0x00, 0x00, 0xe1, 0xe0, 0xe1, 0xe0, 0xe1, 0xe0, 0xe1, 0xe0, 0xe1, 0xe0,
    0xe1, 0xe0, 0xe1, 0xe0, 0xf1, 0xe0, 0x73, 0xe0, 0x7e, 0xe0, 0x3c, 0xe0, 0x73, 0x80, 0x33, 0x00,
    0x00, 0x00, 0xe1, 0xe0, 0xe1, 0xe0, 0xe1, 0xe0, 0xe1, 0xe0, 0xe1, 0xe0, 0xe1, 0xe0, 0xe1, 0xe0,
    0xf1, 0xe0, 0x73, 0xe0, 0x7e, 0xe0, 0x3c, 0xe0, 0x03, 0xc0, 0x07, 0x00, 0x0e, 0x00, 0x00, 0x00,
    0xe0, 0xe0, 0x70, 0xe0, 0x70, 0xc0, 0x71, 0xc0, 0x39, 0xc0, 0x39, 0x80, 0x1b, 0x80, 0x1f, 0x80,
    0x1f, 0x00, 0x0f, 0x00, 0x0f, 0x00, 0x0e, 0x00, 0x0e, 0x00, 0x1c, 0x00, 0x7c, 0x00, 0x78, 0x00,
    0xe0, 0x00, 0xe0, 0x00, 0xe0, 0x00, 0xe0, 0x00, 0xe7, 0x80, 0xef, 0xc0, 0xf9, 0xc0, 0xf1, 0xc0,
    0xf0, 0xe0, 0xe0, 0xe0, 0xf0, 0xe0, 0xf1, 0xc0, 0xf9, 0xc0, 0xff, 0xc0, 0xef, 0x00, 0xe0, 0x00,
    0xe0, 0x00, 0xe0, 0x00, 0xe0, 0x00, 0xe0, 0x00, 0x39, 0xc0, 0x19, 0x80, 0x00, 0x00, 0xe0, 0xe0,
    0x70, 0xe0, 0x70, 0xc0, 0x71, 0xc0, 0x39, 0xc0, 0x39, 0x80, 0x1b, 0x80, 0x1f, 0x80, 0x1f, 0x00,
    0x0f, 0x00, 0x0f, 0x00, 0x0e, 0x00, 0x0e, 0x00, 0x1c, 0x00, 0x7c, 0x00, 0x78, 0x00,
};
static const recipe_glyph_t glyphs_bold_20[] = {
    {5, 0, 0, 0, 0, 0},  // 0x20
    {6, 1, 14, 4, 14, 0},  // 0x21
    {10, 1, 14, 7, 5, 14},  // 0x22
    {13, 0, 14, 12, 14, 19},  // 0x23
    {11, 1, 15, 10, 16, 47},  // 0x24
    {18, 1, 14, 16, 14, 79},  // 0x25
    {15, 1, 14, 14, 14, 107},  // 0x26
    {5, 1, 14, 3, 5, 135},  // 0x27
    {7, 1, 14, 5, 17, 140},  // 0x28
    {7, 1, 14, 5, 17, 157},  // 0x29
    {11, 1, 15, 9, 9, 174},  // 0x2A
    {11, 1, 12, 10, 10, 192},  // 0x2B
    {6, 1, 2, 3, 5, 212},  // 0x2C
    {6, 1, 7, 5, 2, 217},  // 0x2D
    {6, 1, 3, 4, 3, 219},  // 0x2E
    {8, 0, 14, 8, 14, 222},  // 0x2F
    {11, 1, 14, 10, 14, 236},  // 0x30
    {11, 1, 14, 7, 14, 264},  // 0x31
    {11, 1, 14, 10, 14, 278},  // 0x32
    {11, 1, 14, 10, 14, 306},  // 0x33
    {11, 0, 14, 11, 14, 334},  // 0x34
    {11, 1, 14, 10, 14, 362},  // 0x35
    {11, 1, 14, 10, 14, 390},  // 0x36
    {11, 1, 14, 10, 14, 418},  // 0x37
    {11, 1, 14, 10, 14, 446},  // 0x38
    {11, 1, 14, 10, 14, 474},  // 0x39
    {6, 1, 11, 4, 11, 502},  // 0x3A
    {6, 1, 11, 4, 13, 513},  // 0x3B
    {11, 1, 13, 10, 11, 526},  // 0x3C
    {11, 1, 10, 10, 6, 548},  // 0x3D
    {11, 1, 13, 10, 11, 560},  // 0x3E
    {10, 0, 14, 9, 14, 582},  // 0x3F
    {18, 1, 14, 16, 16, 610},  // 0x40
    {14, 0, 14, 14, 14, 642},  // 0x41
    {13, 2, 14, 10, 14, 670},  // 0x42
    {13, 1, 14, 11, 14, 698},  // 0x43
    {15, 2, 14, 12, 14, 726},  // 0x44
    {11, 2, 14, 8, 14, 754},  // 0x45
    {11, 2, 14, 8, 14, 768},  // 0x46
    {14, 1, 14, 12, 14, 782},  // 0x47
    {15, 2, 14, 12, 14, 810},  // 0x48
    {8, 1, 14, 6, 14, 838},  // 0x49
    {7, -2, 14, 6, 18, 852},  // 0x4A
    {13, 2, 14, 11, 14, 870},  // 0x4B
    {11, 2, 14, 9, 14, 898},  // 0x4C
    {19, 2, 14, 15, 14, 926},  // 0x4D
    {16, 2, 14, 12, 14, 954},  // 0x4E
    {16, 1, 14, 14, 14, 982},  // 0x4F
    {12, 2, 14, 10, 14, 1010},  // 0x50
    {16, 1, 14, 14, 17, 1038},  // 0x51
    {13, 2, 14, 11, 14, 1072},  // 0x52
    {11, 1, 14, 9, 14, 1100},  // 0x53
    {12, 0, 14, 11, 14, 1128},  // 0x54
    {15, 2, 14, 11, 14, 1156},  // 0x55
    {13, 0, 14, 13, 14, 1184},  // 0x56
    {19, 0, 14, 19, 14, 1212},  // 0x57
    {13, 0, 14, 13, 14, 1254},  // 0x58
    {13, 0, 14, 13, 14, 1282},  // 0x59
    {12, 0, 14, 11, 14, 1310},  // 0x5A
    {7, 1, 14, 5, 17, 1338},  // 0x5B
    {8, 0, 14, 8, 14, 1355},  // 0x5C
    {7, 0, 14, 5, 17, 1369},  // 0x5D
    {11, 0, 14, 11, 9, 1386},  // 0x5E
    {8, -1, -2, 8, 1, 1404},  // 0x5F
    {7, 1, 15, 6, 3, 1405},  // 0x60
    {12, 1, 11, 10, 11, 1408},  // 0x61
    {13, 1, 15, 11, 15, 1430},  // 0x62
    {10, 1, 11, 9, 11, 1460},  // 0x63
    {13, 1, 15, 10, 15, 1482},  // 0x64
    {12, 1, 11, 10, 11, 1512},  // 0x65
    {8, 0, 15, 9, 15, 1534},  // 0x66
    {13, 1, 11, 10, 16, 1564},  // 0x67
    {13, 1, 15, 11, 15, 1596},  // 0x68
    {6, 1, 15, 4, 15, 1626},  // 0x69
    {6, -2, 15, 6, 20, 1641},  // 0x6A
    {12, 2, 15, 10, 15, 1661},  // 0x6B
    {6, 1, 15, 3, 15, 1691},  // 0x6C
    {20, 1, 11, 17, 11, 1706},  // 0x6D
    {13, 1, 11, 11, 11, 1739},  // 0x6E
    {13, 1, 11, 11, 11, 1761},  // 0x6F
    {13, 1, 11, 11, 16, 1783},  // 0x70
    {13, 1, 11, 10, 16, 1815},  // 0x71
    {9, 1, 11, 8, 11, 1847},  // 0x72
    {10, 1, 11, 8, 11, 1858},  // 0x73
    {9, 0, 14, 8, 14, 1869},  // 0x74
    {13, 1, 11, 11, 11, 1883},  // 0x75
    {11, 0, 11, 11, 11, 1905},  // 0x76
    {17, 0, 11, 17, 11, 1927},  // 0x77
    {12, 0, 11, 11, 11, 1960},  // 0x78
    {11, 0, 11, 11, 16, 1982},  // 0x79
    {10, 1, 11, 8, 11, 2014},  // 0x7A
    {8, 0, 14, 7, 17, 2025},  // 0x7B
    {11, 4, 15, 3, 20, 2042},  // 0x7C
    {8, 1, 14, 7, 17, 2062},  // 0x7D
    {11, 1, 9, 10, 3, 2079},  // 0x7E
    {12, 2, 14, 8, 14, 2085},  // 0x7F
    {11, 1, 14, 10, 14, 2099},  // 0x80
    {0, 0, 0, 0, 0, 0},  // 0x81
    {6, 0, 2, 4, 5, 2127},  // 0x82
    {10, 0, 15, 11, 20, 2132},  // 0x83
    {10, 0, 2, 9, 5, 2172},  // 0x84
    {17, 1, 3, 15, 3, 2182},  // 0x85
    {10, 1, 15, 8, 15, 2188},  // 0x86
    {10, 1, 15, 8, 15, 2203},  // 0x87
    {10, 1, 15, 8, 3, 2218},  // 0x88
    {26, 1, 14, 24, 14, 2221},  // 0x89
    {11, 1, 18, 9, 18, 2263},  // 0x8A
    {7, 1, 11, 6, 9, 2299},  // 0x8B
    {19, 1, 14, 17, 14, 2308},  // 0x8C
    {0, 0, 0, 0, 0, 0},  // 0x8D
    {12, 0, 18, 11, 18, 2350},  // 0x8E
    {0, 0, 0, 0, 0, 0},  // 0x8F
    {0, 0, 0, 0, 0, 0},  // 0x90
    {4, 0, 14, 4, 5, 2386},  // 0x91
    {4, 0, 14, 4, 5, 2391},  // 0x92
    {9, 0, 14, 9, 5, 2396},  // 0x93
    {9, 0, 14, 9, 5, 2406},  // 0x94
    {8, 1, 10, 6, 6, 2416},  // 0x95
    {10, 1, 7, 8, 2, 2422},  // 0x96
    {20, 1, 7, 18, 2, 2424},  // 0x97
    {10, 1, 15, 8, 3, 2430},  // 0x98
    {15, 0, 14, 14, 7, 2433},  // 0x99
    {10, 1, 15, 8, 15, 2447},  // 0x9A
    {7, 1, 11, 6, 9, 2462},  // 0x9B
    {20, 1, 11, 18, 11, 2471},  // 0x9C
    {0, 0, 0, 0, 0, 0},  // 0x9D
    {10, 1, 15, 8, 15, 2504},  // 0x9E
    {13, 0, 18, 13, 17, 2519},  // 0x9F
    {5, 0, 0, 0, 0, 2553},  // 0xA0
    {6, 1, 11, 4, 14, 2553},  // 0xA1
    {11, 1, 14, 9, 14, 2567},  // 0xA2
    {11, 1, 14, 10, 14, 2595},  // 0xA3
    {11, 1, 12, 9, 10, 2623},  // 0xA4
    {11, 0, 14, 11, 14, 2643},  // 0xA5
    {11, 4, 15, 3, 20, 2671},  // 0xA6
    {10, 1, 15, 8, 15, 2691},  // 0xA7
    {12, 2, 15, 8, 2, 2706},  // 0xA8
    {17, 1, 14, 15, 14, 2708},  // 0xA9
    {8, 1, 15, 6, 7, 2736},  // 0xAA
    {12, 1, 11, 11, 9, 2743},  // 0xAB
    {11, 1, 9, 10, 5, 2761},  // 0xAC
    {6, 1, 7, 5, 2, 2771},  // 0xAD
    {17, 1, 14, 15, 14, 2773},  // 0xAE
    {10, -1, 18, 10, 2, 2801},  // 0xAF
    {8, 1, 15, 7, 7, 2805},  // 0xB0
    {11, 1, 13, 10, 13, 2812},  // 0xB1
    {8, 0, 17, 7, 9, 2838},  // 0xB2
    {8, 1, 18, 6, 9, 2847},  // 0xB3
    {7, 1, 15, 6, 3, 2856},  // 0xB4
    {13, 1, 11, 11, 16, 2859},  // 0xB5
    {13, 1, 15, 10, 18, 2891},  // 0xB6
    {6, 1, 9, 4, 3, 2927},  // 0xB7
    {5, 0, 0, 5, 5, 2930},  // 0xB8
    {8, 1, 17, 5, 9, 2935},  // 0xB9
    {8, 1, 15, 6, 7, 2944},  // 0xBA
    {12, 1, 11, 11, 9, 2951},  // 0xBB
    {17, 0, 14, 16, 14, 2969},  // 0xBC
    {17, 0, 14, 17, 14, 2997},  // 0xBD
    {17, 1, 14, 16, 14, 3039},  // 0xBE
    {10, 0, 11, 9, 14, 3067},  // 0xBF
    {14, 0, 18, 14, 18, 3095},  // 0xC0
    {14, 0, 18, 14, 18, 3131},  // 0xC1
    {14, 0, 18, 14, 18, 3167},  // 0xC2
    {14, 0, 18, 14, 18, 3203},  // 0xC3
    {14, 0, 18, 14, 17, 3239},  // 0xC4
    {14, 0, 17, 14, 17, 3273},  // 0xC5
    {19, 0, 14, 18, 14, 3307},  // 0xC6
    {13, 1, 14, 11, 19, 3349},  // 0xC7
    {11, 2, 18, 8, 18, 3387},  // 0xC8
    {11, 2, 18, 8, 18, 3405},  // 0xC9
    {11, 2, 18, 8, 18, 3423},  // 0xCA
    {11, 2, 18, 8, 17, 3441},  // 0xCB
    {8, -1, 18, 7, 18, 3458},  // 0xCC
    {8, 1, 18, 7, 18, 3476},  // 0xCD
    {8, -1, 18, 8, 18, 3494},  // 0xCE
    {8, 0, 18, 8, 17, 3512},  // 0xCF
    {15, 0, 14, 14, 14, 3529},  // 0xD0
    {16, 2, 18, 12, 18, 3557},  // 0xD1
    {16, 1, 18, 14, 18, 3593},  // 0xD2
    {16, 1, 18, 14, 18, 3629},  // 0xD3
    {16, 1, 18, 14, 18, 3665},  // 0xD4
    {16, 1, 18, 14, 18, 3701},  // 0xD5
    {16, 1, 18, 14, 17, 3737},  // 0xD6
    {11, 1, 12, 9, 9, 3771},  // 0xD7
    {16, 1, 15, 14, 16, 3789},  // 0xD8
    {15, 2, 18, 11, 18, 3821},  // 0xD9
    {15, 2, 18, 11, 18, 3857},  // 0xDA
    {15, 2, 18, 11, 18, 3893},  // 0xDB
    {15, 2, 18, 11, 17, 3929},  // 0xDC
    {13, 0, 18, 13, 18, 3963},  // 0xDD
    {13, 2, 14, 10, 14, 3999},  // 0xDE
    {14, 1, 15, 12, 15, 4027},  // 0xDF
    {12, 1, 15, 10, 15, 4057},  // 0xE0
    {12, 1, 15, 10, 15, 4087},  // 0xE1
    {12, 1, 15, 10, 15, 4117},  // 0xE2
    {12, 1, 15, 10, 15, 4147},  // 0xE3
    {12, 1, 15, 10, 14, 4177},  // 0xE4
    {12, 1, 16, 10, 16, 4205},  // 0xE5
    {18, 1, 11, 16, 11, 4237},  // 0xE6
    {10, 1, 11, 9, 16, 4259},  // 0xE7
    {12, 1, 15, 10, 15, 4291},  // 0xE8
    {12, 1, 15, 10, 15, 4321},  // 0xE9
    {12, 1, 15, 10, 15, 4351},  // 0xEA
    {12, 1, 15, 10, 14, 4381},  // 0xEB
    {6, -1, 15, 6, 15, 4409},  // 0xEC
    {6, 1, 15, 7, 15, 4424},  // 0xED
    {6, -2, 15, 8, 15, 4439},  // 0xEE
    {6, -1, 15, 8, 14, 4454},  // 0xEF
    {13, 1, 16, 11, 16, 4468},  // 0xF0
    {13, 1, 15, 11, 15, 4500},  // 0xF1
    {13, 1, 15, 11, 15, 4530},  // 0xF2
    {13, 1, 15, 11, 15, 4560},  // 0xF3
    {13, 1, 15, 11, 15, 4590},  // 0xF4
    {13, 1, 15, 11, 15, 4620},  // 0xF5
    {13, 1, 15, 11, 14, 4650},  // 0xF6
    {11, 1, 12, 10, 10, 4678},  // 0xF7
    {12, 1, 12, 10, 12, 4698},  // 0xF8
    {13, 1, 15, 11, 15, 4722},  // 0xF9
    {13, 1, 15, 11, 15, 4752},  // 0xFA
    {13, 1, 15, 11, 15, 4782},  // 0xFB
    {13, 1, 15, 11, 14, 4812},  // 0xFC
    {11, 0, 15, 11, 20, 4840},  // 0xFD
    {13, 1, 15, 11, 20, 4880},  // 0xFE
    {11, 0, 15, 11, 19, 4920},  // 0xFF
};

const recipe_font_t RECIPE_FONTS[] = {
    {12, false, 13, 4, glyphs_regular_12, bits_regular_12},
    {13, false, 14, 4, glyphs_regular_13, bits_regular_13},
    {14, false, 15, 5, glyphs_regular_14, bits_regular_14},
    {15, false, 17, 5, glyphs_regular_15, bits_regular_15},
    {16, false, 18, 5, glyphs_regular_16, bits_regular_16},
    {19, false, 21, 6, glyphs_regular_19, bits_regular_19},
    {24, false, 26, 8, glyphs_regular_24, bits_regular_24},
    {30, false, 33, 9, glyphs_regular_30, bits_regular_30},
    {12, true, 13, 4, glyphs_bold_12, bits_bold_12},
    {20, true, 22, 6, glyphs_bold_20, bits_bold_20},
};
const int RECIPE_FONT_COUNT = 10;

// clang-format on
